English,French
a,a
abandon,abandonner
ability,capacité
able,capable
abolish,abolir
abortion,avortement
about,à propos de
about,à propos de
above,ci-dessus
above,ci-dessus
abroad,à l'étranger
absence,absence
absent,absents
absolute,absolu
absolutely,absolument
absorb,absorber
abstract,abstrait
absurd,absurde
abundance,l'abondance
abuse,abus
abuse,abus
academic,académique
academic,académique
academy,académie
accelerate,accélérer
accent,accent
accept,accepter
acceptable,acceptable
acceptance,acceptation
access,accès
access,accès
accessible,accessible
accident,accident
accidentally,accidentellement
accommodate,accueillir
accommodation,hébergement
accompany,accompagner
accomplish,accomplir
accomplishment,accomplissement
accordance,conformité
according to,selon
accordingly,en conséquence
account,compte
account,compte
accountability,responsabilité
accountable,responsable
accountant,comptable
accounting,comptabilité
accumulate,accumuler
accumulation,l'accumulation
accuracy,précision
accurate,précis
accurately,avec précision
accusation,accusation
accuse,accuser
accused,accusé
achieve,réaliser
achievement,réalisation
acid,acide
acid,acide
acknowledge,reconnaître
acquire,acquérir
acquisition,acquisition
acre,acre
across,à travers
across,à travers
act,acte
act,acte
action,action
activate,activer
activation,l'activation
active,actif
activist,militant
activity,activité
actor,acteur
actress,actrice
actual,réel
actually,en fait
acute,aiguës
ad,annonce
adapt,s'adapter
adaptation,adaptation
add,ajouter
addiction,dépendance
addition,addition
additional,supplémentaires
additionally,en plus
address,adresse
address,adresse
adequate,adéquat
adequately,de manière adéquate
adhere,adhérer
adjacent,adjacente
adjust,ajuster
adjustment,ajustement
administer,administrer
administration,l'administration
administrative,administratif
administrator,administrateur
admire,admirer
admission,admission
admit,admettre
adolescent,adolescent
adopt,adopter
adoption,adoption
adult,adulte
adult,adulte
advance,avancer
advance,avancer
advance,avancer
advanced,avancé
advantage,avantage
adventure,aventure
adverse,défavorable
advertise,annoncer
advertisement,publicité
advertising,publicité
advice,conseils
advise,conseiller
advocate,défenseur
advocate,défenseur
aesthetic,esthétique
affair,affaire
affect,affecter
affection,affection
afford,se permettre
affordable,abordable
afraid,effrayé
after,après
after,après
after,après
aftermath,suites
afternoon,après-midi
afterwards,après
again,à nouveau
against,contre
age,âge
age,âge
aged,vieillie
agency,agence
agenda,l'ordre du jour
agent,agent
aggression,l'agression
aggressive,agressif
ago,il y a
agree,accepter
agreement,accord
agricultural,agricole
agriculture,l'agriculture
ah,ah
ahead,à l'avance
aid,l'aide
aid,l'aide
aide,aide
AIDS,SIDA
aim,objectif
aim,objectif
air,l'air
aircraft,avion
airline,compagnie aérienne
airport,aéroport
alarm,alarme
alarm,alarme
albeit,bien que
album,album
alcohol,l'alcool
alcoholic,alcoolique
alert,alerte
alert,alerte
alert,alerte
alien,étranger
alien,étranger
align,aligner
alignment,alignement
alike,semblables
alike,semblables
alive,vivant
all,tous
all,tous
all,tous
all right,très bien
all right,très bien
all right,très bien
allegation,allégation
allege,alléguer
allegedly,prétendument
alliance,alliance
allocate,allouer
allocation,l'allocation
allow,permettre
allowance,allocation
ally,allié
almost,presque
alone,seul
alone,seul
along,le long de
along,le long de
alongside,à côté
already,déjà
also,également
alter,modifier
alternative,alternative
alternative,alternative
although,bien que
altogether,au total
aluminium,aluminium
always,toujours
amateur,amateur
amateur,amateur
amazed,stupéfait
amazing,étonnant
ambassador,ambassadeur
ambition,ambition
ambitious,ambitieux
ambulance,ambulance
amend,modifier
amendment,amendement
amid,au milieu
among,parmi
amount,montant
amount,montant
amusing,amusant
analogy,analogie
analyse,analyser
analysis,l'analyse
analyst,analyste
ancestor,ancêtre
anchor,ancre
ancient,ancien
and,et
angel,ange
anger,colère
angle,angle
angrily,avec colère
angry,en colère
animal,animal
animation,animation
ankle,cheville
anniversary,anniversaire
announce,annoncer
announcement,annonce
annoy,ennuyer
annoyed,ennuyé
annoying,ennuyeux
annual,annuel
annually,annuellement
anonymous,anonyme
another,autre
another,autre
answer,répondre
answer,répondre
anticipate,anticiper
anxiety,l'anxiété
anxious,anxieux
any,tous
any,tous
any,tous
any more,Plus d'informations
anybody,personne
anyone,n'importe qui
anything,n'importe quoi
anyway,Quoi qu'il en soit
anywhere,n'importe où
anywhere,n'importe où
apart,à part
apartment,appartement
apologize,s'excuser
apology,excuses
app,application
apparatus,appareil
apparent,apparente
apparently,apparemment
appeal,appel
appeal,appel
appealing,attrayante
appear,apparaître
appearance,apparence
appetite,l'appétit
applaud,applaudir
apple,pomme
applicable,applicable
applicant,demandeur
application,application
apply,appliquer
appoint,nommer
appointment,rendez-vous
appreciate,apprécier
appreciation,appréciation
approach,approche
approach,approche
appropriate,approprié
appropriately,de manière appropriée
approval,approbation
approve,approuver
approximately,approximativement
April,Avril
arbitrary,arbitraire
architect,architecte
architectural,architectural
architecture,l'architecture
archive,archives
area,zone
arena,arène
arguably,sans doute
argue,argumenter
argument,argument
arise,naître
arm,bras
arm,bras
armed,armé
arms,bras
army,armée
around,autour de
around,autour de
arrange,arranger
arrangement,arrangement
array,réseau
arrest,arrestation
arrest,arrestation
arrival,arrivée
arrive,arriver
arrow,flèche
art,l'art
article,article
articulate,articuler
artificial,artificiel
artist,artiste
artistic,artistique
artwork,œuvre d'art
as,comme
as,comme
as,comme
ash,cendre
ashamed,honteux
aside,à part
ask,demander
asleep,endormi
aspect,aspect
aspiration,aspiration
aspire,aspirer
assassination,assassinat
assault,agression
assault,agression
assemble,assembler
assembly,assemblée
assert,affirmer
assertion,affirmation
assess,évaluer
assessment,évaluation
asset,actif
assign,attribuer
assignment,affectation
assist,aider
assistance,l'assistance
assistant,assistant
assistant,assistant
associate,associer
associated,associé
association,association
assume,assumer
assumption,hypothèse
assurance,assurance
assure,assurer
astonishing,étonnant
asylum,asile
at,à
athlete,athlète
atmosphere,atmosphère
atrocity,atrocité
attach,attacher
attachment,attachement
attack,attaque
attack,attaque
attain,atteindre
attempt,tentative
attempt,tentative
attend,assister
attendance,présence
attention,attention
attention,attention
attitude,attitude
attorney,avocat
attract,attirer
attraction,attraction
attractive,attractif
attribute,attribut
attribute,attribut
auction,vente aux enchères
audience,public
audio,audio
audit,audit
August,Août
aunt,tante
authentic,authentique
author,auteur
authority,l'autorité
authorize,autoriser
auto,automobile
automatic,automatique
automatically,automatiquement
autonomy,l'autonomie
autumn,automne
availability,disponibilité
available,disponible
average,moyenne
average,moyenne
average,moyenne
avoid,éviter
await,attendre
award,prix
award,prix
aware,conscient
awareness,sensibilisation
away,à l'extérieur
awful,terrible
awkward,maladroit
baby,bébé
back,retour
back,retour
back,retour
back,retour
backdrop,toile de fond
background,arrière-plan
backing,soutien
backup,sauvegarde
backwards,à l'envers
bacteria,bactéries
bad,mauvais
badge,badge
badly,mal
bag,sac
bail,caution
bake,cuisson
balance,équilibre
balance,équilibre
balanced,équilibré
ball,balle
ballet,ballet
balloon,ballon
ballot,bulletin de vote
ban,interdiction
ban,interdiction
banana,banane
band,groupe
bank,banque
banner,bannière
bar,bar
bar,bar
bare,nu
barely,à peine
bargain,marchandage
barrel,tonneau
barrier,barrière
base,base
base,base
baseball,baseball
based,basé
basement,sous-sol
basic,de base
basically,fondamentalement
basis,base
basket,panier
basketball,basket-ball
bass,basse
bat,chauve-souris
bat,chauve-souris
bath,bain
bathroom,salle de bain
battery,batterie
battle,bataille
battle,bataille
battlefield,champ de bataille
bay,baie
be,être
be,être
beach,plage
beam,faisceau
bean,haricot
bear,ours
bear,ours
beast,bête
beat,battre
beat,battre
beautiful,belle
beauty,beauté
because,parce que
become,devenir
bed,lit
bedroom,chambre à coucher
bee,abeille
beef,bœuf
beer,bière
before,avant
before,avant
before,avant
beg,supplier
begin,commencer
beginning,début
behalf,Nom
behave,se comporter
behaviour,comportement
behind,derrière
behind,derrière
being,être
belief,croyance
believe,croire
bell,cloche
belong,appartenir
beloved,bien-aimés
below,ci-dessous
below,ci-dessous
belt,ceinture
bench,banc
benchmark,repère
bend,coude
bend,coude
beneath,sous
beneficial,bénéfique
beneficiary,bénéficiaire
benefit,avantage
benefit,avantage
bent,plié
beside,à côté
besides,d'ailleurs
besides,d'ailleurs
best,meilleur
best,meilleur
best,meilleur
bet,miser
bet,miser
betray,trahir
better,meilleur
better,meilleur
better,meilleur
between,entre
between,entre
beyond,au-delà
beyond,au-delà
bias,biais
bicycle,bicyclette
bid,offre
bid,offre
big,grand
bike,vélo
bill,facture
bill,facture
billion,milliard
bin,poubelle
bind,lier
biography,biographie
biological,biologique
biology,biologie
bird,oiseau
birth,naissance
birthday,anniversaire
biscuit,biscuit
bishop,évêque
bit,mors
bite,morsure
bite,morsure
bitter,amer
bizarre,étrange
black,noir
black,noir
blade,lame
blame,blâme
blame,blâme
blank,vierge
blank,vierge
blanket,couverture
blast,explosion
blast,explosion
bleed,saigner
blend,mélange
blend,mélange
bless,bénir
blessing,bénédiction
blind,aveugle
block,bloc
block,bloc
blog,blog
blonde,blonde
blood,sang
blow,souffler
blow,souffler
blue,bleu
blue,bleu
board,conseil
board,conseil
boast,se vanter
boat,bateau
body,corps
boil,bouillir
bold,audacieux
bomb,bombe
bomb,bombe
bombing,bombardement
bond,lien
bone,os
bonus,bonus
book,livre
book,livre
booking,réservation
boom,perche
boost,stimuler
boost,stimuler
boot,botte
border,frontière
border,frontière
bored,s'ennuyer
boring,ennuyeux
born,nés
borrow,emprunter
boss,patron
both,les deux
both,les deux
bother,ennuyer
bottle,bouteille
bottom,fond
bottom,fond
bounce,rebondir
bound,lié
boundary,frontière
bow,arc
bow,arc
bowl,cuvette
box,boîte
boy,garçon
boyfriend,petit ami
brain,cerveau
branch,branche
brand,marque
brand,marque
brave,courageux
breach,brèche
breach,brèche
bread,pain
break,pause
break,pause
breakdown,répartition
breakfast,petit déjeuner
breakthrough,percée
breast,sein
breath,souffle
breathe,respirer
breathing,la respiration
breed,race
breed,race
brick,brique
bride,mariée
bridge,pont
brief,bref
briefly,brièvement
bright,lumineux
brilliant,brillant
bring,apporter
broad,large
broadband,haut débit
broadcast,diffusion
broadcast,diffusion
broadcaster,diffuseur
broadly,largement
broken,cassé
brother,frère
brown,marron
brown,marron
browser,navigateur
brush,brosse
brush,brosse
brutal,brutal
bubble,bulle
buck,mâle
buddy,copain
budget,budget
buffer,tampon
bug,insecte
build,construire
building,bâtiment
bulk,en vrac
bullet,balle
bunch,grappe
burden,charge
bureaucracy,bureaucratie
burial,enterrement
burn,brûler
burn,brûler
burst,éclatement
bury,enterrer
bus,bus
bush,buisson
business,entreprise
businessman,homme d'affaires
busy,occupé
but,mais
but,mais
butter,beurre
button,bouton
buy,acheter
by,par
by,par
bye,au revoir
cabin,cabine
cabinet,armoire
cable,câble
cafe,café
cake,gâteau
calculate,calculer
calculation,calcul
call,appel
call,appel
calm,calme
calm,calme
calm,calme
camera,caméra
camp,camp
camp,camp
campaign,campagne
campaign,campagne
camping,camping
campus,campus
can,peut
can,peut
canal,canal
cancel,annuler
cancer,cancer
candidate,candidat
candle,bougie
cannot,ne peut pas
canvas,toile
cap,capuchon
capability,capacité
capable,capable
capacity,capacité
capital,capital
capital,capital
capitalism,capitalisme
capitalist,capitaliste
captain,capitaine
capture,capturer
capture,capturer
car,voiture
carbon,carbone
card,carte
care,soins
care,soins
career,carrière
careful,prudent
carefully,avec soin
careless,insouciant
cargo,cargaison
carpet,tapis
carriage,transport
carrot,carotte
carry,transporter
cartoon,dessin animé
carve,sculpter
case,cas
cash,argent liquide
casino,casino
cast,moulage
cast,moulage
castle,château
casual,décontracté
casualty,victime
cat,chat
catalogue,catalogue
catch,attraper
catch,attraper
category,catégorie
cater,théâtre
cattle,bétail
cause,cause
cause,cause
caution,prudence
cautious,prudent
cave,grotte
CD,CD
cease,cesser
ceiling,plafond
celebrate,célébrer
celebration,célébration
celebrity,célébrité
cell,cellule
cemetery,cimetière
cent,cent
central,central
centre,centre
centre,centre
century,siècle
ceremony,cérémonie
certain,certain
certainly,certainement
certainty,certitude
certificate,certificat
chain,chaîne
chain,chaîne
chair,chaise
chair,chaise
chairman,président
challenge,défi
challenge,défi
challenging,stimulant
chamber,chambre
champion,champion
championship,championnat
chance,chance
change,changer
change,changer
channel,canal
chaos,chaos
chapter,chapitre
character,caractère
characteristic,caractéristique
characteristic,caractéristique
characterize,caractériser
charge,charge
charge,charge
charity,charité
charm,charme
charming,charmant
chart,tableau
chart,tableau
charter,charte
chase,poursuite
chase,poursuite
chat,chat
chat,chat
cheap,bon marché
cheap,bon marché
cheat,tricheur
cheat,tricheur
check,vérifier
check,vérifier
cheek,joue
cheer,encourager
cheer,encourager
cheerful,joyeux
cheese,fromage
chef,chef
chemical,chimique
chemical,chimique
chemistry,chimie
chest,poitrine
chicken,poulet
chief,chef
chief,chef
child,enfant
childhood,l'enfance
chip,puce
chocolate,chocolat
choice,choix
choir,chorale
choose,choisir
chop,coupe
chronic,chronique
chunk,morceau
church,église
cigarette,cigarette
cinema,cinéma
circle,cercle
circle,cercle
circuit,circuit
circulate,faire circuler
circulation,circulation
circumstance,circonstance
cite,citer
citizen,citoyen
citizenship,la citoyenneté
city,ville
civic,civique
civil,civile
civilian,civile
civilian,civile
civilization,civilisation
claim,réclamer
claim,réclamer
clarify,clarifier
clarity,clarté
clash,choc
class,classe
classic,classique
classic,classique
classical,classique
classification,classification
classify,classer
classroom,salle de classe
clause,clause
clean,propre
clean,propre
cleaning,nettoyage
clear,clair
clear,clair
clearly,clairement
clerk,greffier
clever,astucieux
click,cliquer
click,cliquer
client,client
cliff,falaise
climate,le climat
climb,grimper
climb,grimper
cling,s'accrocher
clinic,clinique
clinical,clinique
clip,clip
clock,horloge
close,fermer
close,fermer
close,fermer
close,fermer
closed,fermé
closely,étroitement
closure,fermeture
cloth,tissu
clothes,vêtements
clothing,vêtements
cloud,nuage
club,club
clue,indice
cluster,groupe
coach,entraîneur
coach,entraîneur
coal,charbon
coalition,coalition
coast,côte
coastal,côtière
coat,manteau
cocktail,cocktail
code,code
coffee,café
cognitive,cognitif
coin,pièce de monnaie
coincide,coïncider
coincidence,coïncidence
cold,froid
cold,froid
collaborate,collaborer
collaboration,collaboration
collapse,effondrement
collapse,effondrement
colleague,collègue
collect,collecter
collection,collection
collective,collectif
collector,collecteur
college,collège
collision,collision
colonial,colonial
colony,colonie
colour,couleur
coloured,coloré
colourful,coloré
column,colonne
columnist,chroniqueur
combat,combat
combat,combat
combination,combinaison
combine,combiner
come,venir
comedy,comédie
comfort,le confort
comfort,le confort
comfortable,confortable
comic,comique
comic,comique
command,commande
command,commande
commander,commandant
commence,commencer
comment,commentaire
comment,commentaire
commentary,commentaire
commentator,commentateur
commerce,commerce
commercial,commercial
commercial,commercial
commission,Commission
commission,Commission
commissioner,commissaire
commit,s'engager
commitment,engagement
committee,commission
commodity,produit de base
common,commun
commonly,communément
communicate,communiquer
communication,communication
communist,communiste
community,communauté
companion,compagnon
company,entreprise
comparable,comparable
comparative,comparatif
compare,comparer
comparison,comparaison
compassion,la compassion
compel,contraindre
compelling,contraignant
compensate,compenser
compensation,compensation
compete,concourir
competence,compétence
competent,compétent
competition,concurrence
competitive,compétitif
competitor,concurrent
compile,compiler
complain,se plaindre
complaint,plainte
complement,compléter
complete,complet
complete,complet
completely,complètement
completion,achèvement
complex,complexe
complex,complexe
complexity,la complexité
compliance,conformité
complicated,compliqué
complication,complication
comply,se conformer
component,composante
compose,composer
composer,compositeur
composition,composition
compound,composé
comprehensive,complet
comprise,comprendre
compromise,compromis
compromise,compromis
compulsory,obligatoire
compute,calculer
computer,ordinateur
conceal,dissimuler
concede,concéder
conceive,concevoir
concentrate,se concentrer
concentration,concentration
concept,concept
conception,conception
concern,préoccupation
concern,préoccupation
concerned,concernés
concert,concert
concession,concession
conclude,conclure
conclusion,conclusion
concrete,béton
concrete,béton
condemn,condamner
condition,condition
conduct,conduite
conduct,conduite
confer,conférer
conference,conférence
confess,avouer
confession,confession
confidence,confiance
confident,confiant
configuration,configuration
confine,enfermer
confirm,confirmer
confirmation,confirmation
conflict,conflit
conflict,conflit
confront,confronter
confrontation,confrontation
confuse,confondre
confused,confus
confusing,déroutant
confusion,confusion
congratulate,féliciter
congregation,congrégation
congressional,Congrès
connect,relier
connected,connecté
connection,connexion
conquer,conquérir
conscience,conscience
conscious,conscient
consciousness,la conscience
consecutive,consécutifs
consensus,consensus
consent,consentement
consent,consentement
consequence,conséquence
consequently,en conséquence
conservation,conservation
conservative,conservateur
conservative,conservateur
conserve,conserver
consider,considérer
considerable,considérable
considerably,considérablement
consideration,considération
consist,consister
consistency,cohérence
consistent,cohérent
consistently,de manière cohérente
consolidate,consolider
conspiracy,complot
constant,constant
constantly,en permanence
constituency,circonscription
constitute,constituer
constitution,constitution
constitutional,constitutionnel
constraint,contrainte
construct,construire
construction,construction
consult,consulter
consultant,consultant
consultation,consultation
consume,consommer
consumer,consommateur
consumption,la consommation
contact,contact
contact,contact
contain,contenir
container,conteneur
contemplate,contempler
contemporary,contemporain
contempt,mépris
contend,soutenir
contender,concurrent
content,contenu
content,contenu
contention,contention
contest,concours
contest,concours
context,contexte
continent,continent
continually,continuellement
continue,continuer
continuous,continu
contract,contrat
contract,contrat
contractor,entrepreneur
contradiction,contradiction
contrary,contraire
contrary,contraire
contrast,contraste
contrast,contraste
contribute,contribuer
contribution,contribution
contributor,contributeur
control,contrôle
control,contrôle
controversial,controversé
controversy,controverse
convenience,commodité
convenient,pratique
convention,convention
conventional,conventionnel
conversation,conversation
conversion,conversion
convert,convertir
convey,transmettre
convict,condamné
conviction,condamnation
convince,convaincre
convinced,convaincu
convincing,convaincant
cook,cuisiner
cook,cuisiner
cooker,cuisinière
cooking,cuisine
cool,cool
cool,cool
cooperate,coopérer
cooperative,coopérative
coordinate,coordonner
coordination,coordination
coordinator,coordinateur
cop,flic
cope,faire face
copper,cuivre
copy,copie
copy,copie
copyright,droit d'auteur
core,noyau
core,noyau
corner,coin
corporate,d'entreprise
corporation,société
correct,correctes
correct,correctes
correction,correction
correctly,correctement
correlate,corréler
correlation,corrélation
correspond,correspondre
correspondence,correspondance
correspondent,correspondant
corresponding,correspondant
corridor,couloir
corrupt,corrompu
corruption,corruption
cost,coût
cost,coût
costly,coûteux
costume,costume
cottage,chalet
cotton,coton
could,pourrait
council,conseil
councillor,conseiller
counselling,conseil
counsellor,conseiller
count,compter
count,compter
counter,compteur
counter,compteur
counterpart,contrepartie
countless,innombrables
country,pays
countryside,campagne
county,comté
coup,coup d'État
couple,couple
courage,courage
course,cours
court,tribunal
courtesy,courtoisie
cousin,cousin
cover,couverture
cover,couverture
coverage,couverture
covered,couvert
cow,vache
crack,fissure
crack,fissure
craft,artisanat
craft,artisanat
crash,accident
crash,accident
crawl,ramper
crazy,fou
cream,crème
cream,crème
create,créer
creation,création
creative,créatif
creativity,la créativité
creator,créateur
creature,créature
credibility,crédibilité
credible,crédible
credit,crédit
credit,crédit
creep,reptation
crew,équipage
crime,crime
criminal,criminel
criminal,criminel
crisis,crise
criterion,critère
critic,critique
critical,critique
critically,d'un point de vue critique
criticism,critique
criticize,critiquer
critique,critique
crop,culture
cross,croiser
cross,croiser
crowd,foule
crowded,bondé
crown,couronne
crucial,cruciale
crude,brut
cruel,cruel
cruise,croisière
cruise,croisière
crush,béguin
cry,pleurer
cry,pleurer
crystal,cristal
cue,repère
cult,culte
cult,culte
cultivate,cultiver
cultural,culturel
culture,culture
cup,tasse
cupboard,armoire
cure,guérir
cure,guérir
curiosity,curiosité
curious,curieux
curly,frisé
currency,monnaie
current,actuel
current,actuel
currently,actuellement
curriculum,programme d'études
curtain,rideau
curve,courbe
curve,courbe
curved,courbé
custody,garde
custom,sur mesure
customer,client
cut,couper
cut,couper
cute,mignon
cutting,découpage
cycle,cycle
cycle,cycle
cynical,cynique
dad,papa
daily,quotidien
daily,quotidien
dairy,laitier
dairy,laitier
dam,barrage
damage,dommages
damage,dommages
damaging,préjudiciable
dance,danse
dance,danse
dancer,danseur
dancing,la danse
danger,danger
dangerous,dangereux
dare,oser
dark,sombre
dark,sombre
darkness,obscurité
data,données
database,base de données
date,date
date,date
daughter,fille
dawn,aube
day,jour
dead,morts
deadline,délai
deadly,mortel
deal,accord
deal,accord
dealer,concessionnaire
dear,cher
dear,cher
death,la mort
debate,débat
debate,débat
debris,débris
debt,dette
debut,début
decade,décennie
December,Décembre
decent,décent
decide,décider
decision,décision
decision-making,la prise de décision
decisive,décisif
deck,pont
declaration,déclaration
declare,déclarer
decline,déclin
decline,déclin
decorate,décorer
decoration,décoration
decrease,diminuer
decrease,diminuer
dedicated,dédié
dedication,dévouement
deed,acte
deem,estimer
deep,profond
deep,profond
deeply,profondément
default,par défaut
defeat,défaite
defeat,défaite
defect,défaut
defence,défense
defend,défendre
defender,défenseur
defensive,défensif
deficiency,déficience
deficit,déficit
define,définir
definite,définitif
definitely,définitivement
definition,définition
defy,défier
degree,degré
delay,délai
delay,délai
delegate,délégué
delegation,délégation
delete,supprimer
deliberate,délibéré
deliberately,délibérément
delicate,délicate
delicious,délicieux
delight,plaisir
delight,plaisir
delighted,ravie
deliver,livrer
delivery,livraison
demand,demande
demand,demande
democracy,la démocratie
democratic,démocratique
demon,démon
demonstrate,démontrer
demonstration,démonstration
denial,refus
denounce,dénoncer
dense,dense
density,densité
dentist,dentiste
deny,refuser
depart,Départ
department,département
departure,départ
depend,dépendre
dependence,dépendance
dependent,dépendante
depict,représenter
deploy,déployer
deployment,déploiement
deposit,dépôt
deposit,dépôt
depressed,déprimé
depressing,déprimant
depression,dépression
deprive,priver
depth,profondeur
deputy,député
derive,dériver
descend,descendre
descent,descente
describe,décrire
description,description
desert,désert
desert,désert
deserve,mériter
design,conception
design,conception
designate,désigner
designer,concepteur
desirable,souhaitable
desire,désir
desire,désir
desk,bureau
desktop,bureau
desperate,désespéré
desperately,désespérément
despite,malgré
destination,destination
destroy,détruire
destruction,destruction
destructive,destructeur
detail,détail
detail,détail
detailed,détaillée
detain,détenir
detect,détecter
detection,détection
detective,détective
detention,détention
deteriorate,se détériorer
determination,détermination
determine,déterminer
determined,déterminés
devastate,dévaster
develop,développer
development,développement
device,dispositif
devil,diable
devise,concevoir
devote,consacrer
diagnose,diagnostiquer
diagnosis,diagnostic
diagram,diagramme
dialogue,dialogue
diamond,diamant
diary,journal
dictate,dicter
dictator,dictateur
dictionary,dictionnaire
die,mourir
diet,régime
differ,diffèrent
difference,différence
different,différents
differentiate,différencier
differently,différemment
difficult,difficile
difficulty,difficulté
dig,creuser
digital,numérique
dignity,dignité
dilemma,dilemme
dimension,dimension
diminish,diminuer
dinner,dîner
dip,trempette
diplomat,diplomate
diplomatic,diplomatique
direct,direct
direct,direct
direct,direct
direction,direction
directly,directement
director,directeur
directory,répertoire
dirt,saleté
dirty,sale
disability,le handicap
disabled,handicapé
disadvantage,désavantage
disagree,pas d'accord
disagreement,désaccord
disappear,disparaître
disappoint,décevoir
disappointed,déçus
disappointing,décevant
disappointment,déception
disaster,catastrophe
disastrous,désastreux
disc,disque
discard,écarter
discharge,décharge
discipline,discipline
disclose,divulguer
disclosure,divulgation
discount,réduction
discount,réduction
discourage,décourager
discourse,discours
discover,découvrir
discovery,découverte
discretion,discrétion
discrimination,discrimination
discuss,discuter
discussion,discussion
disease,maladie
dish,plat
dishonest,malhonnête
disk,disque
dislike,aversion
dislike,aversion
dismiss,licencier
dismissal,licenciement
disorder,désordre
displace,déplacer
display,affichage
display,affichage
disposal,élimination
dispose,disposer
dispute,litige
dispute,litige
disrupt,perturber
disruption,perturbation
dissolve,dissoudre
distance,distance
distant,éloigné
distinct,distincts
distinction,distinction
distinctive,distinctif
distinguish,distinguer
distort,déformer
distract,distraire
distress,détresse
distress,détresse
distribute,distribuer
distribution,distribution
district,district
disturb,perturber
disturbing,inquiétant
dive,plonger
dive,plonger
diverse,diversifié
diversity,la diversité
divert,détourner
divide,diviser
divide,diviser
divine,divin
division,division
divorce,divorce
divorce,divorce
divorced,divorcé
do,faire
do,faire
doctor,médecin
doctrine,doctrine
document,document
document,document
documentary,documentaire
documentation,la documentation
dog,chien
dollar,dollar
domain,domaine
domestic,domestique
dominance,domination
dominant,dominante
dominate,dominer
donate,donner
donation,don
donor,donateur
door,porte
dose,dose
dot,point
double,double
double,double
double,double
double,double
double,double
doubt,doute
doubt,doute
down,vers le bas
down,vers le bas
download,télécharger
download,télécharger
downstairs,en bas
downstairs,en bas
downtown,centre-ville
downtown,centre-ville
downtown,centre-ville
downwards,vers le bas
dozen,douzaine
dozen,douzaine
draft,projet
draft,projet
drag,traîner
drain,drain
drama,drame
dramatic,dramatique
dramatically,de façon spectaculaire
draw,tirage au sort
drawing,dessin
dream,rêve
dream,rêve
dress,robe
dress,robe
dressed,habillé
drift,dérive
drink,boire
drink,boire
drive,conduire
drive,conduire
driver,conducteur
driving,conduite
driving,conduite
drop,chute
drop,chute
drought,sécheresse
drown,se noyer
drug,drogue
drum,tambour
drunk,ivre
dry,sec
dry,sec
dual,double
dub,dub
due,due
dull,terne
dumb,muet
dump,décharge
duo,duo
duration,durée
during,pendant
dust,poussière
duty,devoir
DVD,DVD
dynamic,dynamique
dynamic,dynamique
each,chacun
each,chacun
each,chacun
eager,impatient
ear,oreille
early,précoce
early,précoce
earn,gagner
earnings,revenus
earth,terre
earthquake,tremblement de terre
ease,faciliter
ease,faciliter
easily,facilement
east,à l'est
east,à l'est
east,à l'est
eastern,de l'Est
easy,facile
eat,manger
echo,écho
echo,écho
ecological,écologique
economic,économique
economics,économie
economist,économiste
economy,économie
edge,bord
edit,éditer
edition,édition
editor,éditeur
editorial,éditorial
educate,éduquer
educated,éduqués
education,l'éducation
educational,éducatif
educator,éducateur
effect,effet
effective,efficace
effectively,efficacement
effectiveness,l'efficacité
efficiency,l'efficacité
efficient,efficace
efficiently,efficacement
effort,effort
egg,œuf
ego,ego
eight,huit
eighteen,dix-huit
eighty,quatre-vingts
either,soit
either,soit
either,soit
elaborate,élaborer
elbow,coude
elderly,personnes âgées
elect,élire
election,élection
electoral,électoral
electric,électrique
electrical,électrique
electricity,électricité
electronic,électronique
electronics,électronique
elegant,élégant
element,élément
elementary,élémentaire
elephant,éléphant
elevate,élever
eleven,onze
eligible,éligibles
eliminate,éliminer
elite,élite
else,autre
elsewhere,ailleurs
email,courriel
email,courriel
embark,embarquer
embarrassed,embarrassé
embarrassing,embarrassant
embarrassment,embarras
embassy,ambassade
embed,embarquer
embody,incarner
embrace,étreinte
emerge,émerger
emergence,l'émergence
emergency,d'urgence
emission,émission
emotion,émotion
emotional,émotionnel
emotionally,sur le plan émotionnel
emphasis,l'accent
emphasize,souligner
empire,empire
empirical,empirique
employ,employer
employee,employé
employer,employeur
employment,l'emploi
empower,responsabiliser
empty,vide
empty,vide
enable,permettre
enact,promulguer
encompass,englober
encounter,rencontre
encounter,rencontre
encourage,encourager
encouragement,encouragement
encouraging,encourageant
end,fin
end,fin
endeavour,effort
ending,fin
endless,sans fin
endorse,approuver
endorsement,approbation
endure,endurer
enemy,ennemi
energy,l'énergie
enforce,faire respecter
enforcement,l'application
engage,s'engager
engaged,engagé
engagement,engagement
engaging,engageant
engine,moteur
engineer,ingénieur
engineering,ingénierie
enhance,améliorer
enjoy,jouir
enjoyable,agréable
enormous,énorme
enough,assez
enough,assez
enough,assez
enquire,se renseigner
enquiry,demande de renseignements
enrich,enrichir
enrol,s'inscrire
ensue,poursuivre
ensure,garantir
enter,entrer
enterprise,entreprise
entertain,divertir
entertaining,divertissant
entertainment,divertissement
enthusiasm,l'enthousiasme
enthusiast,enthousiaste
enthusiastic,enthousiaste
entire,entière
entirely,entièrement
entitle,intituler
entity,entité
entrance,entrée
entrepreneur,entrepreneur
entry,entrée
envelope,enveloppe
environment,l'environnement
environmental,l'environnement
epidemic,épidémie
episode,épisode
equal,égal
equal,égal
equal,égal
equality,l'égalité
equally,également
equation,équation
equip,équiper
equipment,équipement
equivalent,équivalent
equivalent,équivalent
era,époque
erect,ériger
error,erreur
erupt,éclater
escalate,s'intensifier
escape,s'échapper
escape,s'échapper
especially,en particulier
essay,essai
essence,essence
essential,essentiel
essentially,essentiellement
establish,établir
establishment,établissement
estate,domaine
estimate,estimer
estimate,estimer
eternal,éternel
ethic,éthique
ethical,éthique
ethnic,ethnique
euro,euro
evacuate,évacuer
evaluate,évaluer
evaluation,l'évaluation
even,même
even,même
evening,soirée
event,événement
eventually,éventuellement
ever,toujours
every,tous
everybody,tout le monde
everyday,tous les jours
everyone,tout le monde
everything,tout
everywhere,partout
evidence,preuve
evident,évidentes
evil,maléfique
evil,maléfique
evoke,évoquer
evolution,l'évolution
evolutionary,évolutif
evolve,évoluer
exact,exactes
exactly,exactement
exaggerate,exagérer
exam,examen
examination,examen
examine,examiner
example,exemple
exceed,dépasser
excellence,l'excellence
excellent,excellent
except,sauf
except,sauf
exception,exception
exceptional,exceptionnel
excess,excès
excess,excès
excessive,excessif
exchange,échange
exchange,échange
excited,enthousiaste
excitement,excitation
exciting,passionnant
exclude,exclure
exclusion,l'exclusion
exclusive,exclusif
exclusively,exclusivement
excuse,excuse
excuse,excuse
execute,exécuter
execution,exécution
executive,exécutif
executive,exécutif
exercise,exercice
exercise,exercice
exert,exercer
exhibit,exposition
exhibit,exposition
exhibition,exposition
exile,exil
exist,existent
existence,l'existence
exit,sortie
exit,sortie
exotic,exotique
expand,élargir
expansion,l'expansion
expect,s'attendre à
expectation,attente
expected,attendue
expedition,expédition
expenditure,dépenses
expense,dépenses
expensive,coûteux
experience,expérience
experience,expérience
experienced,expérimenté
experiment,expérience
experiment,expérience
experimental,expérimental
expert,expert
expert,expert
expertise,expertise
expire,expirer
explain,expliquer
explanation,explication
explicit,explicite
explicitly,explicitement
explode,exploser
exploit,exploit
exploitation,l'exploitation
exploration,exploration
explore,explorer
explosion,explosion
explosive,explosif
explosive,explosif
export,l'exportation
export,l'exportation
expose,exposer
exposure,exposition
express,express
expression,expression
extend,étendre
extension,extension
extensive,étendu
extensively,largement
extent,étendue
external,externe
extra,supplémentaire
extra,supplémentaire
extra,supplémentaire
extract,extraire
extract,extraire
extraordinary,extraordinaire
extreme,extrêmes
extreme,extrêmes
extremely,extrêmement
extremist,extrémiste
eye,œil
fabric,tissu
fabulous,fabuleux
face,visage
face,visage
facilitate,faciliter
facility,installation
fact,fait
faction,faction
factor,facteur
factory,usine
faculty,faculté
fade,s'estomper
fail,échouer
failed,échoué
failure,défaillance
fair,équitable
fairly,équitablement
fairness,équité
faith,foi
fake,faux
fall,chute
fall,chute
false,faux
fame,notoriété
familiar,familier
family,famille
family,famille
famous,célèbre
fan,ventilateur
fancy,fantaisie
fancy,fantaisie
fantastic,fantastique
fantasy,fantaisie
far,loin
far,loin
fare,tarif
farm,ferme
farm,ferme
farmer,agriculteur
farming,l'agriculture
fascinating,fascinant
fashion,la mode
fashionable,à la mode
fast,rapide
fast,rapide
fasten,fixer
fat,gras
fat,gras
fatal,mortel
fate,destin
father,père
fault,faute
favour,favoriser
favour,favoriser
favourable,favorable
favourite,favori
favourite,favori
fear,peur
fear,peur
feat,exploit
feather,plume
feature,caractéristique
feature,caractéristique
February,Février
federal,fédéral
fee,taxe
feed,alimentation
feed,alimentation
feedback,retour d'information
feeding,l'alimentation
feel,sentir
feel,sentir
feeling,sentiment
fellow,camarade
female,femelle
female,femelle
feminist,féministe
feminist,féministe
fence,clôture
festival,festival
fever,fièvre
few,peu
few,peu
few,peu
fibre,fibre
fiction,fiction
field,champ
fierce,féroce
fifteen,quinze
fifth,cinquième
fifty,cinquante
fight,combattre
fight,combattre
fighting,lutte
figure,chiffre
figure,chiffre
file,fichier
file,fichier
fill,remplir
film,film
film,film
film-maker,cinéaste
filter,filtre
filter,filtre
final,final
final,final
finally,enfin
finance,financer
finance,financer
financial,financière
find,trouver
finding,constatation
fine,amende
fine,amende
fine,amende
finger,doigt
finish,finir
finish,finir
fire,incendie
fire,incendie
firearm,arme à feu
firefighter,pompier
firework,feu d'artifice
firm,ferme
firm,ferme
firmly,fermement
first,premier
first,premier
first,premier
first,premier
firstly,tout d'abord
fish,poisson
fish,poisson
fishing,pêche
fit,s'adapter
fit,s'adapter
fit,s'adapter
fitness,la remise en forme
five,cinq
fix,fixer
fix,fixer
fixed,fixe
fixture,fixation
flag,drapeau
flame,flamme
flash,flash
flash,flash
flat,plat
flat,plat
flavour,goût
flaw,défaut
flawed,défectueux
flee,fuir
fleet,flotte
flesh,chair
flexibility,flexibilité
flexible,flexible
flight,vol
float,flotteur
flood,inondation
flood,inondation
floor,plancher
flour,farine
flourish,s'épanouir
flow,flux
flow,flux
flower,fleur
flu,grippe
fluid,fluide
fly,voler
fly,voler
flying,vol
flying,vol
focus,se focaliser
focus,se focaliser
fold,plier
fold,plier
folding,pliage
folk,folklorique
folk,folklorique
follow,suivre
following,suivant
following,suivant
following,suivant
fond,friands
food,nourriture
fool,imbécile
foot,pied
footage,métrage
football,football
for,pour
forbid,interdire
force,force
force,force
forecast,prévisions
forecast,prévisions
foreign,étranger
foreigner,étranger
forest,forêt
forever,pour toujours
forge,forge
forget,oublier
forgive,pardonner
fork,fourchette
form,formulaire
form,formulaire
formal,formel
format,format
formation,formation
former,ancien
formerly,anciennement
formula,formule
formulate,formuler
forth,avant
forthcoming,à venir
fortunate,heureux
fortunately,heureusement
fortune,fortune
forty,quarante
forum,forum
forward,avant
forward,avant
fossil,fossile
foster,favoriser
found,trouvé
foundation,fondation
founder,fondateur
four,quatre
fourteen,quatorze
fourth,quatrième
fraction,fraction
fragile,fragile
fragment,fragment
frame,cadre
frame,cadre
framework,cadre
franchise,franchise
frankly,franchement
fraud,fraude
free,gratuit
free,gratuit
free,gratuit
freedom,liberté
freely,librement
freeze,geler
frequency,fréquence
frequent,fréquents
frequently,fréquemment
fresh,frais
Friday,Vendredi
fridge,frigo
friend,ami
friendly,amicale
friendship,amitié
frighten,effrayer
frightened,effrayé
frightening,effrayant
frog,grenouille
from,de
front,avant
front,avant
frozen,gelé
fruit,fruits
frustrated,frustré
frustrating,frustrant
frustration,frustration
fry,alevins
fuel,carburant
fuel,carburant
fulfil,remplir
full,complet
full-time,à temps plein
full-time,à temps plein
fully,entièrement
fun,amusant
fun,amusant
function,fonction
function,fonction
functional,fonctionnel
fund,fonds
fund,fonds
fundamental,fondamental
fundamentally,fondamentalement
funding,financement
fundraising,collecte de fonds
funeral,funérailles
funny,drôle
fur,fourrure
furious,furieux
furniture,meubles
further,plus
further,plus
furthermore,en outre
future,futur
future,futur
gain,gain
gain,gain
gallery,galerie
gallon,gallon
gambling,jeux de hasard
game,jeu
gaming,jeux
gang,gang
gap,écart
garage,garage
garden,jardin
gas,gaz
gate,porte
gather,rassembler
gathering,rassemblement
gay,gay
gaze,regard
gaze,regard
gear,engrenage
gender,sexe
gene,gène
general,général
generally,en général
generate,générer
generation,génération
generic,générique
generous,généreux
genetic,génétique
genius,génie
genocide,génocide
genre,genre
gentle,doux
gentleman,gentleman
genuine,authentique
genuinely,véritablement
geography,géographie
gesture,geste
get,obtenir
ghost,fantôme
giant,géant
giant,géant
gift,cadeau
gig,concert
girl,fille
girlfriend,petite amie
give,donner
glad,heureux
glance,regard
glance,regard
glass,verre
glimpse,aperçu
global,mondial
globalization,la mondialisation
globe,globe terrestre
glorious,glorieux
glory,gloire
glove,gant
go,aller
go,aller
goal,objectif
god,dieu
gold,l'or
gold,l'or
golden,doré
golf,golf
good,bon
good,bon
goodbye,au revoir
goodbye,au revoir
goodness,bonté
goods,biens
gorgeous,magnifique
govern,régir
governance,gouvernance
government,gouvernement
governor,gouverneur
grab,saisir
grace,grâce
grade,grade
grade,grade
gradually,progressivement
graduate,diplômé
graduate,diplômé
grain,céréales
grand,grand
grandfather,grand-père
grandmother,grand-mère
grandparent,grand-parent
grant,subvention
grant,subvention
graphic,graphique
graphics,graphiques
grasp,saisir
grasp,saisir
grass,herbe
grateful,reconnaissant
grave,tombeau
grave,tombeau
gravity,gravité
great,grand
greatly,grandement
green,vert
green,vert
greenhouse,serre
greet,saluer
grey,gris
grey,gris
grid,grille
grief,chagrin
grin,sourire
grin,sourire
grind,broyage
grip,poignée
grip,poignée
grocery,épicerie
gross,brut
ground,sol
group,groupe
grow,croître
growth,croissance
guarantee,garantie
guarantee,garantie
guard,gardien
guard,gardien
guerrilla,guérilla
guess,deviner
guess,deviner
guest,invité
guidance,orientation
guide,guide
guide,guide
guideline,ligne directrice
guilt,culpabilité
guilty,coupable
guitar,guitare
gun,pistolet
gut,boyau
guy,gars
gym,gymnase
habit,habitude
habitat,l'habitat
hail,grêle
hair,cheveux
half,moitié
half,moitié
half,moitié
half,moitié
halfway,à mi-chemin
hall,salle
halt,halte
halt,halte
hand,main
hand,main
handful,poignée
handle,poignée
handle,poignée
handling,manipulation
handy,pratique
hang,suspendre
happen,se produire
happily,avec bonheur
happiness,le bonheur
happy,heureux
harassment,harcèlement
harbour,port
hard,dur
hard,dur
hardly,difficilement
hardware,matériel
harm,préjudice
harm,préjudice
harmful,néfaste
harmony,l'harmonie
harsh,sévère
harvest,récolte
harvest,récolte
hat,chapeau
hate,haine
hate,haine
hatred,la haine
haunt,hanter
have,avoir
have,avoir
have to,doivent
hazard,risque
he,il
head,tête
head,tête
headache,maux de tête
headline,titre
headquarters,le siège
heal,guérir
health,la santé
healthcare,soins de santé
healthy,sain
hear,entendre
hearing,audition
heart,cœur
heat,chaleur
heat,chaleur
heating,chauffage
heaven,le ciel
heavily,fortement
heavy,lourd
heel,talon
height,hauteur
heighten,augmenter
helicopter,hélicoptère
hell,l'enfer
hello,Bonjour
hello,Bonjour
helmet,casque
help,aider
help,aider
helpful,utile
hence,donc
her,son
her,son
herb,herbe
here,ici
heritage,patrimoine
hero,héros
hers,la sienne
herself,elle-même
hesitate,hésiter
hey,hey
hi,Bonjour
hidden,caché
hide,cacher
hierarchy,hiérarchie
high,élevé
high,élevé
high,élevé
high-profile,très médiatisé
highlight,mettre en évidence
highlight,mettre en évidence
highly,très
highway,autoroute
hilarious,hilarant
hill,colline
him,lui
himself,lui-même
hint,indice
hint,indice
hip,hanche
hire,embaucher
hire,embaucher
his,son
his,son
historian,historien
historic,historique
historical,historique
history,l'histoire
hit,frapper
hit,frapper
hobby,hobby
hockey,hockey
hold,tenir
hold,tenir
hole,trou
holiday,vacances
hollow,creux
holy,saint
home,domicile
home,domicile
home,domicile
homeland,patrie
homeless,sans-abri
homework,devoirs
honest,honnête
honesty,honnêteté
honour,honneur
honour,honneur
hook,crochet
hook,crochet
hope,espoir
hope,espoir
hopeful,plein d'espoir
hopefully,avec espoir
horizon,horizon
horn,corne
horrible,horrible
horror,l'horreur
horse,cheval
hospital,hôpital
host,hôte
host,hôte
hostage,otage
hostile,hostile
hostility,hostilité
hot,chaud
hotel,hôtel
hour,heure
house,maison
house,maison
household,ménage
housing,logement
how,comment
however,cependant
huge,énorme
human,humain
human,humain
humanitarian,humanitaire
humanity,l'humanité
humble,humbles
humorous,humoristique
humour,humour
hundred,cent
hunger,faim
hungry,affamés
hunt,chasse
hunt,chasse
hunting,chasse
hurricane,ouragan
hurry,se dépêcher
hurry,se dépêcher
hurt,blesser
hurt,blesser
hurt,blesser
husband,mari
hydrogen,hydrogène
hypothesis,hypothèse
I,I
ice,glace
ice cream,crème glacée
icon,icône
ID,ID
idea,idée
ideal,idéal
ideal,idéal
identical,identique
identification,identification
identify,identifier
identity,l'identité
ideological,idéologique
ideology,l'idéologie
idiot,idiot
if,si
ignorance,l'ignorance
ignore,ignorer
ill,malade
illegal,illégale
illness,maladie
illusion,illusion
illustrate,illustrer
illustration,illustration
image,image
imagery,imagerie
imaginary,imaginaire
imagination,l'imagination
imagine,imaginer
immediate,immédiat
immediately,immédiatement
immense,immense
immigrant,immigrant
immigration,l'immigration
imminent,imminent
immune,immunitaire
impact,impact
impact,impact
impatient,impatient
implement,mettre en œuvre
implementation,mise en œuvre
implication,implication
imply,impliquer
import,l'importation
import,l'importation
importance,l'importance
important,important
impose,imposer
impossible,impossible
impress,impressionner
impressed,impressionné
impression,impression
impressive,impressionnant
imprison,emprisonner
imprisonment,emprisonnement
improve,améliorer
improvement,amélioration
in,en
in,en
inability,l'incapacité
inadequate,inadéquat
inappropriate,inapproprié
incentive,incitation
inch,pouce
incidence,incidence
incident,incident
inclined,incliné
include,inclure
included,inclus
including,y compris
inclusion,inclusion
income,revenus
incorporate,incorporer
incorrect,incorrect
increase,augmenter
increase,augmenter
increasingly,de plus en plus
incredible,incroyable
incredibly,incroyablement
incur,encourir
indeed,en effet
independence,l'indépendance
independent,indépendant
index,index
indicate,indiquer
indication,indication
indicator,indicateur
indictment,mise en accusation
indigenous,indigène
indirect,indirecte
individual,individuel
individual,individuel
indoor,intérieur
indoors,à l'intérieur
induce,induire
indulge,se faire plaisir
industrial,industriel
industry,l'industrie
inequality,inégalité
inevitable,inévitable
inevitably,inévitablement
infamous,infâme
infant,nourrisson
infect,infecter
infection,infection
infer,déduire
inflation,l'inflation
inflict,infliger
influence,l'influence
influence,l'influence
influential,influent
info,info
inform,informer
informal,informel
information,l'information
infrastructure,l'infrastructure
ingredient,ingrédient
inhabitant,habitant
inherent,inhérent
inherit,hériter
inhibit,inhiber
initial,initial
initially,dans un premier temps
initiate,initier
initiative,initiative
inject,injecter
injection,injection
injure,blesser
injured,blessé
injury,blessure
injustice,injustice
ink,encre
inmate,détenu
inner,intérieur
innocent,innocent
innovation,l'innovation
innovative,innovante
input,entrée
inquiry,enquête
insect,insecte
insert,insérer
insertion,insertion
inside,à l'intérieur
inside,à l'intérieur
inside,à l'intérieur
inside,à l'intérieur
insider,initié
insight,perspicacité
insist,insister
inspect,inspecter
inspection,contrôle
inspector,inspecteur
inspiration,l'inspiration
inspire,inspirer
install,installer
installation,installation
instance,instance
instant,instantané
instantly,instantanément
instead,au lieu de
instinct,instinct
institute,institut
institution,institution
institutional,institutionnel
instruct,instruire
instruction,instruction
instructor,instructeur
instrument,instrument
instrumental,instrumentale
insufficient,insuffisant
insult,insulte
insult,insulte
insurance,l'assurance
intact,intacte
intake,prise
integral,intégrale
integrate,intégrer
integrated,intégré
integration,l'intégration
integrity,l'intégrité
intellectual,intellectuel
intellectual,intellectuel
intelligence,le renseignement
intelligent,intelligents
intend,vouloir
intended,prévu
intense,intense
intensify,intensifier
intensity,l'intensité
intensive,intensif
intent,intention
intention,intention
interact,interagir
interaction,l'interaction
interactive,interactif
interest,intérêt
interest,intérêt
interested,intéressés
interesting,intéressant
interface,interface
interfere,interférer
interference,interférence
interim,intérimaire
interior,intérieur
interior,intérieur
intermediate,intermédiaire
internal,interne
international,internationale
internet,internet
interpret,interpréter
interpretation,interprétation
interrupt,interrompre
interval,intervalle
intervene,intervenir
intervention,intervention
interview,entretien
interview,entretien
intimate,intime
into,en
intriguing,intriguant
introduce,introduire
introduction,introduction
invade,envahir
invasion,invasion
invent,inventer
invention,l'invention
invest,investir
investigate,enquêter
investigation,enquête
investigator,enquêteur
investment,investissement
investor,investisseur
invisible,invisible
invitation,invitation
invite,inviter
invoke,invoquer
involve,impliquer
involved,impliqué
involvement,l'implication
iron,fer
iron,fer
ironic,ironique
ironically,ironiquement
irony,ironie
irrelevant,sans objet
island,île
isolate,isoler
isolated,isolée
isolation,l'isolement
issue,question
issue,question
IT,IT
it,il
item,article
its,son
itself,elle-même
jacket,veste
jail,prison
jail,prison
jam,confiture
January,Janvier
jazz,jazz
jeans,jeans
jet,jet
jewellery,bijoux
job,emploi
join,rejoindre
joint,conjoint
joint,conjoint
joke,blague
joke,blague
journal,journal
journalism,journalisme
journalist,journaliste
journey,voyage
joy,joie
judge,juge
judge,juge
judgement,jugement
judicial,judiciaire
juice,jus
July,Juillet
jump,sauter
jump,sauter
junction,jonction
June,Juin
junior,junior
jurisdiction,juridiction
jury,jury
just,juste
just,juste
justice,justice
justification,justification
justify,justifier
keen,enthousiaste
keep,garder
key,clé
key,clé
key,clé
keyboard,clavier
kick,coup de pied
kick,coup de pied
kid,enfant
kidnap,kidnapper
kidney,rein
kill,tuer
killing,mise à mort
kilometre,kilomètre
kind,type
kind,type
king,roi
kingdom,royaume
kiss,baiser
kiss,baiser
kit,kit
kitchen,cuisine
knee,genou
knife,couteau
knock,frapper
knock,frapper
know,savoir
knowledge,connaissances
lab,laboratoire
label,étiquette
label,étiquette
laboratory,laboratoire
labour,travail
lack,manque
lack,manque
lad,garçon
ladder,échelle
lady,dame
lake,lac
lamp,lampe
land,terre
land,terre
landing,atterrissage
landlord,propriétaire
landmark,repère
landscape,paysage
lane,voie
language,langue
lap,tour de piste
laptop,ordinateur portable
large,important
large-scale,à grande échelle
largely,en grande partie
laser,laser
last,dernier
last,dernier
last,dernier
last,dernier
late,tardive
late,tardive
lately,dernièrement
later,plus tard
later,plus tard
latest,le plus récent
latest,le plus récent
latter,dernier
latter,dernier
laugh,rire
laugh,rire
laughter,rire
launch,lancement
launch,lancement
law,loi
lawn,pelouse
lawsuit,procès
lawyer,avocat
lay,laïcité
layer,couche
layout,disposition
lazy,paresseux
lead,plomb
lead,plomb
leader,chef de file
leadership,leadership
leading,de premier plan
leaf,feuille
leaflet,dépliant
league,ligue
leak,fuite
leak,fuite
lean,maigre
leap,saut
leap,saut
learn,apprendre
learning,l'apprentissage
least,le moins
least,le moins
least,le moins
leather,cuir
leave,quitter
leave,quitter
lecture,conférence
lecture,conférence
left,gauche
left,gauche
left,gauche
leg,jambe
legacy,héritage
legal,juridique
legend,légende
legendary,légendaire
legislation,législation
legislative,législatif
legislature,législature
legitimate,légitime
leisure,loisirs
lemon,citron
lend,prêter
length,longueur
lengthy,longue
lens,lentille
lesbian,lesbienne
less,moins
less,moins
less,moins
lesser,moins
lesson,leçon
let,laisser
lethal,mortel
letter,lettre
level,niveau
level,niveau
level,niveau
liable,responsable
liberal,libéral
liberal,libéral
liberation,libération
liberty,liberté
library,bibliothèque
licence,licence
license,licence
lie,mentir
lie,mentir
lie,mentir
life,vie
lifelong,à vie
lifestyle,mode de vie
lifetime,durée de vie
lift,ascenseur
lift,ascenseur
light,lumière
light,lumière
light,lumière
lighting,éclairage
like,comme
like,comme
like,comme
likelihood,vraisemblance
likely,vraisemblablement
likewise,de même
limb,membre
limit,limite
limit,limite
limitation,limitation
limited,limité
line,ligne
line,ligne
line-up,liste
linear,linéaire
linger,s'attarder
link,lien
link,lien
lion,lion
lip,lèvre
liquid,liquide
liquid,liquide
list,liste
list,liste
listen,écouter
listener,auditeur
listing,liste
literacy,alphabétisation
literally,littéralement
literary,littéraire
literature,littérature
litre,litre
litter,litière
little,petit
little,petit
little,petit
little,petit
live,vivre
live,vivre
live,vivre
lively,vif
liver,foie
living,vivant
living,vivant
load,charge
load,charge
loan,prêt
lobby,lobby
lobby,lobby
local,local
local,local
locate,localiser
located,localisé
location,emplacement
lock,serrure
lock,serrure
log,journal
log,journal
logic,logique
logical,logique
logo,logo
lonely,solitaire
long,long
long,long
long-standing,de longue date
long-term,à long terme
long-term,à long terme
long-time,longue durée
look,regarder
look,regarder
loom,métier à tisser
loop,boucle
loose,en vrac
lord,seigneur
lorry,camion
lose,perdre
loss,perte
lost,perdue
lot,lot
lot,lot
lot,lot
lottery,loterie
loud,fort
loud,fort
loudly,bruyamment
love,amour
love,amour
lovely,charmant
low,faible
low,faible
low,faible
lower,inférieur
loyal,loyal
loyalty,loyauté
luck,chance
lucky,chanceux
lunch,déjeuner
lung,poumon
luxury,luxe
luxury,luxe
lyric,lyrique
machine,machine
machinery,machines
mad,fou
magazine,magazine
magic,magie
magic,magie
magical,magique
magistrate,magistrat
magnetic,magnétique
magnificent,magnifique
magnitude,ampleur
mail,courrier
mail,courrier
main,principal
mainland,continentale
mainly,principalement
mainstream,courant dominant
mainstream,courant dominant
maintain,maintenir
maintenance,entretien
major,majeur
major,majeur
majority,majorité
make,faire
make,faire
make-up,maquillage
making,fabrication
male,mâle
male,mâle
mall,centre commercial
man,homme
manage,gérer
management,gestion
manager,gestionnaire
mandate,mandat
mandatory,obligatoire
manifest,manifeste
manipulate,manipuler
manipulation,manipulation
manner,manière
manufacture,fabrication
manufacturing,fabrication
manuscript,manuscrit
many,nombreux
many,nombreux
map,carte
map,carte
marathon,marathon
March,Mars
march,marche
march,marche
margin,marge
marginal,marginale
marine,marine
mark,marque
mark,marque
marker,marqueur
market,marché
market,marché
marketing,marketing
marketplace,marché
marriage,mariage
married,mariés
marry,se marier
martial,martial
mask,masque
mass,masse
mass,masse
massacre,massacre
massive,massif
master,maître
master,maître
match,correspondre
match,correspondre
matching,correspondance
mate,compagnon
mate,compagnon
material,matériel
material,matériel
mathematical,mathématique
mathematics,mathématiques
maths,mathématiques
matter,matière
matter,matière
mature,mature
mature,mature
maximize,maximiser
maximum,maximum
maximum,maximum
May,Mai
may,peut
maybe,peut-être
mayor,maire
me,moi
meal,repas
mean,moyen
meaning,sens
meaningful,significatif
means,moyens
meantime,entre-temps
meanwhile,entre-temps
measure,mesure
measure,mesure
measurement,mesure
meat,viande
mechanic,mécanicien
mechanical,mécanique
mechanism,mécanisme
medal,médaille
media,médias
medical,médical
medication,médicaments
medicine,médecine
medieval,médiévale
meditation,méditation
medium,moyen
medium,moyen
meet,rencontrer
meeting,réunion
melody,mélodie
melt,fondre
member,membre
membership,l'adhésion
memo,mémo
memoir,mémoire
memorable,mémorable
memorial,mémorial
memory,mémoire
mental,mental
mention,mentionner
mention,mentionner
mentor,mentor
menu,menu
merchant,marchand
mercy,pitié
mere,simple
merely,simplement
merge,fusionner
merger,fusion
merit,mérite
mess,désordre
message,message
metal,métal
metaphor,métaphore
method,méthode
methodology,méthodologie
metre,mètre
middle,milieu
middle,milieu
midnight,minuit
midst,milieu
might,pourrait
migration,migration
mild,doux
mile,kilomètre
militant,militant
militant,militant
military,militaire
military,militaire
militia,milice
milk,lait
mill,moulin
million,millions d'euros
mind,esprit
mind,esprit
mine,mine
mine,mine
miner,mineur
mineral,minéral
minimal,minimal
minimize,minimiser
minimum,minimum
minimum,minimum
mining,l'exploitation minière
minister,ministre
ministry,ministère
minor,mineur
minority,minorité
minute,minute
minute,minute
miracle,miracle
mirror,miroir
miserable,misérable
misery,misère
misleading,trompeur
miss,manquer
missile,missile
missing,manquant
mission,mission
mistake,erreur
mistake,erreur
mix,mélange
mix,mélange
mixed,mixte
mixture,mélange
mob,foule
mobile,mobile
mobile,mobile
mobility,la mobilité
mobilize,mobiliser
mode,mode
model,modèle
model,modèle
moderate,modéré
modern,moderne
modest,modeste
modification,modification
modify,modifier
moment,moment
momentum,élan
Monday,Lundi
money,argent
monitor,moniteur
monitor,moniteur
monk,moine
monkey,singe
monopoly,monopole
monster,monstre
month,mois
monthly,mensuel
monument,monument
mood,humeur
moon,lune
moral,morale
moral,morale
morality,moralité
more,plus
more,plus
more,plus
moreover,De plus
morning,matinée
mortgage,hypothèque
mosque,mosquée
most,le plus
most,le plus
most,le plus
mostly,la plupart du temps
mother,mère
motion,motion
motivate,motiver
motivation,motivation
motive,motif
motor,moteur
motor,moteur
motorcycle,moto
motorist,automobiliste
mount,monture
mountain,montagne
mouse,souris
mouth,bouche
move,déplacer
move,déplacer
movement,mouvement
movie,film
moving,en mouvement
much,beaucoup
much,beaucoup
much,beaucoup
mud,boue
multiple,multiples
multiply,se multiplier
mum,maman
municipal,municipal
murder,meurtre
murder,meurtre
muscle,muscle
museum,musée
music,musique
musical,musical
musical,musical
musician,musicien
must,doit
mutual,mutuelle
my,mon
myself,moi-même
mysterious,mystérieux
mystery,mystère
myth,mythe
nail,clou
naked,nue
name,nom
name,nom
namely,à savoir
narrative,narratif
narrative,narratif
narrow,étroit
narrow,étroit
nasty,méchant
nation,nation
national,national
national,national
nationwide,à l'échelle nationale
native,natif
native,natif
natural,naturel
naturally,naturellement
nature,nature
naval,naval
navigation,navigation
near,près de
near,près de
near,près de
nearby,à proximité
nearby,à proximité
nearly,presque
neat,net
necessarily,nécessairement
necessary,nécessaire
necessity,nécessité
neck,cou
need,besoin
need,besoin
need,besoin
needle,aiguille
negative,négatif
negative,négatif
neglect,négligence
neglect,négligence
negotiate,négocier
negotiation,négociation
neighbour,voisin
neighbourhood,le voisinage
neighbouring,voisins
neither,ni l'un ni l'autre
neither,ni l'un ni l'autre
neither,ni l'un ni l'autre
nerve,nerf
nervous,nerveux
nest,nid
net,net
net,net
network,réseau
neutral,neutre
never,jamais
nevertheless,néanmoins
new,nouveau
newly,nouvellement
news,nouvelles
newsletter,bulletin d'information
newspaper,journal
next,suivant
next,suivant
next,suivant
next to,à côté de
nice,agréable
niche,niche
night,nuit
nightmare,cauchemar
nine,neuf
nineteen,dix-neuf
ninety,quatre-vingt-dix
no,non
no,non
no one,personne
noble,noble
nobody,personne
nod,hochement de tête
noise,bruit
noisy,bruyant
nominate,nommer
nomination,nomination
nominee,candidat
non-profit,sans but lucratif
none,aucun
nonetheless,néanmoins
nonsense,absurdité
noon,midi
nor,ni
nor,ni
norm,norme
normal,normal
normal,normal
normally,normalement
north,nord
north,nord
north,nord
northern,nordique
nose,nez
not,pas
notable,notable
notably,notamment
note,note
note,note
notebook,carnet de notes
nothing,rien
notice,avis
notice,avis
notify,notifier
notion,notion
notorious,notoire
novel,roman
novel,roman
novelist,romancier
November,Novembre
now,maintenant
now,maintenant
nowadays,aujourd'hui
nowhere,nulle part
nuclear,nucléaire
number,nombre
number,nombre
numerous,nombreux
nurse,infirmière
nursery,crèche
nursing,soins infirmiers
nut,écrou
nutrition,l'alimentation
o'clock,heures
obesity,l'obésité
obey,obéir
object,objet
object,objet
objection,objection
objective,objectif
objective,objectif
obligation,obligation
oblige,obliger
observation,observation
observe,observer
observer,observateur
obsess,obséder
obsession,obsession
obstacle,obstacle
obtain,obtenir
obvious,évidentes
obviously,évidemment
occasion,occasion
occasional,occasionnel
occasionally,occasionnellement
occupation,occupation
occupy,occuper
occur,se produire
occurrence,événement
ocean,océan
October,Octobre
odd,impair
odds,cotes
of,de
off,éteint
off,éteint
offence,infraction
offend,offenser
offender,délinquant
offensive,offensif
offer,offrir
offer,offrir
offering,offre
office,bureau
officer,agent
official,officiel
official,officiel
offspring,progéniture
often,souvent
oh,oh
oil,huile
OK,OK
OK,OK
OK,OK
old,ancien
old-fashioned,démodé
on,sur
on,sur
once,une fois
once,une fois
one,un
one,un
one,un
ongoing,en cours
onion,oignon
online,en ligne
online,en ligne
only,seulement
only,seulement
onto,sur
open,ouvert
open,ouvert
opening,ouverture
openly,ouvertement
opera,opéra
operate,opérer
operation,fonctionnement
operational,opérationnel
operator,opérateur
opinion,avis
opponent,adversaire
opportunity,opportunité
oppose,s'opposer
opposed,opposée
opposite,opposé
opposite,opposé
opposite,opposé
opposite,opposé
opposition,opposition
opt,opter
optical,optique
optimism,optimisme
optimistic,optimiste
option,option
or,ou
oral,oral
orange,orange
orange,orange
orchestra,orchestre
order,commande
order,commande
ordinary,ordinaire
organ,organe
organic,organique
organization,l'organisation
organizational,organisationnel
organize,organiser
organized,organisé
organizer,organisateur
orientation,l'orientation
origin,origine
original,original
original,original
originally,à l'origine
originate,naître
other,autres
other,autres
otherwise,autrement
ought,ought
our,notre
ours,les nôtres
ourselves,nous-mêmes
out,sortir
out,sortir
outbreak,foyer
outcome,résultat
outdoor,extérieur
outdoors,à l'extérieur
outer,extérieur
outfit,tenue
outing,sortie
outlet,sortie
outline,schéma
outline,schéma
outlook,perspectives
output,sortie
outrage,outrage
outrage,outrage
outside,à l'extérieur
outside,à l'extérieur
outside,à l'extérieur
outside,à l'extérieur
outsider,étranger
outstanding,exceptionnel
oven,four
over,plus
over,plus
overall,globale
overall,globale
overcome,surmonter
overlook,négliger
overly,excessivement
overnight,pendant la nuit
overseas,outre-mer
overseas,outre-mer
oversee,superviser
overturn,renverser
overwhelm,débordement
overwhelming,écrasante
owe,devoir
own,propre
own,propre
own,propre
owner,propriétaire
ownership,propriété
oxygen,oxygène
pace,rythme
pace,rythme
pack,paquet
pack,paquet
package,paquet
package,paquet
packet,paquet
pad,coussinet
page,page
pain,douleur
painful,douloureux
paint,peinture
paint,peinture
painter,peintre
painting,peinture
pair,paire
palace,palais
pale,pâle
palm,palmier
pan,casserole
panel,panneau
panic,panique
pants,pantalon
paper,papier
parade,défilé
paragraph,paragraphe
parallel,parallèle
parallel,parallèle
parameter,paramètre
parent,parent
parental,parentale
parish,paroisse
park,parc
park,parc
parking,stationnement
parliament,Parlement
parliamentary,parlementaire
part,partie
part-time,temps partiel
partial,partiel
partially,partiellement
participant,participant
participate,participer
participation,participation
particular,particulier
particularly,en particulier
partly,en partie
partner,partenaire
partnership,partenariat
party,parti
pass,passer
pass,passer
passage,passage
passenger,passager
passing,passer
passion,passion
passionate,passionné
passive,passif
passport,passeport
password,mot de passe
past,passé
past,passé
past,passé
past,passé
pastor,pasteur
patch,correctif
patent,brevet
path,chemin
pathway,voie d'accès
patience,la patience
patient,patient
patient,patient
patrol,patrouille
patrol,patrouille
patron,patron
pattern,modèle
pause,pause
pause,pause
pay,payer
pay,payer
payment,paiement
peace,la paix
peaceful,pacifique
peak,pic
peasant,paysan
peculiar,particulier
peer,pair
pen,stylo
penalty,pénalité
pencil,crayon
penny,centime
pension,pension
people,les personnes
pepper,poivre
per,par
per cent,pour cent
per cent,pour cent
per cent,pour cent
perceive,percevoir
percentage,pourcentage
perception,perception
perfect,parfait
perfectly,parfaitement
perform,réaliser
performance,performance
perhaps,peut-être
period,période
permanent,permanent
permanently,en permanence
permission,autorisation
permit,permis
permit,permis
persist,persister
persistent,persistant
person,personne
personal,personnel
personality,personnalité
personally,personnellement
personnel,le personnel
perspective,perspective
persuade,persuader
pet,animal de compagnie
petition,pétition
petrol,essence
phase,phase
phenomenon,phénomène
philosopher,philosophe
philosophical,philosophique
philosophy,philosophie
phone,téléphone
phone,téléphone
photo,photo
photograph,photographie
photograph,photographie
photographer,photographe
photography,photographie
phrase,phrase
physical,physique
physician,médecin
physics,physique
piano,piano
pick,choisir
pick,choisir
picture,image
picture,image
piece,pièce
pig,porc
pile,pile
pile,pile
pill,pilule
pilot,pilote
pin,épingle
pin,épingle
pink,rose
pink,rose
pioneer,pionnier
pioneer,pionnier
pipe,tuyau
pipeline,canalisation
pirate,pirate
pit,fosse
pitch,hauteur
pity,pitié
place,lieu
place,lieu
placement,placement
plain,simple
plan,plan
plan,plan
plane,avion
planet,planète
planning,planification
plant,plante
plant,plante
plastic,plastique
plastic,plastique
plate,assiette
platform,plateforme
play,jouer
play,jouer
player,joueur
plea,plaidoyer
plead,plaider
pleasant,agréable
please,s'il vous plaît
please,s'il vous plaît
pleased,satisfaits
pleasure,plaisir
pledge,engagement
pledge,engagement
plenty,abondance
plot,parcelle
plot,parcelle
plug,fiche
plug,fiche
plunge,plonger
plus,plus
plus,plus
plus,plus
plus,plus
pocket,poche
poem,poème
poet,poète
poetry,poésie
point,point
point,point
pointed,pointé
poison,poison
poison,poison
poisonous,toxique
pole,pôle
police,police
policeman,policier
policy,politique
polite,poli
political,politique
politician,homme politique
politics,politique
poll,sondage
pollution,pollution
pond,étang
pool,piscine
poor,pauvres
pop,pop
pop,pop
pop,pop
popular,populaire
popularity,popularité
population,population
port,port
portfolio,portefeuille
portion,partie
portrait,portrait
portray,représenter
pose,poser
position,position
position,position
positive,positif
positive,positif
possess,posséder
possession,possession
possibility,possibilité
possible,possible
possibly,éventuellement
post,poste
post,poste
post-war,après-guerre
poster,affiche
postpone,reporter
pot,marmite
potato,pomme de terre
potential,potentiel
potential,potentiel
potentially,potentiellement
pound,fourrière
pour,verser
poverty,la pauvreté
powder,poudre
power,pouvoir
power,pouvoir
powerful,puissant
practical,pratique
practice,pratique
practise,pratiquer
practitioner,praticien
praise,louange
praise,louange
pray,prier
prayer,prière
preach,prêcher
precede,précéder
precedent,précédent
precious,précieux
precise,précis
precisely,précisément
precision,précision
predator,prédateur
predecessor,prédécesseur
predict,prévoir
predictable,prévisible
prediction,prédiction
predominantly,principalement
prefer,préférer
preference,préférence
pregnancy,grossesse
pregnant,enceinte
prejudice,préjudice
preliminary,préliminaire
premier,premier
premise,prémisse
premium,prime
preparation,préparation
prepare,préparer
prepared,préparé
prescribe,prescrire
prescription,prescription
presence,présence
present,présent
present,présent
present,présent
presentation,présentation
presently,actuellement
preservation,préservation
preserve,préserver
preside,présider
presidency,présidence
president,président
presidential,présidentiel
press,presse
press,presse
pressure,pression
prestigious,prestigieux
presumably,vraisemblablement
presume,présumer
pretend,prétendre
pretty,joli
pretty,joli
prevail,prévaloir
prevalence,la prévalence
prevent,prévenir
prevention,la prévention
previous,précédent
previously,précédemment
prey,proie
price,prix
price,prix
pride,fierté
priest,prêtre
primarily,principalement
primary,primaire
prime,premier
prince,prince
princess,princesse
principal,principal
principal,principal
principle,principe
print,imprimer
print,imprimer
printer,Imprimante
printing,l'impression
prior,préalable
priority,priorité
prison,prison
prisoner,prisonnier
privacy,vie privée
private,privé
privatization,privatisation
privilege,privilège
prize,prix
probability,probabilité
probable,probable
probably,probablement
probe,sonde
probe,sonde
problem,problème
problematic,problématique
procedure,procédure
proceed,procéder
proceeding,procéder
proceeds,produits
process,processus
process,processus
processing,traitement
processor,processeur
proclaim,proclamer
produce,produire
produce,produire
producer,producteur
product,produit
production,production
productive,productif
productivity,la productivité
profession,profession
professional,professionnel
professional,professionnel
professor,professeur
profile,profil
profit,bénéfice
profitable,rentable
profound,profond
program,programme
program,programme
programme,programme
programming,programmation
progress,progrès
progress,progrès
progressive,progressif
prohibit,interdire
project,projet
project,projet
projection,projection
prominent,important
promise,promesse
promise,promesse
promising,prometteur
promote,promouvoir
promotion,promotion
prompt,rapide
pronounce,prononcer
pronounced,prononcé
proof,preuve
propaganda,propagande
proper,approprié
properly,correctement
property,propriété
proportion,proportion
proposal,proposition
propose,proposer
proposition,proposition
prosecute,poursuivre
prosecution,poursuites judiciaires
prosecutor,procureur
prospect,perspective
prospective,prospective
prosperity,prospérité
protect,protéger
protection,protection
protective,de protection
protein,protéines
protest,protestation
protest,protestation
protester,manifestant
protocol,protocole
proud,fière
prove,prouver
provide,fournir
province,province
provincial,provincial
provision,disposition
provoke,provoquer
psychiatric,psychiatrique
psychological,psychologique
psychologist,psychologue
psychology,psychologie
pub,pub
public,public
public,public
publication,publication
publicity,publicité
publish,publier
publishing,l'édition
pull,tirer
pull,tirer
pulse,impulsion
pump,pompe
pump,pompe
punch,coup de poing
punch,coup de poing
punish,punir
punishment,punition
punk,voyou
pupil,élève
purchase,achat
purchase,achat
pure,pur
purely,purement
purple,pourpre
purple,pourpre
purpose,objectif
pursue,poursuivre
pursuit,poursuite
push,pousser
push,pousser
put,mettre
puzzle,puzzle
qualification,la qualification
qualified,qualifiés
qualify,qualifier
quality,qualité
quantity,quantité
quarter,trimestre
queen,reine
query,interrogation
quest,quête
question,question
question,question
questionnaire,questionnaire
queue,file d'attente
queue,file d'attente
quick,rapide
quickly,rapidement
quiet,calme
quietly,tranquillement
quit,quitter
quite,tout à fait
quota,quota
quotation,cotation
quote,citation
quote,citation
race,course
race,course
racial,racial
racing,course
racism,racisme
racist,raciste
racist,raciste
radar,radar
radiation,rayonnement
radical,radical
radio,radio
rage,rage
raid,raid
raid,raid
rail,rail
railway,chemin de fer
rain,pluie
rain,pluie
raise,élever
rally,rallye
rally,rallye
random,aléatoire
range,gamme
range,gamme
rank,rang
rank,rang
ranking,classement
rape,viol
rape,viol
rapid,rapide
rapidly,rapidement
rare,rare
rarely,rarement
rat,rat
rate,taux
rate,taux
rather,plutôt
rating,note
ratio,ratio
rational,rationnel
raw,brut
ray,rayon
reach,atteindre
reach,atteindre
react,réagir
reaction,réaction
read,lire
reader,lecteur
readily,facilement
reading,lecture
ready,prêt
real,réel
realistic,réaliste
reality,réalité
realization,réalisation
realize,réaliser
really,vraiment
realm,royaume
rear,arrière
rear,arrière
reason,raison
reasonable,raisonnable
reasonably,raisonnablement
reasoning,raisonnement
reassure,rassurer
rebel,rebelle
rebellion,rébellion
rebuild,reconstruire
recall,rappel
receipt,reçu
receive,recevoir
receiver,récepteur
recent,récente
recently,récemment
reception,réception
recession,récession
recipe,recette
recipient,destinataire
reckon,compter
recognition,reconnaissance
recognize,reconnaître
recommend,recommander
recommendation,recommandation
reconstruction,reconstruction
record,enregistrer
record,enregistrer
recording,enregistrement
recount,recomptage
recover,récupérer
recovery,récupération
recruit,recruter
recruit,recruter
recruitment,le recrutement
recycle,recycler
red,rouge
red,rouge
reduce,réduire
reduction,réduction
refer,renvoyer
referee,arbitre
reference,référence
referendum,référendum
reflect,refléter
reflection,réflexion
reform,réforme
reform,réforme
refuge,refuge
refugee,réfugié
refusal,refus
refuse,refus
regain,retrouver
regard,regard
regard,regard
regardless,sans tenir compte
regime,régime
region,région
regional,régional
register,registre
register,registre
registration,enregistrement
regret,regret
regret,regret
regular,régulière
regularly,régulièrement
regulate,réglementer
regulation,règlement
regulator,régulateur
regulatory,réglementaire
rehabilitation,réadaptation
reign,régner
reign,régner
reinforce,renforcer
reject,rejeter
rejection,rejet
relate,se rapporter
related,apparenté
relation,relation
relationship,relation
relative,relatif
relative,relatif
relatively,relativement
relax,se détendre
relaxed,détendu
relaxing,relaxant
release,libération
release,libération
relevance,pertinence
relevant,pertinent
reliability,fiabilité
reliable,fiable
relief,secours
relieve,soulager
relieved,soulagé
religion,religion
religious,religieux
reluctant,réticent
rely,s'appuyer
remain,rester
remainder,reste
remains,reste
remark,remarque
remark,remarque
remarkable,remarquable
remarkably,remarquablement
remedy,remède
remember,se souvenir
remind,rappeler
reminder,rappel
remote,à distance
removal,l'éloignement
remove,supprimer
render,rendre
renew,renouveler
renowned,renommé
rent,louer
rent,louer
rental,location
repair,réparation
repair,réparation
repeat,répéter
repeat,répéter
repeated,répétées
replace,remplacer
replacement,remplacement
reply,répondre
reply,répondre
report,rapport
report,rapport
reportedly,apparemment
reporter,journaliste
reporting,rapport
represent,représenter
representation,représentation
representative,représentant
representative,représentant
reproduce,reproduire
reproduction,reproduction
republic,république
reputation,réputation
request,demande
request,demande
require,exiger
requirement,exigence
rescue,sauvetage
rescue,sauvetage
research,recherche
research,recherche
researcher,chercheur
resemble,ressembler
reservation,réservation
reserve,réserve
reserve,réserve
reside,résider
residence,résidence
resident,résident
resident,résident
residential,résidentiel
residue,résidu
resign,démissionner
resignation,démission
resist,résister
resistance,résistance
resolution,résolution
resolve,résoudre
resort,centre de villégiature
resource,ressource
respect,respect
respect,respect
respective,respectifs
respectively,respectivement
respond,répondre
response,réponse
responsibility,responsabilité
responsible,responsable
rest,repos
rest,repos
restaurant,restaurant
restoration,restauration
restore,restaurer
restraint,contrainte
restrict,restreindre
restriction,restriction
result,résultat
result,résultat
resume,résumé
retail,commerce de détail
retain,retenir
retire,prendre sa retraite
retired,à la retraite
retirement,retraite
retreat,retraite
retreat,retraite
retrieve,récupérer
return,retour
return,retour
reveal,révéler
revelation,révélation
revenge,vengeance
revenue,recettes
reverse,inverser
reverse,inverser
reverse,inverser
review,examen
review,examen
revise,réviser
revision,révision
revival,renouveau
revive,raviver
revolution,révolution
revolutionary,révolutionnaire
reward,récompense
reward,récompense
rhetoric,rhétorique
rhythm,rythme
rice,riz
rich,riche
rid,débarrasser
ride,manège
ride,manège
ridiculous,ridicule
rifle,fusil
right,droit
right,droit
right,droit
ring,anneau
ring,anneau
riot,émeute
rip,déchirer
rise,hausse
rise,hausse
risk,risque
risk,risque
risky,risqué
ritual,rituel
rival,rival
rival,rival
river,rivière
road,route
rob,vol
robbery,vol
robot,robot
robust,robuste
rock,rocher
rock,rocher
rocket,fusée
rod,tige
role,rôle
roll,rouleau
roll,rouleau
romance,romantisme
romantic,romantique
roof,toit
room,chambre
root,racine
rope,corde
rose,rose
rotate,tourner
rotation,rotation
rough,rude
roughly,grossièrement
round,ronde
round,ronde
round,ronde
round,ronde
route,itinéraire
routine,routine
routine,routine
row,rangée
royal,royal
rub,frotter
rubber,caoutchouc
rubber,caoutchouc
rubbish,déchets
rude,grossier
rugby,rugby
ruin,ruine
ruin,ruine
rule,règle
rule,règle
ruling,décision
rumour,rumeur
run,courir
run,courir
runner,coureur
running,en cours d'exécution
rural,rural
rush,jonc
rush,jonc
sack,sac
sacred,sacré
sacrifice,sacrifice
sacrifice,sacrifice
sad,triste
sadly,tristement
safe,sûr
safety,la sécurité
sail,voile
sail,voile
sailing,voile
sailor,marin
saint,saint
sake,saké
salad,salade
salary,salaire
sale,vente
salt,sel
same,même
same,même
same,même
sample,échantillon
sample,échantillon
sanction,sanction
sand,sable
sandwich,sandwich
satellite,satellite
satisfaction,satisfaction
satisfied,satisfaits
satisfy,satisfaire
Saturday,Samedi
sauce,sauce
save,sauver
saving,sauver
say,dire
say,dire
scale,échelle
scan,scanner
scandal,scandale
scare,épouvante
scare,épouvante
scared,effrayé
scary,effrayant
scattered,dispersé
scenario,scénario
scene,scène
sceptical,sceptique
schedule,calendrier
schedule,calendrier
scheme,schéma
scholar,érudit
scholarship,bourse d'études
school,l'école
science,science
scientific,scientifique
scientist,scientifique
scope,champ d'application
score,score
score,score
scratch,gratter
scratch,gratter
scream,cri
scream,cri
screen,écran
screen,écran
screening,dépistage
screw,vis
screw,vis
script,scénario
scrutiny,examen
sculpture,sculpture
sea,mer
seal,sceller
seal,sceller
search,recherche
search,recherche
season,saison
seat,siège
seat,siège
second,deuxième
second,deuxième
second,deuxième
second,deuxième
secondary,secondaire
secondly,Deuxièmement
secret,secret
secret,secret
secretary,secrétaire
section,section
sector,secteur
secular,séculaire
secure,sécurisé
secure,sécurisé
security,sécurité
see,voir
seed,semences
seek,rechercher
seeker,chercheur
seem,sembler
seemingly,apparemment
segment,segment
seize,saisir
seldom,rarement
select,sélectionner
selection,sélection
selective,sélectif
self,soi
sell,vendre
seminar,séminaire
senator,sénateur
send,envoyer
senior,senior
sensation,sensation
sense,sens
sense,sens
sensible,sensible
sensitive,sensible
sensitivity,sensibilité
sentence,condamnation
sentence,condamnation
sentiment,sentiment
separate,séparer
separate,séparer
separation,séparation
September,Septembre
sequence,séquence
serial,en série
series,série
serious,grave
seriously,sérieusement
servant,serviteur
serve,servir
service,service
session,session
set,fixer
set,fixer
set-up,mise en place
setting,réglage
settle,régler
settlement,règlement
settler,colon
seven,sept
seventeen,dix-sept
seventy,soixante-dix
several,plusieurs
several,plusieurs
severe,sévère
severely,sévèrement
sex,sexe
sexual,sexuelle
sexuality,la sexualité
sexy,sexy
shade,ombre
shadow,ombre
shake,secouer
shake,secouer
shall,doivent
shallow,superficielle
shame,honte
shape,forme
shape,forme
shaped,façonné
share,action
share,action
shareholder,actionnaire
sharp,pointu
shatter,éclater
she,elle
shed,hangar
sheep,mouton
sheer,transparent
sheet,feuille
shelf,étagère
shell,coquille
shelter,abri
shelter,abri
shift,changement
shift,changement
shine,briller
shiny,brillant
ship,navire
ship,navire
shipping,expédition
shirt,chemise
shock,choc
shock,choc
shocked,choqué
shocking,choquant
shoe,chaussure
shoot,tirer
shoot,tirer
shooting,tournage
shop,boutique
shop,boutique
shopping,achats
shore,rivage
short,court
short-term,à court terme
shortage,pénurie
shortly,prochainement
shot,tir
should,devrait
shoulder,épaule
shout,crier
shout,crier
show,montrer
show,montrer
shower,douche
shrink,rétrécissement
shrug,hausser les épaules
shut,fermer
shut,fermer
shy,timide
sibling,frère ou sœur
sick,malade
side,côté
sigh,soupir
sigh,soupir
sight,vue
sign,signe
sign,signe
signal,signal
signal,signal
signature,signature
significance,signification
significant,important
significantly,de manière significative
silence,silence
silent,silencieux
silk,soie
silly,stupide
silver,argent
silver,argent
similar,similaire
similarity,similitude
similarly,de la même manière
simple,simple
simply,simplement
simulate,simuler
simulation,simulation
simultaneously,simultanément
sin,péché
since,depuis
since,depuis
since,depuis
sincere,sincère
sing,chanter
singer,chanteur
singing,chant
single,unique
single,unique
sink,évier
sir,Monsieur
sister,sœur
sit,s'asseoir
site,site
situated,situé
situation,situation
six,six
sixteen,seize
sixty,soixante
size,taille
sketch,croquis
ski,ski
ski,ski
ski,ski
skiing,ski
skill,compétence
skilled,compétent
skin,peau
skip,sauter
skirt,jupe
skull,crâne
sky,ciel
slam,slam
slap,gifle
slash,rétrécissement
slave,esclave
slavery,esclavage
sleep,dormir
sleep,dormir
slice,tranche
slice,tranche
slide,diapositive
slide,diapositive
slight,léger
slightly,légèrement
slip,glisser
slogan,slogan
slope,pente
slope,pente
slot,fente
slow,lent
slow,lent
slowly,lentement
small,petit
smart,intelligent
smartphone,smartphone
smash,smash
smell,odeur
smell,odeur
smile,sourire
smile,sourire
smoke,fumée
smoke,fumée
smoking,fumer
smooth,lisse
snake,serpent
snap,snap
snow,neige
snow,neige
so,donc
so,donc
so-called,soi-disant
soak,tremper
soap,savon
soar,s'envoler
soccer,football
social,sociale
socialist,socialiste
society,société
sock,chaussette
soft,doux
software,logiciel
soil,sol
solar,solaire
soldier,soldat
sole,semelle
solely,uniquement
solicitor,avocat
solid,solide
solid,solide
solidarity,solidarité
solo,en solo
solo,en solo
solution,solution
solve,résoudre
some,certains
some,certains
somebody,quelqu'un
somehow,d'une manière ou d'une autre
someone,quelqu'un
something,quelque chose
sometime,parfois
sometimes,parfois
somewhat,en quelque sorte
somewhere,quelque part
somewhere,quelque part
son,fils
song,chant
soon,bientôt
sophisticated,sophistiqué
sorry,désolée
sorry,désolée
sort,trier
sort,trier
soul,âme
sound,son
sound,son
sound,son
soup,soupe
source,source
south,sud
south,sud
south,sud
southern,méridional
sovereignty,souveraineté
space,espace
spam,spam
span,la travée
span,la travée
spare,de rechange
spare,de rechange
spark,étincelle
speak,parler
speaker,orateur
special,spécial
specialist,spécialiste
specialist,spécialiste
specialize,se spécialiser
specialized,spécialisée
species,espèces
specific,spécifique
specifically,en particulier
specification,spécification
specify,préciser
specimen,spécimen
spectacle,spectacle
spectacular,spectaculaire
spectator,spectateur
spectrum,spectre
speculate,spéculer
speculation,spéculation
speech,discours
speed,vitesse
speed,vitesse
spell,sort
spell,sort
spelling,orthographe
spend,dépenser
spending,dépenses
sphere,sphère
spice,épice
spicy,épicé
spider,araignée
spill,déversement
spin,rotation
spin,rotation
spine,colonne vertébrale
spirit,esprit
spiritual,spirituel
spite,dépit
split,diviser
split,diviser
spoil,gâcher
spoken,parlé
spokesman,porte-parole
spokesperson,porte-parole
spokeswoman,porte-parole
sponsor,sponsor
sponsor,sponsor
sponsorship,parrainage
spoon,cuillère
sport,sport
sporting,sportif
spot,point
spot,point
spotlight,projecteur
spouse,conjoint
spread,se propager
spread,se propager
spring,printemps
spring,printemps
spy,espion
spy,espion
squad,équipe
square,carré
square,carré
squeeze,serrer
stab,poignarder
stability,stabilité
stabilize,stabiliser
stable,stable
stadium,stade
staff,le personnel
stage,scène
stage,scène
stair,escalier
stake,enjeu
stall,décrochage
stamp,timbre
stance,position
stand,support
stand,support
standard,standard
standard,standard
standing,debout
star,étoile
star,étoile
stare,fixer
stark,stark
start,commencer
start,commencer
starve,mourir de faim
state,État
state,État
state,État
statement,déclaration
station,station
statistic,statistique
statistical,statistique
statue,statue
status,statut
stay,séjour
stay,séjour
steadily,régulièrement
steady,stable
steal,voler
steam,vapeur
steel,acier
steep,raide
steer,bœuf
stem,tige
stem,tige
step,étape
step,étape
stereotype,stéréotype
stick,bâton
stick,bâton
sticky,collant
stiff,rigide
still,encore
still,encore
stimulate,stimuler
stimulus,stimulus
stir,remuer
stock,stock
stomach,estomac
stone,pierre
stop,arrêter
stop,arrêter
storage,stockage
store,magasin
store,magasin
storm,tempête
story,histoire
straight,droit
straight,droit
straightforward,simple
strain,souche
strand,brin
strange,étrange
stranger,étranger
strategic,stratégique
strategy,stratégie
stream,flux
street,rue
strength,la force
strengthen,renforcer
stress,stress
stress,stress
stretch,étirer
stretch,étirer
strict,stricte
strictly,strictement
strike,grève
strike,grève
striking,frappant
string,chaîne de caractères
strip,bande
strip,bande
strive,s'efforcer
stroke,accident vasculaire cérébral
strong,fort
strongly,fortement
structural,structurel
structure,structure
structure,structure
struggle,lutte
struggle,lutte
student,étudiant
studio,studio
study,étude
study,étude
stuff,trucs
stuff,trucs
stumble,trébucher
stun,étourdissement
stunning,époustouflant
stupid,stupide
style,style
subject,sujet
subject,sujet
submission,soumission
submit,soumettre
subscriber,abonné
subscription,abonnement
subsequent,ultérieures
subsequently,par la suite
subsidy,subvention
substance,substance
substantial,substantiel
substantially,de manière substantielle
substitute,substitut
substitute,substitut
substitution,substitution
subtle,subtile
suburb,banlieue
suburban,banlieue
succeed,réussir
success,succès
successful,réussie
successfully,avec succès
succession,succession
successive,successifs
successor,successeur
such,tels
such,tels
suck,aspirer
sudden,soudain
suddenly,soudainement
sue,poursuivre
suffer,souffrir
suffering,souffrance
sufficient,suffisant
sufficiently,suffisamment
sugar,sucre
suggest,suggérer
suggestion,suggestion
suicide,suicide
suit,costume
suit,costume
suitable,adapté
suite,suite
sum,somme
sum,somme
summarize,résumer
summary,résumé
summer,été
summit,sommet
sun,soleil
Sunday,Dimanche
super,super
superb,superbe
superior,supérieur
supermarket,supermarché
supervise,superviser
supervision,surveillance
supervisor,superviseur
supplement,supplément
supplement,supplément
supply,approvisionnement
supply,approvisionnement
support,soutien
support,soutien
supporter,supporter
supportive,solidaire
suppose,supposer
supposedly,soi-disant
suppress,supprimer
supreme,suprême
sure,sûr
sure,sûr
surely,sûrement
surface,surface
surge,déferlement
surge,déferlement
surgeon,chirurgien
surgery,chirurgie
surgical,chirurgicale
surplus,excédentaire
surprise,surprise
surprise,surprise
surprised,surpris
surprising,surprenant
surrender,se rendre
surround,entourer
surrounding,entourant
surveillance,surveillance
survey,enquête
survey,enquête
survival,survie
survive,survivre
survivor,survivant
suspect,suspect
suspect,suspect
suspend,suspendre
suspension,suspension
suspicion,suspicion
suspicious,suspicieux
sustain,soutenir
sustainable,durable
swallow,avaler
swear,jurer
sweater,pull-over
sweep,balayer
sweet,doux
sweet,doux
swim,nager
swim,nager
swimming,natation
swing,balançoire
swing,balançoire
switch,interrupteur
switch,interrupteur
sword,épée
symbol,symbole
symbolic,symbolique
sympathetic,sympathique
sympathy,sympathie
symptom,symptôme
syndrome,syndrome
synthesis,synthèse
system,système
systematic,systématique
T-shirt,T-shirt
table,table
tablet,tablette
tackle,plaquer
tackle,plaquer
tactic,tactique
tactical,tactique
tag,étiquette
tag,étiquette
tail,queue
take,prendre
tale,conte
talent,talent
talented,talentueux
talk,parler
talk,parler
tall,grand
tank,réservoir
tap,robinet
tap,robinet
tape,bande
target,cible
target,cible
task,tâche
taste,goût
taste,goût
tax,taxe
tax,taxe
taxi,taxi
taxpayer,contribuable
tea,thé
teach,enseigner
teacher,enseignant
teaching,enseignement
team,équipe
tear,déchirure
tear,déchirure
technical,technique
technique,technique
technological,technologique
technology,technologie
teenage,adolescent
teenager,adolescent
teens,adolescents
telephone,téléphone
telephone,téléphone
television,télévision
tell,dire
temperature,température
temple,temple
temporarily,temporairement
temporary,temporaire
tempt,tenter
ten,dix
tenant,locataire
tend,tendre
tendency,tendance
tender,appel d'offres
tennis,tennis
tension,tension
tent,tente
tenure,titularisation
term,terme
term,terme
terminal,terminal
terminal,terminal
terminate,résilier
terms,termes
terrain,terrain
terrible,terrible
terribly,terriblement
terrific,formidable
terrify,terrifier
territory,territoire
terror,terreur
terrorism,le terrorisme
terrorist,terroriste
test,test
test,test
testify,témoigner
testimony,témoignage
testing,essais
text,texte
text,texte
textbook,manuel
texture,la texture
than,que
than,que
thank,remercier
thankfully,heureusement
thanks,Merci de votre attention.
thanks,Merci de votre attention.
that,que
that,que
that,que
that,que
the,les
theatre,théâtre
theatrical,théâtral
theft,vol
their,leur
theirs,leurs
them,les
theme,thème
themselves,eux-mêmes
then,puis
theology,la théologie
theoretical,théorique
theory,théorie
therapist,thérapeute
therapy,thérapie
there,là
thereafter,par la suite
thereby,de ce fait
therefore,par conséquent
thesis,thèse
they,ils
thick,épais
thief,voleur
thin,mince
thing,chose
think,penser
thinking,réflexion
third,troisième
third,troisième
thirsty,assoiffé
thirteen,treize
thirty,trente
this,cette
this,cette
this,cette
thorough,approfondi
thoroughly,en profondeur
though,cependant
though,cependant
thought,pensée
thought-provoking,qui suscite la réflexion
thoughtful,réfléchi
thousand,mille
thread,fil
threat,menace
threaten,menacer
three,trois
threshold,seuil
thrilled,ravie
thrive,prospérer
throat,gorge
through,à travers
through,à travers
throughout,tout au long de l'année
throughout,tout au long de l'année
throw,lancer
thumb,pouce
Thursday,Jeudi
thus,ainsi
ticket,billet
tide,marée
tidy,bien rangé
tidy,bien rangé
tie,cravate
tie,cravate
tight,serré
tighten,serrer
till,jusqu'à
till,jusqu'à
timber,bois
time,temps
time,temps
timely,en temps utile
timing,timing
tin,étain
tiny,minuscule
tip,pointe
tip,pointe
tired,fatigué
tissue,tissu
title,titre
title,titre
to,à
to,à
tobacco,le tabac
today,aujourd'hui
today,aujourd'hui
toe,orteil
together,ensemble
toilet,toilettes
tolerance,tolérance
tolerate,tolérer
toll,péage
tomato,tomate
tomorrow,demain
tomorrow,demain
ton,tonne
tone,tonalité
tongue,langue
tonight,ce soir
tonight,ce soir
tonne,tonne
too,aussi
tool,outil
tooth,dent
top,sommet
top,sommet
top,sommet
topic,thème
torture,torture
torture,torture
toss,lancer
total,total
total,total
total,total
totally,totalement
touch,toucher
touch,toucher
tough,dur
tour,tournée
tour,tournée
tourism,le tourisme
tourist,touristique
tournament,tournoi
towards,vers
towel,serviette
tower,tour
town,ville
toxic,toxique
toy,jouet
toy,jouet
trace,tracer
trace,tracer
track,piste
track,piste
trade,commerce
trade,commerce
trademark,marque
trading,commerce
tradition,tradition
traditional,traditionnelle
traffic,circulation
tragedy,tragédie
tragic,tragique
trail,piste
trail,piste
trailer,remorque
train,train
train,train
trainer,formateur
training,formation
trait,trait
transaction,transaction
transcript,transcription
transfer,transfert
transfer,transfert
transform,transformer
transformation,transformation
transit,transit
transition,transition
translate,traduire
translation,la traduction
transmission,transmission
transmit,transmettre
transparency,la transparence
transparent,transparent
transport,transport
transport,transport
transportation,le transport
trap,piège
trap,piège
trauma,traumatisme
travel,voyage
travel,voyage
traveller,voyageur
treasure,trésor
treat,traiter
treatment,traitement
treaty,traité
tree,arbre
tremendous,formidable
trend,tendance
trial,procès
tribal,tribal
tribe,tribu
tribunal,tribunal
tribute,hommage
trick,astuce
trick,astuce
trigger,déclencher
trigger,déclencher
trillion,trillion
trio,trio
trip,voyage
trip,voyage
triumph,triomphe
troop,troupe
trophy,trophée
tropical,tropicale
trouble,problème
trouble,problème
troubled,troublé
trousers,pantalon
truck,camion
true,vrai
truly,vraiment
trust,confiance
trust,confiance
trustee,administrateur
truth,vérité
try,essayer
try,essayer
tsunami,tsunami
tube,tube
Tuesday,Mardi
tuition,scolarité
tune,air
tunnel,tunnel
turn,tourner
turn,tourner
turnout,participation
turnover,rotation
TV,TV
twelve,douze
twenty,vingt
twice,deux fois
twin,jumeau
twin,jumeau
twist,torsion
twist,torsion
two,deux
type,type
type,type
typical,typique
typically,typiquement
tyre,pneu
ugly,mocheté
ultimate,ultime
ultimately,en fin de compte
umbrella,parapluie
unable,incapable
unacceptable,inacceptable
uncertainty,incertitude
uncle,oncle
uncomfortable,inconfortable
unconscious,inconscient
under,sous
under,sous
undergo,subir
undergraduate,premier cycle
underground,souterrain
underground,souterrain
underlying,sous-jacente
undermine,saper
understand,comprendre
understanding,compréhension
undertake,s'engager
underwear,sous-vêtements
undoubtedly,sans aucun doute
unemployed,chômeurs
unemployment,le chômage
unexpected,inattendu
unfair,injuste
unfold,se dérouler
unfortunate,malheureux
unfortunately,malheureusement
unhappy,malheureux
uniform,uniforme
unify,unifier
union,syndicat
unique,unique
unit,unité
unite,s'unir
united,unis
unity,l'unité
universal,universel
universe,univers
university,l'université
unknown,inconnue
unless,sauf si
unlike,contrairement à
unlikely,peu probable
unnecessary,inutile
unpleasant,désagréable
unprecedented,sans précédent
until,jusqu'à
until,jusqu'à
unusual,inhabituel
unveil,dévoiler
up,monter
up,monter
upcoming,à venir
update,mise à jour
update,mise à jour
upgrade,mise à niveau
upgrade,mise à niveau
uphold,soutenir
upon,sur
upper,supérieur
upset,contrariété
upset,contrariété
upstairs,à l'étage
upstairs,à l'étage
upwards,vers le haut
urban,urbain
urge,presser
urgent,urgent
us,nous
usage,utilisation
use,utiliser
use,utiliser
used,utilisé
used to,utilisé pour
useful,utile
useless,inutile
user,utilisateur
usual,habituel
usually,généralement
utility,service public
utilize,utiliser
utterly,totalement
vacation,vacances
vacuum,vide
vague,vague
valid,valide
validity,validité
valley,vallée
valuable,précieux
value,valeur
value,valeur
van,fourgon
vanish,disparaître
variable,variable
variable,variable
variation,variation
varied,varié
variety,variété
various,divers
vary,varier
vast,vaste
vegetable,légumes
vehicle,véhicule
vein,veine
venture,risque
venture,risque
venue,lieu
verbal,verbal
verdict,verdict
verify,vérifier
verse,vers
version,version
versus,par rapport à
vertical,vertical
very,très
very,très
vessel,navire
veteran,vétéran
via,via
viable,viable
vibrant,dynamique
vice,vice
vicious,vicieux
victim,victime
victory,victoire
video,vidéo
view,vue
view,vue
viewer,téléspectateur
viewpoint,point de vue
village,village
villager,villageois
violate,violer
violation,violation
violence,la violence
violent,violent
virtual,virtuel
virtue,la vertu
virus,virus
visa,visa
visible,visible
vision,vision
visit,visiter
visit,visiter
visitor,visiteur
visual,visuel
vital,vitale
vitamin,vitamine
vocal,vocal
voice,voix
volume,volume
voluntary,volontaire
volunteer,volontaire
volunteer,volontaire
vote,vote
vote,vote
voting,vote
vow,vœu
vulnerability,vulnérabilité
vulnerable,vulnérable
wage,salaire
wait,attendre
wait,attendre
waiter,serveur
wake,réveil
walk,marcher
walk,marcher
wall,mur
wander,errer
want,vouloir
war,guerre
ward,pupille
warehouse,entrepôt
warfare,guerre
warm,chaud
warm,chaud
warming,réchauffement
warn,avertir
warning,avertissement
warrant,mandat
warrant,mandat
warrior,guerrier
wash,laver
wash,laver
washing,lavage
waste,déchets
waste,déchets
waste,déchets
watch,regarder
watch,regarder
water,l'eau
water,l'eau
wave,vague
wave,vague
way,manière
way,manière
we,nous
weak,faible
weaken,affaiblir
weakness,faiblesse
wealth,richesse
wealthy,riches
weapon,arme
wear,porter
weather,météo
weave,tisser
web,web
website,site web
wedding,mariage
Wednesday,Mercredi
weed,adventice
week,semaine
weekend,week-end
weekly,hebdomadaire
weigh,peser
weight,poids
weird,bizarre
welcome,bienvenue
welcome,bienvenue
welcome,bienvenue
welcome,bienvenue
welfare,bien-être
well,bien
well,bien
well,bien
well,bien
well-being,le bien-être
west,Ouest
west,Ouest
west,Ouest
western,occidental
wet,humide
what,ce que
what,ce que
whatever,Quoi qu'il en soit
whatever,Quoi qu'il en soit
whatever,Quoi qu'il en soit
whatsoever,quel qu'il soit
wheat,blé
wheel,roue
when,quand
when,quand
when,quand
whenever,chaque fois que
where,où
where,où
whereas,considérant que
whereby,en vertu de laquelle
wherever,où que ce soit
whether,si
which,qui
which,qui
while,alors que
while,alors que
whilst,tout en
whip,fouet
whisper,chuchoter
whisper,chuchoter
white,blanc
white,blanc
who,qui
whoever,qui que ce soit
whole,entier
whole,entier
wholly,entièrement
whom,qui
whose,dont
whose,dont
why,pourquoi
wide,large
widely,largement
widen,élargir
widespread,très répandu
widow,veuve
width,largeur
wife,épouse
wild,sauvage
wildlife,faune
will,volonté
will,volonté
willing,volontaire
willingness,volonté
win,gagner
win,gagner
wind,vent
wind,vent
window,fenêtre
wine,le vin
wing,aile
winner,vainqueur
winter,l'hiver
wipe,essuyer
wire,fil de fer
wisdom,la sagesse
wise,sage
wish,souhait
wish,souhait
wit,esprit
with,avec
withdraw,se retirer
withdrawal,retrait
within,à l'intérieur
without,sans
witness,témoin
witness,témoin
woman,femme
wonder,miracle
wonder,miracle
wonderful,merveilleux
wood,bois
wooden,en bois
wool,laine
word,mot
work,travail
work,travail
worker,travailleur
workforce,effectifs
working,travail
workout,entraînement
workplace,lieu de travail
workshop,atelier
world,monde
worldwide,dans le monde entier
worldwide,dans le monde entier
worm,ver
worried,inquiet
worry,s'inquiéter
worry,s'inquiéter
worse,pire
worse,pire
worse,pire
worship,culte
worship,culte
worst,le pire
worst,le pire
worst,le pire
worth,valeur
worth,valeur
worthwhile,intéressant
worthy,digne
would,serait
wound,blessure
wound,blessure
wow,wow
wrap,envelopper
wrist,poignet
write,écrire
writer,écrivain
writing,l'écriture
written,écrit
wrong,erroné
wrong,erroné
wrong,erroné
yard,cour
yeah,oui
year,année
yell,crier
yellow,jaune
yellow,jaune
yes,oui
yesterday,hier
yesterday,hier
yet,encore
yet,encore
yield,rendement
yield,rendement
you,vous
young,jeune
young,jeune
youngster,jeune
your,votre
yours,la vôtre
yourself,toi-même
youth,la jeunesse
zero,zéro
zone,zone
conversely,inversement
mediation,médiation
cherry,cerise
testword,mot d&#39;essai
