English,Russian
a,a
abandon,锌芯泻懈薪褍褌褜
ability,褋锌芯褋芯斜薪芯褋褌褜
able,褋锌芯褋芯斜薪褘泄
abolish,褍锌褉邪蟹写薪懈褌褜
abortion,邪斜芯褉褌
about,芯
about,芯
above,胁褘褕械
above,胁褘褕械
abroad,蟹邪 谐褉邪薪懈褑械泄
absence,芯褌褋褍褌褋褌胁懈械
absent,芯褌褋褍褌褋褌胁褍械褌
absolute,邪斜褋芯谢褞褌薪褘泄
absolutely,邪斜褋芯谢褞褌薪芯
absorb,锌芯谐谢芯褖邪褌褜
abstract,褉械褎械褉邪褌
absurd,邪斜褋褍褉写
abundance,懈蟹芯斜懈谢懈械
abuse,蟹谢芯褍锌芯褌褉械斜谢械薪懈械
abuse,蟹谢芯褍锌芯褌褉械斜谢械薪懈械
academic,邪泻邪写械屑懈褔械褋泻邪褟
academic,邪泻邪写械屑懈褔械褋泻邪褟
academy,邪泻邪写械屑懈褟
accelerate,褍褋泻芯褉懈褌褜
accent,袗泻褑械薪褌
accept,锌褉懈薪褟褌褜
acceptable,锌褉懈械屑谢械屑褘泄
acceptance,锌褉懈薪褟褌懈械
access,写芯褋褌褍锌
access,写芯褋褌褍锌
accessible,写芯褋褌褍锌薪褘泄
accident,邪胁邪褉懈褟
accidentally,褋谢褍褔邪泄薪芯
accommodate,褉邪蟹屑械褋褌懈褌褜
accommodation,褉邪蟹屑械褖械薪懈械
accompany,褋芯锌褉芯胁芯卸写邪褌褜
accomplish,胁褘锌芯谢薪懈褌褜
accomplishment,写芯褋褌懈卸械薪懈械
accordance,褋芯芯褌胁械褌褋褌胁懈械
according to,褋芯谐谢邪褋薪芯
accordingly,褋芯芯褌胁械褌褋褌胁械薪薪芯
account,褋褔械褌
account,褋褔械褌
accountability,锌芯写芯褌褔械褌薪芯褋褌褜
accountable,锌芯写芯褌褔械褌薪褘泄
accountant,斜褍褏谐邪谢褌械褉
accounting,斜褍褏谐邪谢褌械褉褋泻懈泄 褍褔械褌
accumulate,薪邪泻邪锌谢懈胁邪褌褜
accumulation,薪邪泻芯锌谢械薪懈械
accuracy,褌芯褔薪芯褋褌褜
accurate,褌芯褔薪褘泄
accurately,褌芯褔薪芯
accusation,芯斜胁懈薪械薪懈械
accuse,芯斜胁懈薪褟褌褜
accused,芯斜胁懈薪褟械屑褘泄
achieve,写芯褋褌懈褔褜
achievement,写芯褋褌懈卸械薪懈械
acid,泻懈褋谢芯褌邪
acid,泻懈褋谢芯褌邪
acknowledge,锌芯写褌胁械褉写懈褌褜
acquire,锌褉懈芯斜褉械褋褌懈
acquisition,锌褉懈芯斜褉械褌械薪懈械
acre,邪泻褉
across,褔械褉械蟹
across,褔械褉械蟹
act,邪泻褌
act,邪泻褌
action,写械泄褋褌胁懈械
activate,邪泻褌懈胁懈褉芯胁邪褌褜
activation,邪泻褌懈胁邪褑懈褟
active,邪泻褌懈胁薪邪褟
activist,邪泻褌懈胁懈褋褌
activity,写械褟褌械谢褜薪芯褋褌褜
actor,邪泻褌械褉
actress,邪泻褌褉懈褋邪
actual,褎邪泻褌懈褔械褋泻懈泄
actually,薪邪 褋邪屑芯屑 写械谢械
acute,芯褋褌褉褘泄
ad,芯斜褗褟胁谢械薪懈械
adapt,邪写邪锌褌懈褉芯胁邪褌褜
adaptation,邪写邪锌褌邪褑懈褟
add,写芯斜邪胁懈褌褜
addiction,蟹邪胁懈褋懈屑芯褋褌褜
addition,写芯斜邪胁谢械薪懈械
additional,写芯锌芯谢薪懈褌械谢褜薪芯
additionally,写芯锌芯谢薪懈褌械谢褜薪芯
address,邪写褉械褋
address,邪写褉械褋
adequate,邪写械泻胁邪褌薪褘泄
adequately,邪写械泻胁邪褌薪芯
adhere,锌褉懈写械褉卸懈胁邪褌褜褋褟
adjacent,锌褉懈谢械谐邪褞褖邪褟 褌械褉褉懈褌芯褉懈褟
adjust,薪邪褋褌褉芯懈褌褜
adjustment,褉械谐褍谢懈褉芯胁泻邪
administer,邪写屑懈薪懈褋褌褉懈褉芯胁邪褌褜
administration,邪写屑懈薪懈褋褌褉邪褑懈褟
administrative,邪写屑懈薪懈褋褌褉邪褌懈胁薪褘泄
administrator,邪写屑懈薪懈褋褌褉邪褌芯褉
admire,胁芯褋褏懈褖邪褌褜褋褟
admission,锌芯褋褌褍锌谢械薪懈械
admit,锌褉懈蟹薪邪褌褜
adolescent,锌芯写褉芯褋褌芯泻
adopt,锌褉懈薪褟褌褜
adoption,褍褋褘薪芯胁谢械薪懈械
adult,胁蟹褉芯褋谢褘泄
adult,胁蟹褉芯褋谢褘泄
advance,邪胁邪薪褋
advance,邪胁邪薪褋
advance,邪胁邪薪褋
advanced,锌褉芯写胁懈薪褍褌褘泄
advantage,锌褉械懈屑褍褖械褋褌胁芯
adventure,锌褉懈泻谢褞褔械薪懈褟
adverse,薪械斜谢邪谐芯锌褉懈褟褌薪褘械
advertise,褉械泻谢邪屑懈褉芯胁邪褌褜
advertisement,褉械泻谢邪屑邪
advertising,褉械泻谢邪屑邪
advice,褋芯胁械褌
advise,锌芯褋芯胁械褌褍泄褌械
advocate,袗写胁芯泻邪褌
advocate,袗写胁芯泻邪褌
aesthetic,褝褋褌械褌懈泻邪
affair,褉芯屑邪薪
affect,胁谢懈褟褌褜
affection,锌褉懈胁褟蟹邪薪薪芯褋褌褜
afford,锌芯蟹胁芯谢懈褌褜 褋械斜械
affordable,写芯褋褌褍锌薪褘泄
afraid,斜芯懈褌褋褟
after,锌芯褋谢械
after,锌芯褋谢械
after,锌芯褋谢械
aftermath,锌芯褋谢械写褋褌胁懈褟
afternoon,锌芯褋谢械 芯斜械写邪
afterwards,锌芯褋谢械 褝褌芯谐芯
again,褋薪芯胁邪
against,锌褉芯褌懈胁
age,胁芯蟹褉邪褋褌
age,胁芯蟹褉邪褋褌
aged,胁 胁芯蟹褉邪褋褌械
agency,邪谐械薪褌褋褌胁芯
agenda,锌芯胁械褋褌泻邪 写薪褟
agent,邪谐械薪褌
aggression,邪谐褉械褋褋懈褟
aggressive,邪谐褉械褋褋懈胁薪褘泄
ago,薪邪蟹邪写
agree,褋芯谐谢邪褋械薪
agreement,褋芯谐谢邪褕械薪懈械
agricultural,褋械谢褜褋泻芯械 褏芯蟹褟泄褋褌胁芯
agriculture,褋械谢褜褋泻芯械 褏芯蟹褟泄褋褌胁芯
ah,邪褏
ahead,胁锌械褉械写
aid,锌芯屑芯褖褜
aid,锌芯屑芯褖褜
aide,锌芯屑芯褖薪懈泻
AIDS,小袩袠袛
aim,褑械谢褜
aim,褑械谢褜
air,胁芯蟹写褍褏
aircraft,褋邪屑芯谢械褌
airline,邪胁懈邪泻芯屑锌邪薪懈褟
airport,邪褝褉芯锌芯褉褌
alarm,褋懈谐薪邪谢懈蟹邪褑懈褟
alarm,褋懈谐薪邪谢懈蟹邪褑懈褟
albeit,褏芯褌褟 懈
album,邪谢褜斜芯屑
alcohol,邪谢泻芯谐芯谢褜
alcoholic,邪谢泻芯谐芯谢褜
alert,芯锌芯胁械褖械薪懈械
alert,芯锌芯胁械褖械薪懈械
alert,芯锌芯胁械褖械薪懈械
alien,懈薪芯锌谢邪薪械褌褟薪懈薪
alien,懈薪芯锌谢邪薪械褌褟薪懈薪
align,胁褘褉芯胁薪褟褌褜
alignment,胁褘褉邪胁薪懈胁邪薪懈械
alike,锌芯褏芯卸懈械
alike,锌芯褏芯卸懈械
alive,卸懈胁芯泄
all,胁褋械
all,胁褋械
all,胁褋械
all right,胁褋褢 胁 锌芯褉褟写泻械
all right,胁褋褢 胁 锌芯褉褟写泻械
all right,胁褋褢 胁 锌芯褉褟写泻械
allegation,褍褌胁械褉卸写械薪懈械
allege,"褍褌胁械褉卸写邪褌褜, 褔褌芯"
allegedly,锌褉械写锌芯谢芯卸懈褌械谢褜薪芯
alliance,邪谢褜褟薪褋
allocate,胁褘写械谢懈褌褜
allocation,褉邪褋锌褉械写械谢械薪懈械
allow,褉邪蟹褉械褕懈褌褜
allowance,锌芯褋芯斜懈械
ally,褋芯褞蟹薪懈泻
almost,锌芯褔褌懈
alone,胁 芯写懈薪芯褔泻褍
alone,胁 芯写懈薪芯褔泻褍
along,胁写芯谢褜
along,胁写芯谢褜
alongside,褉褟写芯屑 褋
already,褍卸械
also,褌邪泻卸械
alter,懈蟹屑械薪懈褌褜
alternative,邪谢褜褌械褉薪邪褌懈胁邪
alternative,邪谢褜褌械褉薪邪褌懈胁邪
although,褏芯褌褟
altogether,胁 褑械谢芯屑
aluminium,邪谢褞屑懈薪懈泄
always,胁褋械谐写邪
amateur,谢褞斜懈褌械谢褜
amateur,谢褞斜懈褌械谢褜
amazed,锌芯褉邪卸械薪
amazing,褍写懈胁懈褌械谢褜薪褘泄
ambassador,锌芯褋芯谢
ambition,邪屑斜懈褑懈懈
ambitious,邪屑斜懈褑懈芯蟹薪褘泄
ambulance,褋泻芯褉邪褟 锌芯屑芯褖褜
amend,胁薪械褋褌懈 懈蟹屑械薪械薪懈褟
amendment,锌芯锌褉邪胁泻邪
amid,薪邪 褎芯薪械
among,褋褉械写懈
amount,褋褍屑屑邪
amount,褋褍屑屑邪
amusing,蟹邪斜邪胁薪褘泄
analogy,邪薪邪谢芯谐懈褟
analyse,锌褉芯邪薪邪谢懈蟹懈褉芯胁邪褌褜
analysis,邪薪邪谢懈蟹
analyst,邪薪邪谢懈褌懈泻
ancestor,锌褉械写芯泻
anchor,褟泻芯褉褜
ancient,写褉械胁薪懈泄
and,懈
angel,邪薪谐械谢
anger,谐薪械胁
angle,褍谐芯谢
angrily,褋械褉写懈褌芯
angry,褋械褉写懈褌褘泄
animal,卸懈胁芯褌薪芯械
animation,邪薪懈屑邪褑懈褟
ankle,谢芯写褘卸泻邪
anniversary,褞斜懈谢械泄
announce,芯斜褗褟胁懈褌褜
announcement,芯斜褗褟胁谢械薪懈械
annoy,褉邪蟹写褉邪卸邪褌褜
annoyed,褉邪蟹写褉邪卸械薪薪褘泄
annoying,薪邪蟹芯泄谢懈胁褘泄
annual,械卸械谐芯写薪芯
annually,械卸械谐芯写薪芯
anonymous,邪薪芯薪懈屑
another,械褖械
another,械褖械
answer,芯褌胁械褌
answer,芯褌胁械褌
anticipate,锌褉械写胁懈写械褌褜
anxiety,斜械褋锌芯泻芯泄褋褌胁芯
anxious,褌褉械胁芯卸薪芯
any,谢褞斜芯泄
any,谢褞斜芯泄
any,谢褞斜芯泄
any more,斜芯谢褜褕械
anybody,泻褌芯 褍谐芯写薪芯
anyone,袣褌芯-薪懈斜褍写褜
anything,"胁褋械, 褔褌芯 褍谐芯写薪芯"
anyway,胁 谢褞斜芯屑 褋谢褍褔邪械
anywhere,胁械蟹写械
anywhere,胁械蟹写械
apart,芯褌写械谢褜薪芯
apartment,泻胁邪褉褌懈褉邪
apologize,懈蟹胁懈薪懈褌械褋褜
apology,懈蟹胁懈薪械薪懈褟
app,锌褉懈谢芯卸械薪懈械
apparatus,邪锌锌邪褉邪褌
apparent,芯褔械胁懈写薪芯械
apparently,"芯褔械胁懈写薪芯,"
appeal,邪锌械谢谢褟褑懈褟
appeal,邪锌械谢谢褟褑懈褟
appealing,锌褉懈胁谢械泻邪褌械谢褜薪褘泄
appear,锌芯褟胁谢褟褌褜褋褟
appearance,胁薪械褕薪懈泄 胁懈写
appetite,邪锌锌械褌懈褌
applaud,邪锌谢芯写懈褉芯胁邪褌褜
apple,褟斜谢芯泻芯
applicable,锌褉懈屑械薪懈屑芯
applicant,蟹邪褟胁懈褌械谢褜
application,锌褉懈谢芯卸械薪懈械
apply,锌褉懈屑械薪懈褌褜
appoint,薪邪蟹薪邪褔懈褌褜
appointment,薪邪蟹薪邪褔械薪懈械
appreciate,芯褑械薪懈褌械
appreciation,斜谢邪谐芯写邪褉薪芯褋褌褜
approach,锌芯写褏芯写
approach,锌芯写褏芯写
appropriate,褋芯芯褌胁械褌褋褌胁褍褞褖懈泄
appropriately,褋芯芯褌胁械褌褋褌胁褍褞褖懈屑 芯斜褉邪蟹芯屑
approval,芯写芯斜褉械薪懈械
approve,褍褌胁械褉写懈褌褜
approximately,锌褉懈屑械褉薪芯
April,袗锌褉械谢褜
arbitrary,锌褉芯懈蟹胁芯谢褜薪褘泄
architect,邪褉褏懈褌械泻褌芯褉
architectural,邪褉褏懈褌械泻褌褍褉邪
architecture,邪褉褏懈褌械泻褌褍褉邪
archive,邪褉褏懈胁
area,芯斜谢邪褋褌褜
arena,邪褉械薪邪
arguably,胁芯蟹屑芯卸薪芯
argue,褋锌芯褉懈褌褜
argument,邪褉谐褍屑械薪褌
arise,胁芯蟹薪懈泻薪褍褌褜
arm,褉褍泻邪
arm,褉褍泻邪
armed,胁芯芯褉褍卸械薪薪褘泄
arms,芯褉褍卸懈械
army,邪褉屑懈褟
around,胁芯泻褉褍谐
around,胁芯泻褉褍谐
arrange,芯褉谐邪薪懈蟹芯胁邪褌褜
arrangement,褉邪褋锌芯谢芯卸械薪懈械
array,屑邪褋褋懈胁
arrest,邪褉械褋褌
arrest,邪褉械褋褌
arrival,锌褉懈斜褘褌懈械
arrive,锌褉懈斜褘褌褜
arrow,褋褌褉械谢邪
art,懈褋泻褍褋褋褌胁芯
article,褋褌邪褌褜褟
articulate,邪褉褌懈泻褍谢懈褉芯胁邪褌褜
artificial,懈褋泻褍褋褋褌胁械薪薪褘泄
artist,褏褍写芯卸薪懈泻
artistic,褏褍写芯卸械褋褌胁械薪薪褘泄
artwork,锌褉芯懈蟹胁械写械薪懈褟 懈褋泻褍褋褋褌胁邪
as,胁 褉芯谢懈
as,胁 褉芯谢懈
as,胁 褉芯谢懈
ash,蟹芯谢邪
ashamed,褋褌褘写薪芯
aside,胁 褋褌芯褉芯薪褍
ask,褋锌褉芯褋懈褌械
asleep,褋锌懈褌
aspect,邪褋锌械泻褌
aspiration,邪褋锌懈褉邪褑懈褟
aspire,aspire
assassination,褍斜懈泄褋褌胁芯
assault,薪邪锌邪写械薪懈械
assault,薪邪锌邪写械薪懈械
assemble,褋芯斜褉邪褌褜
assembly,褋斜芯褉泻邪
assert,褍褌胁械褉卸写邪褌褜
assertion,褍褌胁械褉卸写械薪懈械
assess,芯褑械薪懈褌械
assessment,芯褑械薪泻邪
asset,邪泻褌懈胁
assign,薪邪蟹薪邪褔懈褌褜
assignment,蟹邪写邪薪懈械
assist,锌芯屑芯褖褜
assistance,锌芯屑芯褖褜
assistant,锌芯屑芯褖薪懈泻
assistant,锌芯屑芯褖薪懈泻
associate,锌芯屑芯褖薪懈泻
associated,褋胁褟蟹邪薪薪褘泄
association,邪褋褋芯褑懈邪褑懈褟
assume,"锌褉械写锌芯谢芯卸懈褌褜, 褔褌芯"
assumption,锌褉械写锌芯谢芯卸械薪懈械
assurance,蟹邪胁械褉械薪懈械
assure,蟹邪胁械褉懈褌褜
astonishing,褍写懈胁懈褌械谢褜薪褘泄
asylum,褍斜械卸懈褖械
at,薪邪
athlete,褋锌芯褉褌褋屑械薪
atmosphere,邪褌屑芯褋褎械褉邪
atrocity,蟹谢芯写械褟薪懈械
attach,锌褉懈泻褉械锌懈褌褜
attachment,胁谢芯卸械薪懈械
attack,邪褌邪泻邪
attack,邪褌邪泻邪
attain,写芯褋褌懈褔褜
attempt,锌芯锌褘褌泻邪
attempt,锌芯锌褘褌泻邪
attend,锌芯褋械褌懈褌褜 褋邪泄褌
attendance,锌芯褋械褖邪械屑芯褋褌褜
attention,胁薪懈屑邪薪懈械
attention,胁薪懈屑邪薪懈械
attitude,芯褌薪芯褕械薪懈械
attorney,邪写胁芯泻邪褌
attract,锌褉懈胁谢械泻邪褌褜
attraction,邪褌褌褉邪泻褑懈芯薪
attractive,锌褉懈胁谢械泻邪褌械谢褜薪褘泄
attribute,邪褌褉懈斜褍褌
attribute,邪褌褉懈斜褍褌
auction,邪褍泻褑懈芯薪
audience,邪褍写懈褌芯褉懈褟
audio,邪褍写懈芯
audit,邪褍写懈褌
August,袗胁谐褍褋褌
aunt,褌械褌褟
authentic,锌芯写谢懈薪薪褘泄
author,邪胁褌芯褉
authority,邪胁褌芯褉懈褌械褌
authorize,褉邪蟹褉械褕懈褌褜
auto,邪胁褌芯
automatic,邪胁褌芯屑邪褌懈褔械褋泻懈泄
automatically,邪胁褌芯屑邪褌懈褔械褋泻懈
autonomy,邪胁褌芯薪芯屑懈褟
autumn,芯褋械薪褜
availability,薪邪谢懈褔懈械
available,写芯褋褌褍锌薪芯
average,胁 褋褉械写薪械屑
average,胁 褋褉械写薪械屑
average,胁 褋褉械写薪械屑
avoid,懈蟹斜械谐邪泄褌械
await,芯卸懈写邪泄褌械
award,薪邪谐褉邪写邪
award,薪邪谐褉邪写邪
aware,蟹薪邪褌褜
awareness,芯褋胁械写芯屑谢械薪薪芯褋褌褜
away,锌褉芯褔褜
awful,褍卸邪褋薪褘泄
awkward,薪械谢芯胁泻芯
baby,褉械斜械薪芯泻
back,薪邪蟹邪写
back,薪邪蟹邪写
back,薪邪蟹邪写
back,薪邪蟹邪写
backdrop,褎芯薪
background,褎芯薪
backing,锌芯写写械褉卸泻邪
backup,褉械蟹械褉胁薪芯械 泻芯锌懈褉芯胁邪薪懈械
backwards,薪邪蟹邪写
bacteria,斜邪泻褌械褉懈懈
bad,锌谢芯褏芯泄
badge,蟹薪邪褔芯泻
badly,锌谢芯褏芯
bag,褋褍屑泻邪
bail,蟹邪谢芯谐
bake,懈褋锌械褔褜
balance,斜邪谢邪薪褋
balance,斜邪谢邪薪褋
balanced,褋斜邪谢邪薪褋懈褉芯胁邪薪薪褘泄
ball,褕邪褉
ballet,斜邪谢械褌
balloon,胁芯蟹写褍褕薪褘泄 褕邪褉
ballot,斜褞谢谢械褌械薪褜
ban,蟹邪锌褉械褌懈褌褜
ban,蟹邪锌褉械褌懈褌褜
banana,斜邪薪邪薪
band,谐褉褍锌锌邪
bank,斜邪薪泻
banner,斜邪薪薪械褉
bar,斜邪褉
bar,斜邪褉
bare,谐芯谢褘泄
barely,械写胁邪
bargain,胁褘谐芯写薪邪褟 褋写械谢泻邪
barrel,斜芯褔泻邪
barrier,斜邪褉褜械褉
base,斜邪蟹邪
base,斜邪蟹邪
baseball,斜械泄褋斜芯谢
based,薪邪 芯褋薪芯胁械
basement,锌芯写胁邪谢
basic,芯褋薪芯胁薪芯泄
basically,胁 芯褋薪芯胁薪芯屑
basis,芯褋薪芯胁邪
basket,泻芯褉蟹懈薪邪
basketball,斜邪褋泻械褌斜芯谢
bass,斜邪褋
bat,谢械褌褍褔邪褟 屑褘褕褜
bat,谢械褌褍褔邪褟 屑褘褕褜
bath,胁邪薪薪邪
bathroom,胁邪薪薪邪褟 泻芯屑薪邪褌邪
battery,邪泻泻褍屑褍谢褟褌芯褉
battle,斜懈褌胁邪
battle,斜懈褌胁邪
battlefield,锌芯谢械 斜芯褟
bay,蟹邪谢懈胁
be,斜褘褌褜
be,斜褘褌褜
beach,锌谢褟卸
beam,谢褍褔
bean,褎邪褋芯谢褜
bear,屑械写胁械写褜
bear,屑械写胁械写褜
beast,蟹胁械褉褜
beat,锌芯斜械写懈褌褜
beat,锌芯斜械写懈褌褜
beautiful,泻褉邪褋懈胁褘泄
beauty,泻褉邪褋芯褌邪
because,锌芯褌芯屑褍 褔褌芯
become,褋褌邪褌褜
bed,泻褉芯胁邪褌褜
bedroom,褋锌邪谢褜薪褟
bee,锌褔械谢邪
beef,谐芯胁褟写懈薪邪
beer,锌懈胁芯
before,写芯
before,写芯
before,写芯
beg,褍屑芯谢褟褌褜
begin,薪邪褔邪褌褜
beginning,薪邪褔邪谢芯
behalf,芯褌 懈屑械薪懈
behave,胁械褋褌懈 褋械斜褟
behaviour,锌芯胁械写械薪懈械
behind,蟹邪
behind,蟹邪
being,斜褘褌褜
belief,胁械褉邪
believe,胁械褉懈褌褜
bell,泻芯谢芯泻芯谢
belong,锌褉懈薪邪写谢械卸邪褌褜
beloved,谢褞斜懈屑邪褟
below,薪懈卸械
below,薪懈卸械
belt,褉械屑械薪褜
bench,褋泻邪屑褜褟
benchmark,褝褌邪谢芯薪
bend,懈蟹谐懈斜
bend,懈蟹谐懈斜
beneath,锌芯写
beneficial,胁褘谐芯写薪芯
beneficiary,斜械薪械褎懈褑懈邪褉
benefit,胁褘谐芯写邪
benefit,胁褘谐芯写邪
bent,褋芯谐薪褍褌褘泄
beside,褉褟写芯屑 褋
besides,泻褉芯屑械
besides,泻褉芯屑械
best,谢褍褔褕懈泄
best,谢褍褔褕懈泄
best,谢褍褔褕懈泄
bet,褋褌邪胁泻邪
bet,褋褌邪胁泻邪
betray,锌褉械写邪褌褜
better,谢褍褔褕械
better,谢褍褔褕械
better,谢褍褔褕械
between,屑械卸写褍
between,屑械卸写褍
beyond,蟹邪 锌褉械写械谢邪屑懈
beyond,蟹邪 锌褉械写械谢邪屑懈
bias,褋屑械褖械薪懈械
bicycle,胁械谢芯褋懈锌械写
bid,褋褌邪胁泻邪
bid,褋褌邪胁泻邪
big,斜芯谢褜褕芯泄
bike,胁械谢芯褋懈锌械写
bill,斜懈谢谢
bill,斜懈谢谢
billion,屑懈谢谢懈邪褉写
bin,bin
bind,褋胁褟蟹邪褌褜
biography,斜懈芯谐褉邪褎懈褟
biological,斜懈芯谢芯谐懈褔械褋泻懈泄
biology,斜懈芯谢芯谐懈褟
bird,锌褌懈褑邪
birth,褉芯卸写械薪懈械
birthday,写械薪褜 褉芯卸写械薪懈褟
biscuit,斜懈褋泻胁懈褌
bishop,械锌懈褋泻芯锌
bit,斜懈褌
bite,褍泻褍褋
bite,褍泻褍褋
bitter,谐芯褉褜泻懈泄
bizarre,褋褌褉邪薪薪褘泄
black,褔械褉薪褘泄
black,褔械褉薪褘泄
blade,谢械蟹胁懈械
blame,胁懈薪懈褌褜
blame,胁懈薪懈褌褜
blank,锌褍褋褌芯泄
blank,锌褍褋褌芯泄
blanket,芯写械褟谢芯
blast,胁蟹褉褘胁
blast,胁蟹褉褘胁
bleed,泻褉芯胁芯褌械褔械薪懈械
blend,褋屑械褋褜
blend,褋屑械褋褜
bless,斜谢邪谐芯褋谢芯胁懈褌械
blessing,斜谢邪谐芯褋谢芯胁械薪懈械
blind,褋谢械锌芯泄
block,斜谢芯泻
block,斜谢芯泻
blog,斜谢芯谐
blonde,斜谢芯薪写懈薪泻邪
blood,泻褉芯胁褜
blow,写褍褌褜
blow,写褍褌褜
blue,谐芯谢褍斜芯泄
blue,谐芯谢褍斜芯泄
board,写芯褋泻邪
board,写芯褋泻邪
boast,褏胁邪褋褌邪褌褜褋褟
boat,谢芯写泻邪
body,褌械谢芯
boil,胁邪褉懈褌褜
bold,锌芯谢褍卸懈褉薪褘泄
bomb,斜芯屑斜邪
bomb,斜芯屑斜邪
bombing,斜芯屑斜邪褉写懈褉芯胁泻邪
bond,芯斜谢懈谐邪褑懈褟
bone,泻芯褋褌褜
bonus,斜芯薪褍褋
book,泻薪懈谐邪
book,泻薪懈谐邪
booking,斜褉芯薪懈褉芯胁邪薪懈械
boom,褋褌褉械谢邪
boost,褍胁械谢懈褔懈褌褜
boost,褍胁械谢懈褔懈褌褜
boot,蟹邪谐褉褍蟹泻邪
border,谐褉邪薪懈褑邪
border,谐褉邪薪懈褑邪
bored,褋泻褍褔薪芯
boring,褋泻褍褔薪芯
born,褉芯写懈谢褋褟
borrow,芯写芯谢卸懈褌褜
boss,斜芯褋褋
both,芯斜邪
both,芯斜邪
bother,斜械褋锌芯泻芯懈褌褜
bottle,斜褍褌褘谢泻邪
bottom,写薪芯
bottom,写薪芯
bounce,芯褌褋泻芯泻
bound,褋胁褟蟹邪薪薪褘泄
boundary,谐褉邪薪懈褑邪
bow,斜邪薪褌
bow,斜邪薪褌
bowl,褔邪褕邪
box,褟褖懈泻
boy,屑邪谢褜褔懈泻
boyfriend,锌邪褉械薪褜
brain,屑芯蟹谐
branch,褎懈谢懈邪谢
brand,斜褉械薪写
brand,斜褉械薪写
brave,褏褉邪斜褉褘泄
breach,锌褉芯褉褘胁
breach,锌褉芯褉褘胁
bread,褏谢械斜
break,锌械褉械褉褘胁
break,锌械褉械褉褘胁
breakdown,锌芯谢芯屑泻邪
breakfast,蟹邪胁褌褉邪泻
breakthrough,锌褉芯褉褘胁
breast,谐褉褍写褜
breath,写褘褏邪薪懈械
breathe,写褘褕邪褌褜
breathing,写褘褏邪薪懈械
breed,锌芯褉芯写邪
breed,锌芯褉芯写邪
brick,泻懈褉锌懈褔
bride,薪械胁械褋褌邪
bridge,屑芯褋褌
brief,泻褉邪褌泻芯械 褋芯写械褉卸邪薪懈械
briefly,泻褉邪褌泻芯
bright,褟褉泻懈泄
brilliant,斜谢械褋褌褟褖懈泄
bring,锌褉懈薪械褋褌懈
broad,褕懈褉芯泻懈泄
broadband,褕懈褉芯泻芯锌芯谢芯褋薪褘泄 写芯褋褌褍锌
broadcast,胁械褖邪薪懈械
broadcast,胁械褖邪薪懈械
broadcaster,胁械褖邪褌械谢褜
broadly,胁 褑械谢芯屑
broken,褋谢芯屑邪薪薪褘泄
brother,斜褉邪褌
brown,泻芯褉懈褔薪械胁褘泄
brown,泻芯褉懈褔薪械胁褘泄
browser,斜褉邪褍蟹械褉
brush,泻懈褋褌褜
brush,泻懈褋褌褜
brutal,卸械褋褌芯泻懈泄
bubble,锌褍蟹褘褉褜
buck,斜邪泻褋
buddy,锌褉懈褟褌械谢褜
budget,斜褞写卸械褌
buffer,斜褍褎械褉
bug,芯褕懈斜泻邪
build,锌芯褋褌褉芯懈褌褜
building,蟹写邪薪懈械
bulk,芯锌褌芯屑
bullet,锌褍谢褟
bunch,斜褍泻械褌
burden,斜褉械屑褟
bureaucracy,斜褞褉芯泻褉邪褌懈褟
burial,蟹邪褏芯褉芯薪械薪懈械
burn,芯卸芯谐
burn,芯卸芯谐
burst,褉邪蟹褉褘胁
bury,锌芯褏芯褉芯薪懈褌褜
bus,邪胁褌芯斜褍褋
bush,泻褍褋褌
business,斜懈蟹薪械褋
businessman,斜懈蟹薪械褋屑械薪
busy,蟹邪薪褟褌
but,薪芯
but,薪芯
butter,袦邪褋谢芯
button,泻薪芯锌泻邪
buy,泻褍锌懈褌褜
by,薪邪
by,薪邪
bye,锌芯泻邪
cabin,泻邪斜懈薪邪
cabinet,褕泻邪褎
cable,泻邪斜械谢褜
cafe,泻邪褎械
cake,褌芯褉褌
calculate,褉邪褋褋褔懈褌邪褌褜
calculation,褉邪褋褔械褌
call,蟹胁芯薪懈褌械
call,蟹胁芯薪懈褌械
calm,褋锌芯泻芯泄褋褌胁懈械
calm,褋锌芯泻芯泄褋褌胁懈械
calm,褋锌芯泻芯泄褋褌胁懈械
camera,泻邪屑械褉邪
camp,谢邪谐械褉褜
camp,谢邪谐械褉褜
campaign,泻邪屑锌邪薪懈褟
campaign,泻邪屑锌邪薪懈褟
camping,泻械屑锌懈薪谐
campus,泻邪屑锌褍褋
can,屑芯卸薪芯
can,屑芯卸薪芯
canal,泻邪薪邪谢
cancel,芯褌屑械薪懈褌褜
cancer,褉邪泻
candidate,泻邪薪写懈写邪褌
candle,褋胁械褔邪
cannot,薪械 屑芯卸械褌
canvas,褏芯谢褋褌
cap,褕邪锌芯褔泻邪
capability,胁芯蟹屑芯卸薪芯褋褌褜
capable,褋锌芯褋芯斜薪褘泄
capacity,械屑泻芯褋褌褜
capital,泻邪锌懈褌邪谢
capital,泻邪锌懈褌邪谢
capitalism,泻邪锌懈褌邪谢懈蟹屑
capitalist,泻邪锌懈褌邪谢懈褋褌懈褔械褋泻懈泄
captain,泻邪锌懈褌邪薪
capture,蟹邪褏胁邪褌
capture,蟹邪褏胁邪褌
car,邪胁褌芯屑芯斜懈谢褜
carbon,褍谐谢械褉芯写
card,泻邪褉褌邪
care,褍褏芯写
care,褍褏芯写
career,泻邪褉褜械褉邪
careful,芯褋褌芯褉芯卸薪芯
carefully,芯褋褌芯褉芯卸薪芯
careless,袧械芯褋褌芯褉芯卸薪芯褋褌褜
cargo,谐褉褍蟹
carpet,泻芯胁械褉
carriage,泻邪褉械褌邪
carrot,屑芯褉泻芯胁褜
carry,锌械褉械薪芯褋泻邪
cartoon,屑褍谢褜褌褎懈谢褜屑
carve,胁褘褉械蟹邪褌褜
case,写械谢芯
cash,薪邪谢懈褔薪褘械
casino,泻邪蟹懈薪芯
cast,谢懈褌褜械
cast,谢懈褌褜械
castle,蟹邪屑芯泻
casual,褋谢褍褔邪泄薪褘泄
casualty,薪械褋褔邪褋褌薪褘泄 褋谢褍褔邪泄
cat,泻芯褌
catalogue,泻邪褌邪谢芯谐
catch,锌芯泄屑邪褌褜
catch,锌芯泄屑邪褌褜
category,泻邪褌械谐芯褉懈褟
cater,泻械泄褌械褉
cattle,泻褉褍锌薪褘泄 褉芯谐邪褌褘泄 褋泻芯褌
cause,锌褉懈褔懈薪邪
cause,锌褉懈褔懈薪邪
caution,芯褋褌芯褉芯卸薪芯
cautious,芯褋褌芯褉芯卸薪芯
cave,锌械褖械褉邪
CD,CD
cease,锌褉械泻褉邪褌懈褌褜
ceiling,锌芯褌芯谢芯泻
celebrate,芯褌锌褉邪蟹写薪芯胁邪褌褜
celebration,锌褉邪蟹写薪懈泻
celebrity,蟹薪邪屑械薪懈褌芯褋褌懈
cell,褟褔械泄泻邪
cemetery,泻谢邪写斜懈褖械
cent,褑械薪褌
central,褑械薪褌褉邪谢褜薪褘泄
centre,褑械薪褌褉
centre,褑械薪褌褉
century,胁械泻
ceremony,褑械褉械屑芯薪懈褟
certain,芯锌褉械写械谢械薪薪褘泄
certainly,泻芯薪械褔薪芯
certainty,褍胁械褉械薪薪芯褋褌褜
certificate,褋械褉褌懈褎懈泻邪褌
chain,褑械锌褜
chain,褑械锌褜
chair,泻褉械褋谢芯
chair,泻褉械褋谢芯
chairman,锌褉械写褋械写邪褌械谢褜
challenge,胁褘蟹芯胁
challenge,胁褘蟹芯胁
challenging,胁褘蟹芯胁
chamber,泻邪屑械褉邪
champion,褔械屑锌懈芯薪
championship,褔械屑锌懈芯薪邪褌
chance,褕邪薪褋
change,懈蟹屑械薪懈褌褜
change,懈蟹屑械薪懈褌褜
channel,泻邪薪邪谢
chaos,褏邪芯褋
chapter,谐谢邪胁邪
character,锌械褉褋芯薪邪卸
characteristic,褏邪褉邪泻褌械褉懈褋褌懈泻邪
characteristic,褏邪褉邪泻褌械褉懈褋褌懈泻邪
characterize,芯褏邪褉邪泻褌械褉懈蟹芯胁邪褌褜
charge,蟹邪褉褟写
charge,蟹邪褉褟写
charity,斜谢邪谐芯褌胁芯褉懈褌械谢褜薪芯褋褌褜
charm,褕邪褉屑
charming,芯褔邪褉芯胁邪褌械谢褜薪褘泄
chart,谐褉邪褎懈泻
chart,谐褉邪褎懈泻
charter,褔邪褉褌械褉
chase,锌褉械褋谢械写芯胁邪褌褜
chase,锌褉械褋谢械写芯胁邪褌褜
chat,褔邪褌
chat,褔邪褌
cheap,写械褕械胁褘械
cheap,写械褕械胁褘械
cheat,屑芯褕械薪薪懈褔械褋褌胁芯
cheat,屑芯褕械薪薪懈褔械褋褌胁芯
check,锌褉芯胁械褉褜褌械
check,锌褉芯胁械褉褜褌械
cheek,褖械泻邪
cheer,锌芯写写械褉卸邪褌褜
cheer,锌芯写写械褉卸邪褌褜
cheerful,胁械褋械谢褘泄
cheese,褋褘褉
chef,褕械褎-锌芯胁邪褉
chemical,褏懈屑懈褔械褋泻懈泄
chemical,褏懈屑懈褔械褋泻懈泄
chemistry,褏懈屑懈褟
chest,谐褉褍写褜
chicken,泻褍褉懈褑邪
chief,褕械褎
chief,褕械褎
child,褉械斜械薪芯泻
childhood,写械褌褋褌胁芯
chip,褔懈锌
chocolate,褕芯泻芯谢邪写
choice,胁褘斜芯褉
choir,褏芯褉
choose,胁褘斜械褉懈褌械
chop,芯褌斜懈胁薪邪褟
chronic,褏褉芯薪懈褔械褋泻懈泄
chunk,泻褍褋芯泻
church,褑械褉泻芯胁褜
cigarette,褋懈谐邪褉械褌邪
cinema,泻懈薪芯褌械邪褌褉
circle,泻褉褍谐
circle,泻褉褍谐
circuit,褋褏械屑邪
circulate,褑懈褉泻褍谢懈褉芯胁邪褌褜
circulation,褑懈褉泻褍谢褟褑懈褟
circumstance,芯斜褋褌芯褟褌械谢褜褋褌胁芯
cite,褑懈褌懈褉芯胁邪褌褜
citizen,谐褉邪卸写邪薪懈薪
citizenship,谐褉邪卸写邪薪褋褌胁芯
city,谐芯褉芯写
civic,谐褉邪卸写邪薪褋泻懈泄
civil,谐褉邪卸写邪薪褋泻邪褟
civilian,谐褉邪卸写邪薪褋泻懈泄
civilian,谐褉邪卸写邪薪褋泻懈泄
civilization,褑懈胁懈谢懈蟹邪褑懈褟
claim,锌褉械褌械薪蟹懈褟
claim,锌褉械褌械薪蟹懈褟
clarify,褍褌芯褔薪懈褌褜
clarity,褟褋薪芯褋褌褜
clash,褋褌芯谢泻薪芯胁械薪懈械
class,泻谢邪褋褋
classic,泻谢邪褋褋懈泻邪
classic,泻谢邪褋褋懈泻邪
classical,泻谢邪褋褋懈泻邪
classification,泻谢邪褋褋懈褎懈泻邪褑懈褟
classify,泻谢邪褋褋懈褎懈褑懈褉芯胁邪褌褜
classroom,泻谢邪褋褋薪邪褟 泻芯屑薪邪褌邪
clause,锌褍薪泻褌
clean,褔懈褋褌褘泄
clean,褔懈褋褌褘泄
cleaning,芯褔懈褋褌泻邪
clear,芯褔懈褋褌懈褌褜
clear,芯褔懈褋褌懈褌褜
clearly,褟褋薪芯
clerk,泻谢械褉泻
clever,褍屑薪褘泄
click,薪邪卸屑懈褌械
click,薪邪卸屑懈褌械
client,泻谢懈械薪褌
cliff,泻谢懈褎褎
climate,泻谢懈屑邪褌
climb,胁芯褋褏芯卸写械薪懈械
climb,胁芯褋褏芯卸写械薪懈械
cling,褑械锌谢褟褌褜褋褟
clinic,泻谢懈薪懈泻邪
clinical,泻谢懈薪懈褔械褋泻邪褟
clip,泻谢懈锌
clock,褔邪褋褘
close,蟹邪泻褉褘褌褜
close,蟹邪泻褉褘褌褜
close,蟹邪泻褉褘褌褜
close,蟹邪泻褉褘褌褜
closed,蟹邪泻褉褘褌褘泄
closely,斜谢懈蟹泻芯
closure,蟹邪泻褉褘褌懈械
cloth,褌泻邪薪褜
clothes,芯写械卸写邪
clothing,芯写械卸写邪
cloud,芯斜谢邪泻芯
club,泻谢褍斜
clue,锌芯写褋泻邪蟹泻邪
cluster,泻谢邪褋褌械褉
coach,褌褉械薪械褉
coach,褌褉械薪械褉
coal,褍谐芯谢褜
coalition,泻芯邪谢懈褑懈褟
coast,锌芯斜械褉械卸褜械
coastal,锌褉懈斜褉械卸薪褘泄
coat,锌邪谢褜褌芯
cocktail,泻芯泻褌械泄谢褜
code,泻芯写
coffee,泻芯褎械
cognitive,泻芯谐薪懈褌懈胁薪褘泄
coin,屑芯薪械褌邪
coincide,褋芯胁锌邪写邪褌褜
coincidence,褋芯胁锌邪写械薪懈械
cold,褏芯谢芯写
cold,褏芯谢芯写
collaborate,褋芯褌褉褍写薪懈褔邪褌褜
collaboration,褋芯褌褉褍写薪懈褔械褋褌胁芯
collapse,芯斜胁邪谢
collapse,芯斜胁邪谢
colleague,泻芯谢谢械谐邪
collect,褋芯斜懈褉邪褌褜
collection,泻芯谢谢械泻褑懈褟
collective,泻芯谢谢械泻褌懈胁
collector,泻芯谢谢械泻褌芯褉
college,泻芯谢谢械写卸
collision,褋褌芯谢泻薪芯胁械薪懈械
colonial,袣芯谢芯薪懈邪谢褜薪褘泄
colony,泻芯谢芯薪懈褟
colour,褑胁械褌
coloured,褑胁械褌薪芯泄
colourful,泻褉邪褋芯褔薪褘泄
column,泻芯谢芯薪泻邪
columnist,芯斜芯蟹褉械胁邪褌械谢褜
combat,斜芯泄
combat,斜芯泄
combination,泻芯屑斜懈薪邪褑懈褟
combine,泻芯屑斜邪泄薪
come,蟹邪褏芯写懈褌械
comedy,泻芯屑械写懈褟
comfort,泻芯屑褎芯褉褌
comfort,泻芯屑褎芯褉褌
comfortable,褍写芯斜薪褘泄
comic,泻芯屑懈泻褋
comic,泻芯屑懈泻褋
command,泻芯屑邪薪写邪
command,泻芯屑邪薪写邪
commander,泻芯屑邪薪写懈褉
commence,薪邪褔邪褌褜
comment,泻芯屑屑械薪褌邪褉懈泄
comment,泻芯屑屑械薪褌邪褉懈泄
commentary,泻芯屑屑械薪褌邪褉懈泄
commentator,泻芯屑屑械薪褌邪褌芯褉
commerce,褌芯褉谐芯胁谢褟
commercial,泻芯屑屑械褉褔械褋泻邪褟
commercial,泻芯屑屑械褉褔械褋泻邪褟
commission,泻芯屑懈褋褋懈褟
commission,泻芯屑懈褋褋懈褟
commissioner,泻芯屑懈褋褋邪褉
commit,蟹邪褎懈泻褋懈褉芯胁邪褌褜
commitment,芯斜褟蟹邪褌械谢褜褋褌胁芯
committee,泻芯屑懈褌械褌
commodity,褌芯胁邪褉
common,芯斜褖懈泄
commonly,芯斜褘褔薪芯
communicate,芯斜褖邪褌褜褋褟
communication,芯斜褖械薪懈械
communist,泻芯屑屑褍薪懈褋褌
community,褋芯芯斜褖械褋褌胁芯
companion,泻芯屑锌邪薪褜芯薪
company,泻芯屑锌邪薪懈褟
comparable,褋芯锌芯褋褌邪胁懈屑芯
comparative,褋褉邪胁薪懈褌械谢褜薪褘泄
compare,褋褉邪胁薪懈褌褜
comparison,褋褉邪胁薪械薪懈械
compassion,小芯褋褌褉邪写邪薪懈械
compel,蟹邪褋褌邪胁谢褟褌褜
compelling,褍斜械写懈褌械谢褜薪芯
compensate,泻芯屑锌械薪褋懈褉芯胁邪褌褜
compensation,泻芯屑锌械薪褋邪褑懈褟
compete,泻芯薪泻褍褉懈褉芯胁邪褌褜
competence,泻芯屑锌械褌械薪褑懈褟
competent,泻芯屑锌械褌械薪褌薪褘泄
competition,泻芯薪泻褍褉褋
competitive,泻芯薪泻褍褉械薪褌芯褋锌芯褋芯斜薪芯褋褌褜
competitor,泻芯薪泻褍褉械薪褌
compile,褋泻芯屑锌懈谢懈褉芯胁邪褌褜
complain,卸邪谢芯胁邪褌褜褋褟
complaint,卸邪谢芯斜邪
complement,写芯锌芯谢薪械薪懈械
complete,锌芯谢薪褘泄
complete,锌芯谢薪褘泄
completely,锌芯谢薪芯褋褌褜褞
completion,蟹邪胁械褉褕械薪懈械
complex,泻芯屑锌谢械泻褋
complex,泻芯屑锌谢械泻褋
complexity,褋谢芯卸薪芯褋褌褜
compliance,褋芯芯褌胁械褌褋褌胁懈械
complicated,褋谢芯卸薪褘泄
complication,芯褋谢芯卸薪械薪懈械
comply,褋芯斜谢褞写邪褌褜
component,泻芯屑锌芯薪械薪褌
compose,褋芯褔懈薪懈褌褜
composer,泻芯屑锌芯蟹懈褌芯褉
composition,褋芯褋褌邪胁
compound,褋芯械写懈薪械薪懈械
comprehensive,胁褋械芯斜褗械屑谢褞褖懈泄
comprise,褋芯褋褌邪胁谢褟褞褌
compromise,泻芯屑锌褉芯屑懈褋褋
compromise,泻芯屑锌褉芯屑懈褋褋
compulsory,芯斜褟蟹邪褌械谢褜薪褘泄
compute,胁褘褔懈褋谢懈褌褜
computer,泻芯屑锌褜褞褌械褉
conceal,褋泻褉褘褌褜
concede,褍褋褌褍锌邪褌褜
conceive,蟹邪褔邪褌褜 褉械斜械薪泻邪
concentrate,泻芯薪褑械薪褌褉邪褌
concentration,泻芯薪褑械薪褌褉邪褑懈褟
concept,泻芯薪褑械锌褑懈褟
conception,蟹邪褔邪褌懈械
concern,泻芯薪褑械褉薪
concern,泻芯薪褑械褉薪
concerned,芯斜械褋锌芯泻芯械薪薪褘泄
concert,泻芯薪褑械褉褌
concession,泻芯薪褑械褋褋懈褟
conclude,蟹邪泻谢褞褔懈褌褜
conclusion,蟹邪泻谢褞褔械薪懈械
concrete,斜械褌芯薪
concrete,斜械褌芯薪
condemn,芯褋褍写懈褌褜
condition,褍褋谢芯胁懈械
conduct,锌褉芯胁械褋褌懈
conduct,锌褉芯胁械褋褌懈
confer,泻芯薪褎械褉械薪褑懈褟
conference,泻芯薪褎械褉械薪褑懈褟
confess,锌褉懈蟹薪邪褌褜褋褟
confession,锌褉懈蟹薪邪薪懈械
confidence,褍胁械褉械薪薪芯褋褌褜
confident,褍胁械褉械薪薪芯
configuration,泻芯薪褎懈谐褍褉邪褑懈褟
confine,芯谐褉邪薪懈褔懈褌褜
confirm,锌芯写褌胁械褉写懈褌褜
confirmation,锌芯写褌胁械褉卸写械薪懈械
conflict,泻芯薪褎谢懈泻褌
conflict,泻芯薪褎谢懈泻褌
confront,锌褉芯褌懈胁芯褋褌芯褟褌褜
confrontation,锌褉芯褌懈胁芯褋褌芯褟薪懈械
confuse,蟹邪锌褍褌邪褌褜
confused,胁 蟹邪屑械褕邪褌械谢褜褋褌胁械
confusing,锌褍褌邪薪懈褑邪
confusion,锌褍褌邪薪懈褑邪
congratulate,锌芯蟹写褉邪胁懈褌褜
congregation,芯斜褖懈薪邪
congressional,袣芯薪谐褉械褋褋
connect,锌芯写泻谢褞褔懈褌褜褋褟
connected,锌芯写泻谢褞褔械薪芯
connection,褋芯械写懈薪械薪懈械
conquer,锌芯泻芯褉懈褌褜
conscience,褋芯胁械褋褌褜
conscious,褋芯蟹薪邪薪懈械
consciousness,褋芯蟹薪邪薪懈械
consecutive,锌芯写褉褟写
consensus,泻芯薪褋械薪褋褍褋
consent,褋芯谐谢邪褋懈械
consent,褋芯谐谢邪褋懈械
consequence,褋谢械写褋褌胁懈械
consequently,褋谢械写芯胁邪褌械谢褜薪芯
conservation,芯褏褉邪薪邪 锌褉懈褉芯写褘
conservative,泻芯薪褋械褉胁邪褌芯褉褘
conservative,泻芯薪褋械褉胁邪褌芯褉褘
conserve,褋芯褏褉邪薪懈褌褜
consider,褉邪褋褋屑芯褌褉懈屑
considerable,蟹薪邪褔懈褌械谢褜薪褘泄
considerably,蟹薪邪褔懈褌械谢褜薪芯
consideration,褉邪褋褋屑芯褌褉械薪懈械
consist,褋芯褋褌芯褟褌褜
consistency,泻芯薪褋懈褋褌械薪褑懈褟
consistent,锌芯褋谢械写芯胁邪褌械谢褜薪褘泄
consistently,锌芯褋褌芯褟薪薪芯
consolidate,泻芯薪褋芯谢懈写懈褉芯胁邪褌褜
conspiracy,蟹邪谐芯胁芯褉
constant,锌芯褋褌芯褟薪薪邪褟
constantly,锌芯褋褌芯褟薪薪芯
constituency,懈蟹斜懈褉邪褌械谢褜薪褘泄 芯泻褉褍谐
constitute,褋芯蟹写邪褌褜
constitution,泻芯薪褋褌懈褌褍褑懈褟
constitutional,袣芯薪褋褌懈褌褍褑懈褟
constraint,芯谐褉邪薪懈褔械薪懈械
construct,锌芯褋褌褉芯懈褌褜
construction,褋褌褉芯懈褌械谢褜褋褌胁芯
consult,锌褉芯泻芯薪褋褍谢褜褌懈褉芯胁邪褌褜褋褟
consultant,泻芯薪褋褍谢褜褌邪薪褌
consultation,泻芯薪褋褍谢褜褌邪褑懈褟
consume,锌芯褌褉械斜谢褟褌褜
consumer,锌芯褌褉械斜懈褌械谢褜
consumption,锌芯褌褉械斜谢械薪懈械
contact,褋胁褟蟹邪褌褜褋褟 褋
contact,褋胁褟蟹邪褌褜褋褟 褋
contain,褋芯写械褉卸邪褌
container,泻芯薪褌械泄薪械褉
contemplate,褋芯蟹械褉褑邪褌褜
contemporary,褋芯胁褉械屑械薪薪褘泄
contempt,锌褉械蟹褉械薪懈械
contend,褋锌芯褉懈褌褜
contender,褋芯锌械褉薪懈泻
content,褋芯写械褉卸邪薪懈械
content,褋芯写械褉卸邪薪懈械
contention,褋芯锌械褉薪懈褔械褋褌胁芯
contest,泻芯薪泻褍褉褋
contest,泻芯薪泻褍褉褋
context,泻芯薪褌械泻褋褌
continent,泻芯薪褌懈薪械薪褌
continually,锌芯褋褌芯褟薪薪芯
continue,锌褉芯写芯谢卸懈褌褜
continuous,薪械锌褉械褉褘胁薪褘泄
contract,泻芯薪褌褉邪泻褌
contract,泻芯薪褌褉邪泻褌
contractor,锌芯写褉褟写褔懈泻
contradiction,锌褉芯褌懈胁芯褉械褔懈械
contrary,胁芯锌褉械泻懈
contrary,胁芯锌褉械泻懈
contrast,泻芯薪褌褉邪褋褌
contrast,泻芯薪褌褉邪褋褌
contribute,胁薪械褋褌懈 褋胁芯泄 胁泻谢邪写
contribution,胁泻谢邪写
contributor,胁泻谢邪写褔懈泻
control,褍锌褉邪胁谢械薪懈械
control,褍锌褉邪胁谢械薪懈械
controversial,褋锌芯褉薪褘泄
controversy,褋锌芯褉褘
convenience,褍写芯斜褋褌胁芯
convenient,褍写芯斜薪褘泄
convention,褋褗械蟹写
conventional,芯斜褘褔薪褘械
conversation,褉邪蟹谐芯胁芯褉
conversion,泻芯薪胁械褉褋懈褟
convert,泻芯薪胁械褉褌懈褉芯胁邪褌褜
convey,锌械褉械写邪褌褜
convict,泻邪褌芯褉卸薪懈泻
conviction,锌褉懈谐芯胁芯褉
convince,褍斜械写懈褌褜
convinced,褍斜械卸写械薪
convincing,褍斜械写懈褌械谢褜薪芯
cook,谐芯褌芯胁懈褌褜
cook,谐芯褌芯胁懈褌褜
cooker,锌谢懈褌邪
cooking,锌褉懈谐芯褌芯胁谢械薪懈械
cool,锌褉芯褏谢邪写薪褘泄
cool,锌褉芯褏谢邪写薪褘泄
cooperate,褋芯褌褉褍写薪懈褔邪褌褜
cooperative,泻芯芯锌械褉邪褌懈胁
coordinate,泻芯芯褉写懈薪邪褌邪
coordination,泻芯芯褉写懈薪邪褑懈褟
coordinator,泻芯芯褉写懈薪邪褌芯褉
cop,锌芯谢懈褑械泄褋泻懈泄
cope,褋锌褉邪胁懈褌褜褋褟
copper,屑械写褜
copy,泻芯锌懈褟
copy,泻芯锌懈褟
copyright,邪胁褌芯褉褋泻芯械 锌褉邪胁芯
core,褟写褉芯
core,褟写褉芯
corner,褍谐芯谢
corporate,泻芯褉锌芯褉邪褌懈胁薪褘泄
corporation,泻芯褉锌芯褉邪褑懈褟
correct,锌褉邪胁懈谢褜薪芯
correct,锌褉邪胁懈谢褜薪芯
correction,泻芯褉褉械泻褑懈褟
correctly,锌褉邪胁懈谢褜薪芯
correlate,泻芯褉褉械谢懈褉芯胁邪褌褜
correlation,泻芯褉褉械谢褟褑懈褟
correspond,袩械褉械锌懈褋褘胁邪泄褌械褋褜
correspondence,锌械褉械锌懈褋泻邪
correspondent,袣芯褉褉械褋锌芯薪写械薪褌
corresponding,褋芯芯褌胁械褌褋褌胁褍褞褖懈泄
corridor,泻芯褉懈写芯褉
corrupt,袣芯褉褉褍锌褑懈褟
corruption,泻芯褉褉褍锌褑懈褟
cost,褋褌芯懈屑芯褋褌褜
cost,褋褌芯懈屑芯褋褌褜
costly,写芯褉芯谐芯褋褌芯褟褖懈泄
costume,泻芯褋褌褞屑
cottage,泻芯褌褌械写卸
cotton,褏谢芯锌芯泻
could,屑芯卸械褌
council,褋芯胁械褌
councillor,褋芯胁械褌薪懈泻
counselling,泻芯薪褋褍谢褜褌懈褉芯胁邪薪懈械
counsellor,泻芯薪褋褍谢褜褌邪薪褌
count,褋褔懈褌邪褌褜
count,褋褔懈褌邪褌褜
counter,褋褔械褌褔懈泻
counter,褋褔械褌褔懈泻
counterpart,邪薪邪谢芯谐
countless,斜械褋褔懈褋谢械薪薪褘械
country,褋褌褉邪薪邪
countryside,褋械谢褜褋泻邪褟 屑械褋褌薪芯褋褌褜
county,芯泻褉褍谐
coup,锌械褉械胁芯褉芯褌
couple,锌邪褉邪
courage,屑褍卸械褋褌胁芯
course,泻褍褉褋
court,褋褍写
courtesy,谢褞斜械蟹薪芯
cousin,泻褍蟹械薪
cover,芯斜谢芯卸泻邪
cover,芯斜谢芯卸泻邪
coverage,锌芯泻褉褘褌懈械
covered,泻褉褘褌褘泄
cow,泻芯褉芯胁邪
crack,褌褉械褖懈薪邪
crack,褌褉械褖懈薪邪
craft,褉械屑械褋谢芯
craft,褉械屑械褋谢芯
crash,邪胁邪褉懈褟
crash,邪胁邪褉懈褟
crawl,锌芯谢蟹褌懈
crazy,褋褍屑邪褋褕械写褕懈泄
cream,泻褉械屑
cream,泻褉械屑
create,褋芯蟹写邪褌褜
creation,褋芯蟹写邪薪懈械
creative,泻褉械邪褌懈胁
creativity,褌胁芯褉褔械褋褌胁芯
creator,褋芯蟹写邪褌械谢褜
creature,褋褍褖械褋褌胁芯
credibility,写芯胁械褉懈械
credible,蟹邪褋谢褍卸懈胁邪褞褖懈泄 写芯胁械褉懈褟
credit,泻褉械写懈褌
credit,泻褉械写懈褌
creep,锌芯谢蟹褌懈
crew,褝泻懈锌邪卸
crime,锌褉械褋褌褍锌谢械薪懈械
criminal,泻褉懈屑懈薪邪谢
criminal,泻褉懈屑懈薪邪谢
crisis,泻褉懈蟹懈褋
criterion,泻褉懈褌械褉懈泄
critic,泻褉懈褌懈泻
critical,泻褉懈褌懈褔械褋泻懈泄
critically,泻褉懈褌懈褔械褋泻懈
criticism,泻褉懈褌懈泻邪
criticize,泻褉懈褌懈泻芯胁邪褌褜
critique,泻褉懈褌懈泻邪
crop,褍褉芯卸邪泄
cross,泻褉械褋褌
cross,泻褉械褋褌
crowd,褌芯谢锌邪
crowded,锌械褉械锌芯谢薪械薪薪褘泄
crown,泻芯褉芯薪邪
crucial,褉械褕邪褞褖懈泄
crude,褋褘褉芯泄
cruel,卸械褋褌芯泻懈泄
cruise,泻褉褍懈蟹
cruise,泻褉褍懈蟹
crush,褉邪蟹写邪胁懈褌褜
cry,锌谢邪泻邪褌褜
cry,锌谢邪泻邪褌褜
crystal,泻褉懈褋褌邪谢谢
cue,泻懈泄
cult,泻褍谢褜褌
cult,泻褍谢褜褌
cultivate,胁褘褉邪褖懈胁邪褌褜
cultural,泻褍谢褜褌褍褉邪
culture,泻褍谢褜褌褍褉邪
cup,褔邪褕泻邪
cupboard,褕泻邪褎
cure,胁褘谢械褔懈褌褜
cure,胁褘谢械褔懈褌褜
curiosity,谢褞斜芯锌褘褌褋褌胁芯
curious,谢褞斜芯锌褘褌薪褘泄
curly,胁褜褞褖懈械褋褟
currency,胁邪谢褞褌邪
current,褌械泻褍褖懈泄
current,褌械泻褍褖懈泄
currently,胁 薪邪褋褌芯褟褖械械 胁褉械屑褟
curriculum,褍褔械斜薪褘泄 锌谢邪薪
curtain,褕褌芯褉邪
curve,泻褉懈胁邪褟
curve,泻褉懈胁邪褟
curved,懈蟹芯谐薪褍褌褘泄
custody,袨锌械泻邪
custom,薪邪 蟹邪泻邪蟹
customer,泻谢懈械薪褌
cut,褉邪蟹褉械蟹邪褌褜
cut,褉邪蟹褉械蟹邪褌褜
cute,屑懈谢褘泄
cutting,褉械蟹泻邪
cycle,褑懈泻谢
cycle,褑懈泻谢
cynical,褑懈薪懈褔薪褘泄
dad,锌邪锌邪
daily,械卸械写薪械胁薪芯
daily,械卸械写薪械胁薪芯
dairy,屑芯谢芯褔薪褘械 锌褉芯写褍泻褌褘
dairy,屑芯谢芯褔薪褘械 锌褉芯写褍泻褌褘
dam,锌谢芯褌懈薪邪
damage,褍褖械褉斜
damage,褍褖械褉斜
damaging,锌芯胁褉械卸写械薪懈械
dance,褌邪薪械褑
dance,褌邪薪械褑
dancer,褌邪薪褑芯褉
dancing,褌邪薪褑褘
danger,芯锌邪褋薪芯褋褌褜
dangerous,芯锌邪褋薪芯
dare,芯褋屑械谢懈褌褜褋褟
dark,褌械屑薪褘泄
dark,褌械屑薪褘泄
darkness,褌褜屑邪
data,写邪薪薪褘械
database,斜邪蟹邪 写邪薪薪褘褏
date,写邪褌邪
date,写邪褌邪
daughter,写芯褔褜
dawn,褉邪褋褋胁械褌
day,写械薪褜
dead,屑械褉褌胁褘泄
deadline,褋褉芯泻
deadly,褋屑械褉褌械谢褜薪褘泄
deal,褋写械谢泻邪
deal,褋写械谢泻邪
dealer,写懈谢械褉
dear,褍胁邪卸邪械屑褘泄
dear,褍胁邪卸邪械屑褘泄
death,褋屑械褉褌褜
debate,写械斜邪褌褘
debate,写械斜邪褌褘
debris,屑褍褋芯褉
debt,写芯谢谐
debut,袛械斜褞褌
decade,写械褋褟褌懈谢械褌懈械
December,袛械泻邪斜褉褜
decent,写芯褋褌芯泄薪褘泄
decide,褉械褕懈褌褜
decision,褉械褕械薪懈械
decision-making,锌褉懈薪褟褌懈械 褉械褕械薪懈泄
decisive,褉械褕懈褌械谢褜薪褘泄
deck,锌邪谢褍斜邪
declaration,写械泻谢邪褉邪褑懈褟
declare,芯斜褗褟胁懈褌褜
decline,褋薪懈卸械薪懈械
decline,褋薪懈卸械薪懈械
decorate,褍泻褉邪褋懈褌褜
decoration,褍泻褉邪褕械薪懈械
decrease,褍屑械薪褜褕懈褌褜
decrease,褍屑械薪褜褕懈褌褜
dedicated,褋锌械褑懈邪谢懈蟹懈褉芯胁邪薪薪褘泄
dedication,锌芯褋胁褟褖械薪懈械
deed,邪泻褌
deem,褋褔懈褌邪褌褜
deep,谐谢褍斜芯泻懈泄
deep,谐谢褍斜芯泻懈泄
deeply,谐谢褍斜芯泻芯
default,锌芯 褍屑芯谢褔邪薪懈褞
defeat,锌芯斜械写懈褌褜
defeat,锌芯斜械写懈褌褜
defect,写械褎械泻褌
defence,芯斜芯褉芯薪邪
defend,蟹邪褖懈褖邪褌褜
defender,蟹邪褖懈褌薪懈泻
defensive,袟邪褖懈褌邪
deficiency,薪械写芯褋褌邪褌芯泻
deficit,写械褎懈褑懈褌
define,芯锌褉械写械谢懈褌褜
definite,芯锌褉械写械谢械薪薪褘泄
definitely,芯锌褉械写械谢械薪薪芯
definition,芯锌褉械写械谢械薪懈械
defy,斜褉芯褋懈褌褜 胁褘蟹芯胁
degree,褋褌械锌械薪褜
delay,蟹邪写械褉卸泻邪
delay,蟹邪写械褉卸泻邪
delegate,写械谢械谐邪褌
delegation,写械谢械谐邪褑懈褟
delete,褍写邪谢懈褌褜
deliberate,锌褉械写薪邪屑械褉械薪薪芯
deliberately,薪邪屑械褉械薪薪芯
delicate,薪械卸薪褘泄
delicious,胁泻褍褋薪芯
delight,胁芯褋褏懈褖械薪懈械
delight,胁芯褋褏懈褖械薪懈械
delighted,胁 胁芯褋褌芯褉谐械
deliver,写芯褋褌邪胁懈褌褜
delivery,写芯褋褌邪胁泻邪
demand,褋锌褉芯褋
demand,褋锌褉芯褋
democracy,写械屑芯泻褉邪褌懈褟
democratic,写械屑芯泻褉邪褌懈褔械褋泻懈泄
demon,写械屑芯薪
demonstrate,锌褉芯写械屑芯薪褋褌褉懈褉芯胁邪褌褜
demonstration,写械屑芯薪褋褌褉邪褑懈褟
denial,芯褌泻邪蟹
denounce,芯褋褍写懈褌褜
dense,锌谢芯褌薪褘泄
density,锌谢芯褌薪芯褋褌褜
dentist,褋褌芯屑邪褌芯谢芯谐
deny,蟹邪锌褉械褌懈褌褜
depart,芯褌锌褉邪胁懈褌褜褋褟
department,芯褌写械谢
departure,芯褌锌褉邪胁谢械薪懈械
depend,蟹邪胁懈褋械褌褜
dependence,蟹邪胁懈褋懈屑芯褋褌褜
dependent,蟹邪胁懈褋懈屑褘泄
depict,懈蟹芯斜褉邪蟹懈褌褜
deploy,褉邪蟹胁械褉薪褍褌褜
deployment,褉邪蟹胁械褉褌褘胁邪薪懈械
deposit,写械锌芯蟹懈褌
deposit,写械锌芯蟹懈褌
depressed,写械锌褉械褋褋懈褟
depressing,写械锌褉械褋褋懈胁薪褘泄
depression,写械锌褉械褋褋懈褟
deprive,谢懈褕邪褌褜
depth,谐谢褍斜懈薪邪
deputy,蟹邪屑械褋褌懈褌械谢褜
derive,胁褘胁械褋褌懈
descend,褋锌褍褋泻邪褌褜褋褟
descent,褋锌褍褋泻
describe,芯锌懈褋邪褌褜
description,芯锌懈褋邪薪懈械
desert,锌褍褋褌褘薪褟
desert,锌褍褋褌褘薪褟
deserve,蟹邪褋谢褍卸懈褌褜
design,写懈蟹邪泄薪
design,写懈蟹邪泄薪
designate,褍泻邪蟹邪褌褜
designer,写懈蟹邪泄薪械褉
desirable,卸械谢邪褌械谢褜薪芯
desire,卸械谢邪薪懈械
desire,卸械谢邪薪懈械
desk,褋褌芯谢
desktop,褉邪斜芯褔懈泄 褋褌芯谢
desperate,袨褌褔邪褟薪薪褘泄
desperately,芯褌褔邪褟薪薪芯
despite,薪械褋屑芯褌褉褟 薪邪
destination,锌褍薪泻褌 薪邪蟹薪邪褔械薪懈褟
destroy,褍薪懈褔褌芯卸懈褌褜
destruction,褉邪蟹褉褍褕械薪懈械
destructive,褉邪蟹褉褍褕懈褌械谢褜薪褘泄
detail,锌芯写褉芯斜薪械械
detail,锌芯写褉芯斜薪械械
detailed,锌芯写褉芯斜薪芯
detain,蟹邪写械褉卸邪褌褜
detect,芯斜薪邪褉褍卸懈褌褜
detection,芯斜薪邪褉褍卸械薪懈械
detective,写械褌械泻褌懈胁
detention,褋芯写械褉卸邪薪懈械 锌芯写 褋褌褉邪卸械泄
deteriorate,褍褏褍写褕邪褌褜褋褟
determination,芯锌褉械写械谢械薪懈械
determine,芯锌褉械写械谢懈褌褜
determined,芯锌褉械写械谢械薪芯
devastate,芯锌褍褋褌芯褕邪褌褜
develop,褉邪蟹褉邪斜芯褌邪褌褜
development,褉邪蟹褉邪斜芯褌泻邪
device,褍褋褌褉芯泄褋褌胁芯
devil,写褜褟胁芯谢
devise,锌褉懈写褍屑褘胁邪褌褜
devote,锌芯褋胁褟褌懈褌褜
diagnose,写懈邪谐薪芯褋褌懈褉芯胁邪褌褜
diagnosis,写懈邪谐薪芯褋褌懈泻邪
diagram,写懈邪谐褉邪屑屑邪
dialogue,写懈邪谢芯谐
diamond,斜褉懈谢谢懈邪薪褌
diary,写薪械胁薪懈泻
dictate,写懈泻褌芯胁邪褌褜
dictator,写懈泻褌邪褌芯褉
dictionary,褋谢芯胁邪褉褜
die,褍屑械褉械褌褜
diet,写懈械褌邪
differ,芯褌谢懈褔邪褌褜褋褟
difference,褉邪蟹薪懈褑邪
different,褉邪蟹薪褘械
differentiate,褉邪蟹谢懈褔邪褌褜
differently,锌芯-褉邪蟹薪芯屑褍
difficult,褋谢芯卸薪芯
difficulty,褌褉褍写薪芯褋褌懈
dig,泻芯锌邪褌褜
digital,褑懈褎褉芯胁芯泄
dignity,写芯褋褌芯懈薪褋褌胁芯
dilemma,写懈谢械屑屑邪
dimension,褉邪蟹屑械褉
diminish,褍屑械薪褜褕邪褌褜褋褟
dinner,褍卸懈薪
dip,芯泻褍薪褍褌褜褋褟
diplomat,写懈锌谢芯屑邪褌
diplomatic,写懈锌谢芯屑邪褌懈褔械褋泻懈泄
direct,锌褉褟屑芯泄
direct,锌褉褟屑芯泄
direct,锌褉褟屑芯泄
direction,薪邪锌褉邪胁谢械薪懈械
directly,薪邪锌褉褟屑褍褞
director,写懈褉械泻褌芯褉
directory,泻邪褌邪谢芯谐
dirt,谐褉褟蟹褜
dirty,谐褉褟蟹薪褘泄
disability,懈薪胁邪谢懈写薪芯褋褌褜
disabled,芯褌泻谢褞褔械薪芯
disadvantage,薪械写芯褋褌邪褌芯泻
disagree,薪械 褋芯谐谢邪褕邪褌褜褋褟
disagreement,褉邪蟹薪芯谐谢邪褋懈褟
disappear,懈褋褔械蟹薪褍褌褜
disappoint,褉邪蟹芯褔邪褉芯胁褘胁邪褌褜
disappointed,褉邪蟹芯褔邪褉芯胁邪薪
disappointing,褉邪蟹芯褔邪褉芯胁褘胁邪械褌
disappointment,褉邪蟹芯褔邪褉芯胁邪薪懈械
disaster,斜械写褋褌胁懈械
disastrous,泻邪褌邪褋褌褉芯褎邪
disc,写懈褋泻
discard,胁褘斜褉芯褋懈褌褜
discharge,褉邪蟹褉褟写
discipline,写懈褋褑懈锌谢懈薪邪
disclose,褉邪褋泻褉褘褌褜 懈薪褎芯褉屑邪褑懈褞
disclosure,褉邪褋泻褉褘褌懈械 懈薪褎芯褉屑邪褑懈懈
discount,褋泻懈写泻邪
discount,褋泻懈写泻邪
discourage,锌褉械锌褟褌褋褌胁芯胁邪褌褜
discourse,写懈褋泻褍褉褋
discover,芯褌泻褉芯泄褌械 写谢褟 褋械斜褟
discovery,芯褌泻褉褘褌懈械
discretion,褍褋屑芯褌褉械薪懈械
discrimination,写懈褋泻褉懈屑懈薪邪褑懈褟
discuss,芯斜褋褍写懈褌褜
discussion,芯斜褋褍卸写械薪懈械
disease,斜芯谢械蟹薪褜
dish,斜谢褞写芯
dishonest,袧械褔械褋褌薪褘泄
disk,写懈褋泻
dislike,薪械 薪褉邪胁懈褌褋褟
dislike,薪械 薪褉邪胁懈褌褋褟
dismiss,褍胁芯谢懈褌褜
dismissal,褍胁芯谢褜薪械薪懈械
disorder,褉邪褋褋褌褉芯泄褋褌胁芯
displace,胁褘褌械褋薪懈褌褜
display,写懈褋锌谢械泄
display,写懈褋锌谢械泄
disposal,褍褌懈谢懈蟹邪褑懈褟
dispose,褍褌懈谢懈蟹懈褉芯胁邪褌褜
dispute,褋锌芯褉
dispute,褋锌芯褉
disrupt,薪邪褉褍褕懈褌褜
disruption,褋褉褘胁
dissolve,褉邪褋褌胁芯褉懈褌褜
distance,褉邪褋褋褌芯褟薪懈械
distant,写邪谢械泻懈泄
distinct,芯褌写械谢褜薪褘泄
distinction,褉邪蟹谢懈褔懈械
distinctive,芯褌谢懈褔懈褌械谢褜薪邪褟
distinguish,褉邪蟹谢懈褔邪褌褜
distort,懈褋泻邪卸邪褌褜
distract,芯褌胁谢械褔褜褋褟
distress,斜械写褋褌胁懈械
distress,斜械写褋褌胁懈械
distribute,褉邪褋锌褉芯褋褌褉邪薪褟褌褜
distribution,褉邪褋锌褉芯褋褌褉邪薪械薪懈械
district,芯泻褉褍谐
disturb,斜械褋锌芯泻芯懈褌褜
disturbing,褌褉械胁芯卸薪褘泄
dive,锌芯谐褉褍卸械薪懈械
dive,锌芯谐褉褍卸械薪懈械
diverse,褉邪蟹薪芯芯斜褉邪蟹薪褘械
diversity,褉邪蟹薪芯芯斜褉邪蟹懈械
divert,芯褌胁谢械褔褜褋褟
divide,褉邪蟹写械谢懈褌褜
divide,褉邪蟹写械谢懈褌褜
divine,斜芯卸械褋褌胁械薪薪褘泄
division,锌芯写褉邪蟹写械谢械薪懈械
divorce,褉邪蟹胁芯写
divorce,褉邪蟹胁芯写
divorced,褉邪蟹胁械写械薪薪褘械
do,褋写械谢邪褌褜
do,褋写械谢邪褌褜
doctor,写芯泻褌芯褉
doctrine,写芯泻褌褉懈薪邪
document,写芯泻褍屑械薪褌
document,写芯泻褍屑械薪褌
documentary,写芯泻褍屑械薪褌邪谢褜薪褘泄 褎懈谢褜屑
documentation,写芯泻褍屑械薪褌邪褑懈褟
dog,褋芯斜邪泻邪
dollar,写芯谢谢邪褉
domain,写芯屑械薪
domestic,写芯屑邪褕薪懈泄
dominance,写芯屑懈薪懈褉芯胁邪薪懈械
dominant,写芯屑懈薪邪薪褌邪
dominate,写芯屑懈薪懈褉芯胁邪褌褜
donate,锌芯卸械褉褌胁芯胁邪褌褜
donation,锌芯卸械褉褌胁芯胁邪薪懈械
donor,写芯薪芯褉
door,写胁械褉褜
dose,写芯蟹邪
dot,褌芯褔泻邪
double,写胁芯泄薪芯泄
double,写胁芯泄薪芯泄
double,写胁芯泄薪芯泄
double,写胁芯泄薪芯泄
double,写胁芯泄薪芯泄
doubt,褋芯屑薪械胁邪褌褜褋褟
doubt,褋芯屑薪械胁邪褌褜褋褟
down,胁薪懈蟹
down,胁薪懈蟹
download,褋泻邪褔邪褌褜
download,褋泻邪褔邪褌褜
downstairs,胁薪懈蟹褍
downstairs,胁薪懈蟹褍
downtown,褑械薪褌褉 谐芯褉芯写邪
downtown,褑械薪褌褉 谐芯褉芯写邪
downtown,褑械薪褌褉 谐芯褉芯写邪
downwards,胁薪懈蟹
dozen,写褞卸懈薪邪
dozen,写褞卸懈薪邪
draft,锌褉芯械泻褌
draft,锌褉芯械泻褌
drag,锌械褉械褌邪褖懈褌褜
drain,褋谢懈胁
drama,写褉邪屑邪
dramatic,写褉邪屑邪褌懈褔械褋泻懈泄
dramatically,褉械蟹泻芯
draw,薪邪褉懈褋芯胁邪褌褜
drawing,褔械褉褌械卸
dream,屑械褔褌邪
dream,屑械褔褌邪
dress,锌谢邪褌褜械
dress,锌谢邪褌褜械
dressed,芯写械褌褘械
drift,写褉械泄褎
drink,锌懈褌褜
drink,锌懈褌褜
drive,写懈褋泻
drive,写懈褋泻
driver,写褉邪泄胁械褉
driving,胁芯卸写械薪懈械
driving,胁芯卸写械薪懈械
drop,泻邪锌谢褟
drop,泻邪锌谢褟
drought,蟹邪褋褍褏邪
drown,褍褌芯薪褍褌褜
drug,薪邪褉泻芯褌懈泻
drum,斜邪褉邪斜邪薪
drunk,锌褜褟薪褘泄
dry,褋褍褏芯泄
dry,褋褍褏芯泄
dual,写胁芯泄薪芯泄
dub,dub
due,锌褉懈褔懈褌邪械褌褋褟
dull,褋泻褍褔薪褘泄
dumb,褌褍锌芯泄
dump,褋斜褉芯褋
duo,写褍褝褌
duration,锌褉芯写芯谢卸懈褌械谢褜薪芯褋褌褜
during,胁芯 胁褉械屑褟
dust,锌褘谢褜
duty,写芯谢谐
DVD,DVD
dynamic,写懈薪邪屑懈褔械褋泻懈泄
dynamic,写懈薪邪屑懈褔械褋泻懈泄
each,泻邪卸写褘泄
each,泻邪卸写褘泄
each,泻邪卸写褘泄
eager,褋 薪械褌械褉锌械薪懈械屑
ear,褍褏芯
early,褉邪薪芯
early,褉邪薪芯
earn,蟹邪褉邪斜芯褌邪褌褜
earnings,蟹邪褉邪斜芯褌芯泻
earth,蟹械屑谢褟
earthquake,蟹械屑谢械褌褉褟褋械薪懈械
ease,谢械谐泻芯褋褌褜
ease,谢械谐泻芯褋褌褜
easily,谢械谐泻芯
east,胁芯褋褌芯泻
east,胁芯褋褌芯泻
east,胁芯褋褌芯泻
eastern,胁芯褋褌芯褔薪邪褟
easy,谢械谐泻芯
eat,褋褗械褋褌褜
echo,echo
echo,echo
ecological,褝泻芯谢芯谐懈褔械褋泻懈泄
economic,褝泻芯薪芯屑懈泻邪
economics,褝泻芯薪芯屑懈泻邪
economist,褝泻芯薪芯屑懈褋褌
economy,褝泻芯薪芯屑懈泻邪
edge,泻褉邪泄
edit,褉械写邪泻褌懈褉芯胁邪褌褜
edition,懈蟹写邪薪懈械
editor,褉械写邪泻褌芯褉
editorial,褉械写邪泻褑懈褟
educate,芯斜褍褔邪褌褜
educated,芯斜褉邪蟹芯胁邪薪薪褘泄
education,芯斜褉邪蟹芯胁邪薪懈械
educational,芯斜褉邪蟹芯胁邪薪懈械
educator,锌械写邪谐芯谐
effect,褝褎褎械泻褌
effective,褝褎褎械泻褌懈胁薪褘泄
effectively,褝褎褎械泻褌懈胁薪芯
effectiveness,褝褎褎械泻褌懈胁薪芯褋褌褜
efficiency,褝褎褎械泻褌懈胁薪芯褋褌褜
efficient,褝褎褎械泻褌懈胁薪褘泄
efficiently,褝褎褎械泻褌懈胁薪芯
effort,褍褋懈谢懈褟
egg,褟泄褑芯
ego,褝谐芯
eight,胁芯褋械屑褜
eighteen,胁芯褋械屑薪邪写褑邪褌褜
eighty,胁芯褋械屑褜写械褋褟褌
either,谢懈斜芯
either,谢懈斜芯
either,谢懈斜芯
elaborate,褉邪蟹褉邪斜芯褌邪褌褜
elbow,谢芯泻芯褌褜
elderly,锌芯卸懈谢褘械 谢褞写懈
elect,胁褘斜褉邪褌褜
election,胁褘斜芯褉褘
electoral,胁褘斜芯褉褘
electric,褝谢械泻褌褉懈褔械褋泻懈泄
electrical,褝谢械泻褌褉懈泻邪
electricity,褝谢械泻褌褉懈褔械褋褌胁芯
electronic,褝谢械泻褌褉芯薪薪褘泄
electronics,褝谢械泻褌褉芯薪懈泻邪
elegant,褝谢械谐邪薪褌薪褘泄
element,褝谢械屑械薪褌
elementary,褝谢械屑械薪褌邪褉薪褘泄
elephant,褋谢芯薪
elevate,锌芯写薪褟褌褜
eleven,芯写懈薪薪邪写褑邪褌褜
eligible,锌褉邪胁芯屑芯褔薪褘泄
eliminate,褍褋褌褉邪薪懈褌褜
elite,褝谢懈褌邪
else,else
elsewhere,胁 写褉褍谐芯屑 屑械褋褌械
email,e-mail
email,e-mail
embark,蟹邪褏芯写懈褌械 薪邪 褋邪泄褌
embarrassed,褋屑褍褖械薪薪褘泄
embarrassing,薪械谢芯胁泻芯
embarrassment,褋屑褍褖械薪懈械
embassy,锌芯褋芯谢褜褋褌胁芯
embed,胁褋褌邪胁懈褌褜
embody,胁芯锌谢芯褌懈褌褜
embrace,芯斜薪懈屑邪褌褜
emerge,锌芯褟胁懈褌褜褋褟
emergence,锌芯褟胁谢械薪懈械
emergency,褔褉械蟹胁褘褔邪泄薪邪褟 褋懈褌褍邪褑懈褟
emission,褝屑懈褋褋懈褟
emotion,褝屑芯褑懈懈
emotional,褝屑芯褑懈芯薪邪谢褜薪褘泄
emotionally,褝屑芯褑懈芯薪邪谢褜薪芯
emphasis,锌芯写褔械褉泻懈胁邪薪懈械
emphasize,锌芯写褔械褉泻薪褍褌褜
empire,懈屑锌械褉懈褟
empirical,褝屑锌懈褉懈褔械褋泻懈泄
employ,薪邪薪褟褌褜
employee,褋芯褌褉褍写薪懈泻
employer,褉邪斜芯褌芯写邪褌械谢褜
employment,褌褉褍写芯褍褋褌褉芯泄褋褌胁芯
empower,褉邪褋褕懈褉懈褌褜 胁芯蟹屑芯卸薪芯褋褌懈
empty,锌褍褋褌芯泄
empty,锌褍褋褌芯泄
enable,胁泻谢褞褔懈褌褜
enact,胁胁械褋褌懈 胁 写械泄褋褌胁懈械
encompass,芯褏胁邪褌褘胁邪褌褜
encounter,胁褋褌褉械褔邪
encounter,胁褋褌褉械褔邪
encourage,锌芯芯褖褉褟褌褜
encouragement,锌芯芯褖褉械薪懈械
encouraging,锌芯芯褖褉褟褟
end,泻芯薪械褑
end,泻芯薪械褑
endeavour,褋褌邪褉邪褌褜褋褟
ending,芯泻芯薪褔邪薪懈械
endless,斜械褋泻芯薪械褔薪褘泄
endorse,芯写芯斜褉懈褌褜
endorsement,懈薪写芯褋褋邪屑械薪褌
endure,胁褘写械褉卸邪褌褜
enemy,胁褉邪谐
energy,褝薪械褉谐懈褟
enforce,芯斜械褋锌械褔懈褌褜 褋芯斜谢褞写械薪懈械
enforcement,锌褉懈薪褍写懈褌械谢褜薪芯械 懈褋锌芯谢薪械薪懈械
engage,锌褉懈胁谢械泻邪褌褜
engaged,蟹邪写械泄褋褌胁芯胁邪薪芯
engagement,锌芯屑芯谢胁泻邪
engaging,锌褉懈胁谢械褔械薪懈械
engine,写胁懈谐邪褌械谢褜
engineer,懈薪卸械薪械褉
engineering,屑邪褕懈薪芯褋褌褉芯械薪懈械
enhance,褍胁械谢懈褔懈褌褜
enjoy,薪邪褋谢邪卸写邪泄褌械褋褜
enjoyable,锌褉懈褟褌薪褘泄
enormous,芯谐褉芯屑薪褘泄
enough,写芯褋褌邪褌芯褔薪芯
enough,写芯褋褌邪褌芯褔薪芯
enough,写芯褋褌邪褌芯褔薪芯
enquire,蟹邪锌褉芯褋懈褌褜
enquiry,蟹邪锌褉芯褋
enrich,芯斜芯谐邪褌懈褌褜
enrol,蟹邪锌懈褋邪褌褜褋褟
ensue,胁褘褌械泻邪褌褜
ensure,芯斜械褋锌械褔懈褌褜
enter,蟹邪泄写懈褌械 薪邪
enterprise,锌褉械写锌褉懈褟褌懈械
entertain,褉邪蟹胁谢械泻邪褌褜
entertaining,褉邪蟹胁谢械泻邪褌械谢褜薪褘泄
entertainment,褉邪蟹胁谢械褔械薪懈褟
enthusiasm,褝薪褌褍蟹懈邪蟹屑
enthusiast,褝薪褌褍蟹懈邪褋褌
enthusiastic,褝薪褌褍蟹懈邪褋褌
entire,胁械褋褜
entirely,锌芯谢薪芯褋褌褜褞
entitle,锌褉邪胁芯 褋芯斜褋褌胁械薪薪芯褋褌懈
entity,芯褉谐邪薪懈蟹邪褑懈褟
entrance,胁褏芯写
entrepreneur,锌褉械写锌褉懈薪懈屑邪褌械谢褜
entry,胁褏芯写
envelope,泻芯薪胁械褉褌
environment,芯泻褉褍卸邪褞褖邪褟 褋褉械写邪
environmental,褝泻芯谢芯谐懈褟
epidemic,褝锌懈写械屑懈褟
episode,褝锌懈蟹芯写
equal,褉邪胁薪褘泄
equal,褉邪胁薪褘泄
equal,褉邪胁薪褘泄
equality,褉邪胁械薪褋褌胁芯
equally,胁 褉邪胁薪芯泄 褋褌械锌械薪懈
equation,褍褉邪胁薪械薪懈械
equip,芯斜芯褉褍写芯胁邪薪懈械
equipment,芯斜芯褉褍写芯胁邪薪懈械
equivalent,褝泻胁懈胁邪谢械薪褌
equivalent,褝泻胁懈胁邪谢械薪褌
era,褝褉邪
erect,褝褉械泻褑懈褟
error,芯褕懈斜泻邪
erupt,懈蟹胁械褉谐邪褌褜褋褟
escalate,褝褋泻邪谢邪褑懈褟
escape,锌芯斜械谐
escape,锌芯斜械谐
especially,芯褋芯斜械薪薪芯
essay,褝褋褋械
essence,褋褍褖薪芯褋褌褜
essential,褋褍褖械褋褌胁械薪薪芯
essentially,锌芯 褋褍褖械褋褌胁褍
establish,褋芯蟹写邪褌褜
establishment,褋芯蟹写邪薪懈械
estate,薪械写胁懈卸懈屑芯褋褌褜
estimate,芯褑械薪泻邪
estimate,芯褑械薪泻邪
eternal,胁械褔薪褘泄
ethic,褝褌懈泻邪
ethical,褝褌懈褔械褋泻懈械
ethnic,褝褌薪懈褔械褋泻邪褟
euro,械胁褉芯
evacuate,褝胁邪泻褍懈褉芯胁邪褌褜
evaluate,芯褑械薪懈褌械
evaluation,芯褑械薪泻邪
even,写邪卸械
even,写邪卸械
evening,胁械褔械褉
event,屑械褉芯锌褉懈褟褌懈械
eventually,胁 泻芯薪械褔薪芯屑 懈褌芯谐械
ever,泻芯谐写邪-谢懈斜芯
every,泻邪卸写褘泄
everybody,胁褋械
everyday,锌芯胁褋械写薪械胁薪芯褋褌褜
everyone,胁褋械
everything,胁褋械
everywhere,胁械蟹写械
evidence,写芯泻邪蟹邪褌械谢褜褋褌胁邪
evident,芯褔械胁懈写薪芯械
evil,蟹谢芯
evil,蟹谢芯
evoke,胁褘蟹胁邪褌褜
evolution,褝胁芯谢褞褑懈褟
evolutionary,褝胁芯谢褞褑懈褟
evolve,褉邪蟹胁懈胁邪褌褜褋褟
exact,褌芯褔薪芯
exactly,懈屑械薪薪芯
exaggerate,锌褉械褍胁械谢懈褔懈胁邪褌褜
exam,褝泻蟹邪屑械薪
examination,褝泻蟹邪屑械薪
examine,懈蟹褍褔懈褌褜
example,锌褉懈屑械褉
exceed,锌褉械胁褘褕邪褞褌
excellence,褋芯胁械褉褕械薪褋褌胁芯
excellent,芯褌谢懈褔薪褘泄
except,泻褉芯屑械
except,泻褉芯屑械
exception,懈褋泻谢褞褔械薪懈械
exceptional,懈褋泻谢褞褔懈褌械谢褜薪褘泄
excess,懈蟹斜褘褌芯泻
excess,懈蟹斜褘褌芯泻
excessive,褔褉械蟹屑械褉薪芯
exchange,芯斜屑械薪
exchange,芯斜屑械薪
excited,胁芯蟹斜褍卸写械薪薪褘泄
excitement,胁芯谢薪械薪懈械
exciting,蟹邪褏胁邪褌褘胁邪褞褖懈泄
exclude,懈褋泻谢褞褔懈褌褜
exclusion,懈褋泻谢褞褔械薪懈械
exclusive,褝泻褋泻谢褞蟹懈胁
exclusively,懈褋泻谢褞褔懈褌械谢褜薪芯
excuse,懈蟹胁懈薪懈褌械
excuse,懈蟹胁懈薪懈褌械
execute,胁褘锌芯谢薪懈褌褜
execution,懈褋锌芯谢薪械薪懈械
executive,懈褋锌芯谢薪懈褌械谢褜薪褘泄 写懈褉械泻褌芯褉
executive,懈褋锌芯谢薪懈褌械谢褜薪褘泄 写懈褉械泻褌芯褉
exercise,褍锌褉邪卸薪械薪懈械
exercise,褍锌褉邪卸薪械薪懈械
exert,薪邪锌褉褟谐邪褌褜褋褟
exhibit,褝泻褋锌芯薪邪褌
exhibit,褝泻褋锌芯薪邪褌
exhibition,胁褘褋褌邪胁泻邪
exile,懈蟹谐薪邪薪懈械
exist,褋褍褖械褋褌胁芯胁邪褌褜
existence,褋褍褖械褋褌胁芯胁邪薪懈械
exit,胁褘褏芯写
exit,胁褘褏芯写
exotic,褝泻蟹芯褌懈泻邪
expand,褉邪蟹胁械褉薪褍褌褜
expansion,褉邪褋褕懈褉械薪懈械
expect,芯卸懈写邪褌褜
expectation,芯卸懈写邪薪懈械
expected,芯卸懈写邪械褌褋褟
expedition,褝泻褋锌械写懈褑懈褟
expenditure,褉邪褋褏芯写褘
expense,褉邪褋褏芯写褘
expensive,写芯褉芯谐芯泄
experience,芯锌褘褌
experience,芯锌褘褌
experienced,芯锌褘褌薪褘泄
experiment,褝泻褋锌械褉懈屑械薪褌
experiment,褝泻褋锌械褉懈屑械薪褌
experimental,褝泻褋锌械褉懈屑械薪褌邪谢褜薪褘泄
expert,褝泻褋锌械褉褌
expert,褝泻褋锌械褉褌
expertise,褝泻褋锌械褉褌懈蟹邪
expire,懈褋褌械泻邪械褌
explain,芯斜褗褟褋薪懈褌褜
explanation,芯斜褗褟褋薪械薪懈械
explicit,褟胁薪褘泄
explicitly,褟胁薪芯
explode,胁蟹芯褉胁邪褌褜褋褟
exploit,褝泻褋锌谢芯泄褌
exploitation,褝泻褋锌谢褍邪褌邪褑懈褟
exploration,褉邪蟹胁械写泻邪
explore,懈蟹褍褔懈褌褜
explosion,胁蟹褉褘胁
explosive,胁蟹褉褘胁褔邪褌褘械 胁械褖械褋褌胁邪
explosive,胁蟹褉褘胁褔邪褌褘械 胁械褖械褋褌胁邪
export,褝泻褋锌芯褉褌
export,褝泻褋锌芯褉褌
expose,褉邪蟹芯斜谢邪褔懈褌褜
exposure,褝泻褋锌芯蟹懈褑懈褟
express,褝泻褋锌褉械褋褋
expression,胁褘褉邪卸械薪懈械
extend,褉邪褋褕懈褉懈褌褜
extension,褉邪褋褕懈褉械薪懈械
extensive,芯斜褕懈褉薪褘泄
extensively,锌芯写褉芯斜薪芯
extent,褋褌械锌械薪褜
external,胁薪械褕薪懈泄
extra,写芯锌芯谢薪懈褌械谢褜薪芯
extra,写芯锌芯谢薪懈褌械谢褜薪芯
extra,写芯锌芯谢薪懈褌械谢褜薪芯
extract,懈蟹胁谢械褔褜
extract,懈蟹胁谢械褔褜
extraordinary,褝泻褋褌褉邪芯褉写懈薪邪褉薪褘泄
extreme,褝泻褋褌褉械屑邪谢褜薪褘泄
extreme,褝泻褋褌褉械屑邪谢褜薪褘泄
extremely,芯褔械薪褜
extremist,褝泻褋褌褉械屑懈褋褌
eye,谐谢邪蟹
fabric,褌泻邪薪褜
fabulous,褋泻邪蟹芯褔薪褘泄
face,谢懈褑芯
face,谢懈褑芯
facilitate,芯斜谢械谐褔懈褌褜
facility,芯斜褗械泻褌
fact,褎邪泻褌
faction,褎褉邪泻褑懈褟
factor,褎邪泻褌芯褉
factory,蟹邪胁芯写
faculty,褎邪泻褍谢褜褌械褌
fade,懈褋褔械蟹邪褌褜
fail,锌褉芯胁邪谢懈褌褜褋褟
failed,薪械 褍写邪谢芯褋褜
failure,芯褌泻邪蟹
fair,褟褉屑邪褉泻邪
fairly,写芯胁芯谢褜薪芯
fairness,褋锌褉邪胁械写谢懈胁芯褋褌褜
faith,胁械褉邪
fake,锌芯写写械谢泻邪
fall,芯褋械薪褜
fall,芯褋械薪褜
false,谢芯卸褜
fame,褋谢邪胁邪
familiar,蟹薪邪泻芯屑褘泄
family,褋械屑褜褟
family,褋械屑褜褟
famous,蟹薪邪屑械薪懈褌褘泄
fan,胁械薪褌懈谢褟褌芯褉
fancy,褎邪薪褌邪蟹懈褟
fancy,褎邪薪褌邪蟹懈褟
fantastic,褎邪薪褌邪褋褌懈泻邪
fantasy,褎褝薪褌械蟹懈
far,写邪谢械泻芯
far,写邪谢械泻芯
fare,褋褌芯懈屑芯褋褌褜 锌褉芯械蟹写邪
farm,褎械褉屑邪
farm,褎械褉屑邪
farmer,褎械褉屑械褉
farming,褋械谢褜褋泻芯械 褏芯蟹褟泄褋褌胁芯
fascinating,褍胁谢械泻邪褌械谢褜薪褘泄
fashion,屑芯写邪
fashionable,屑芯写薪褘泄
fast,斜褘褋褌褉芯
fast,斜褘褋褌褉芯
fasten,蟹邪泻褉械锌懈褌褜
fat,卸懈褉
fat,卸懈褉
fatal,褉芯泻芯胁芯泄
fate,褋褍写褜斜邪
father,芯褌械褑
fault,薪械懈褋锌褉邪胁薪芯褋褌褜
favour,斜谢邪谐芯褋泻谢芯薪薪芯褋褌褜
favour,斜谢邪谐芯褋泻谢芯薪薪芯褋褌褜
favourable,斜谢邪谐芯锌褉懈褟褌薪褘泄
favourite,谢褞斜懈屑褘泄
favourite,谢褞斜懈屑褘泄
fear,褋褌褉邪褏
fear,褋褌褉邪褏
feat,feat
feather,锌械褉芯
feature,芯褋芯斜械薪薪芯褋褌褜
feature,芯褋芯斜械薪薪芯褋褌褜
February,肖械胁褉邪谢褜
federal,褎械写械褉邪谢褜薪褘泄
fee,锌谢邪褌邪
feed,泻芯褉屑
feed,泻芯褉屑
feedback,芯斜褉邪褌薪邪褟 褋胁褟蟹褜
feeding,泻芯褉屑谢械薪懈械
feel,褔褍胁褋褌胁芯胁邪褌褜 褋械斜褟
feel,褔褍胁褋褌胁芯胁邪褌褜 褋械斜褟
feeling,芯褖褍褖械薪懈械
fellow,泻芯谢谢械谐邪
female,卸械薪褖懈薪邪
female,卸械薪褖懈薪邪
feminist,褎械屑懈薪懈褋褌泻邪
feminist,褎械屑懈薪懈褋褌泻邪
fence,蟹邪斜芯褉
festival,褎械褋褌懈胁邪谢褜
fever,谢懈褏芯褉邪写泻邪
few,薪械褋泻芯谢褜泻芯
few,薪械褋泻芯谢褜泻芯
few,薪械褋泻芯谢褜泻芯
fibre,胁芯谢芯泻薪芯
fiction,褏褍写芯卸械褋褌胁械薪薪邪褟 谢懈褌械褉邪褌褍褉邪
field,锌芯谢械
fierce,褋胁懈褉械锌褘泄
fifteen,锌褟褌薪邪写褑邪褌褜
fifth,锌褟褌褘泄
fifty,锌褟褌褜写械褋褟褌
fight,斜芯褉芯褌褜褋褟
fight,斜芯褉芯褌褜褋褟
fighting,斜芯褉褜斜邪
figure,褉懈褋褍薪芯泻
figure,褉懈褋褍薪芯泻
file,褎邪泄谢
file,褎邪泄谢
fill,蟹邪锌芯谢薪懈褌褜
film,褎懈谢褜屑
film,褎懈谢褜屑
film-maker,泻懈薪芯褉械卸懈褋褋械褉
filter,褎懈谢褜褌褉
filter,褎懈谢褜褌褉
final,芯泻芯薪褔邪褌械谢褜薪褘泄
final,芯泻芯薪褔邪褌械谢褜薪褘泄
finally,薪邪泻芯薪械褑-褌芯
finance,褎懈薪邪薪褋褘
finance,褎懈薪邪薪褋褘
financial,褎懈薪邪薪褋褘
find,薪邪泄褌懈
finding,薪邪泄褌懈
fine,锌褉械泻褉邪褋薪褘泄
fine,锌褉械泻褉邪褋薪褘泄
fine,锌褉械泻褉邪褋薪褘泄
finger,锌邪谢械褑
finish,芯褌写械谢泻邪
finish,芯褌写械谢泻邪
fire,锌芯卸邪褉
fire,锌芯卸邪褉
firearm,芯谐薪械褋褌褉械谢褜薪芯械 芯褉褍卸懈械
firefighter,锌芯卸邪褉薪褘泄
firework,褎械泄械褉胁械褉泻
firm,褎懈褉屑邪
firm,褎懈褉屑邪
firmly,褌胁械褉写芯
first,锌械褉胁褘泄
first,锌械褉胁褘泄
first,锌械褉胁褘泄
first,锌械褉胁褘泄
firstly,"胁芯-锌械褉胁褘褏,"
fish,褉褘斜邪
fish,褉褘斜邪
fishing,褉褘斜邪谢泻邪
fit,锌芯写褏芯写懈褌
fit,锌芯写褏芯写懈褌
fit,锌芯写褏芯写懈褌
fitness,褎懈褌薪械褋
five,锌褟褌褜
fix,懈褋锌褉邪胁懈褌褜
fix,懈褋锌褉邪胁懈褌褜
fixed,懈褋锌褉邪胁谢械薪芯
fixture,泻褉械锌谢械薪懈械
flag,褎谢邪谐
flame,锌谢邪屑褟
flash,胁褋锌褘褕泻邪
flash,胁褋锌褘褕泻邪
flat,泻胁邪褉褌懈褉邪
flat,泻胁邪褉褌懈褉邪
flavour,胁泻褍褋
flaw,薪械写芯褋褌邪褌芯泻
flawed,薪械写芯褋褌邪褌泻懈
flee,斜械卸邪褌褜
fleet,褎谢芯褌
flesh,锌谢芯褌褜
flexibility,谐懈斜泻芯褋褌褜
flexible,谐懈斜泻懈泄
flight,褉械泄褋
float,float
flood,薪邪胁芯写薪械薪懈械
flood,薪邪胁芯写薪械薪懈械
floor,锌芯谢
flour,屑褍泻邪
flourish,袩褉芯褑胁械褌邪薪懈械
flow,锌芯褌芯泻
flow,锌芯褌芯泻
flower,褑胁械褌芯泻
flu,谐褉懈锌锌
fluid,卸懈写泻芯褋褌褜
fly,屑褍褏邪
fly,屑褍褏邪
flying,谢械褌邪褞褖懈泄
flying,谢械褌邪褞褖懈泄
focus,褎芯泻褍褋
focus,褎芯泻褍褋
fold,褋谢芯卸懈褌褜
fold,褋谢芯卸懈褌褜
folding,褋泻谢邪写薪芯泄
folk,薪邪褉芯写薪褘泄
folk,薪邪褉芯写薪褘泄
follow,褋谢械写芯胁邪褌褜
following,褋谢械写褍褞褖懈械
following,褋谢械写褍褞褖懈械
following,褋谢械写褍褞褖懈械
fond,谢褞斜懈屑邪褟
food,械写邪
fool,写褍褉邪泻
foot,薪芯谐邪
footage,泻邪写褉褘
football,褎褍褌斜芯谢
for,写谢褟
forbid,蟹邪锌褉械褌懈褌褜
force,褋懈谢邪
force,褋懈谢邪
forecast,锌褉芯谐薪芯蟹
forecast,锌褉芯谐薪芯蟹
foreign,懈薪芯褋褌褉邪薪薪褘泄
foreigner,懈薪芯褋褌褉邪薪械褑
forest,谢械褋
forever,薪邪胁褋械谐写邪
forge,泻褍蟹薪懈褑邪
forget,蟹邪斜褘褌褜
forgive,锌褉芯褋褌懈褌褜
fork,胁懈谢泻邪
form,褎芯褉屑邪
form,褎芯褉屑邪
formal,芯褎懈褑懈邪谢褜薪褘泄
format,褎芯褉屑邪褌
formation,芯斜褉邪蟹芯胁邪薪懈械
former,斜褘胁褕懈泄
formerly,褉邪薪械械
formula,褎芯褉屑褍谢邪
formulate,褋褎芯褉屑褍谢懈褉芯胁邪褌褜
forth,胁锌械褉械写
forthcoming,胁 斜谢懈卸邪泄褕械械 胁褉械屑褟
fortunate,褍写邪褔邪
fortunately,泻 褋褔邪褋褌褜褞
fortune,褎芯褉褌褍薪邪
forty,褋芯褉芯泻
forum,褎芯褉褍屑
forward,胁锌械褉械写
forward,胁锌械褉械写
fossil,懈褋泻芯锌邪械屑芯械
foster,锌褉懈械屑薪邪褟 褋械屑褜褟
found,薪邪泄写械薪芯
foundation,褎芯薪写
founder,芯褋薪芯胁邪褌械谢褜
four,褔械褌褘褉械
fourteen,褔械褌褘褉薪邪写褑邪褌褜
fourth,褔械褌胁械褉褌褘泄
fraction,褎褉邪泻褑懈褟
fragile,啸褉褍锌泻懈泄
fragment,褎褉邪谐屑械薪褌
frame,褉邪屑邪
frame,褉邪屑邪
framework,芯褋薪芯胁邪
franchise,褎褉邪薪褕懈蟹邪
frankly,芯褌泻褉芯胁械薪薪芯
fraud,屑芯褕械薪薪懈褔械褋褌胁芯
free,斜械褋锌谢邪褌薪芯
free,斜械褋锌谢邪褌薪芯
free,斜械褋锌谢邪褌薪芯
freedom,褋胁芯斜芯写邪
freely,褋胁芯斜芯写薪芯
freeze,蟹邪屑芯褉芯蟹懈褌褜
frequency,褔邪褋褌芯褌邪
frequent,褔邪褋褌褘械
frequently,褔邪褋褌芯
fresh,褋胁械卸懈泄
Friday,袩褟褌薪懈褑邪
fridge,褏芯谢芯写懈谢褜薪懈泻
friend,写褉褍谐
friendly,写褉褍卸械谢褞斜薪褘泄
friendship,写褉褍卸斜邪
frighten,锌褍谐邪褌褜
frightened,懈褋锌褍谐邪薪薪褘泄
frightening,锌褍谐邪褞褖懈泄
frog,谢褟谐褍褕泻邪
from,褋 褋邪泄褌邪
front,锌械褉械写薪褟褟 褔邪褋褌褜
front,锌械褉械写薪褟褟 褔邪褋褌褜
frozen,蟹邪屑芯褉芯卸械薪薪褘泄
fruit,褎褉褍泻褌褘
frustrated,袪邪蟹芯褔邪褉芯胁邪薪薪褘泄
frustrating,褉邪蟹芯褔邪褉芯胁褘胁邪械褌
frustration,褉邪蟹芯褔邪褉芯胁邪薪懈械
fry,卸邪褉懈褌褜
fuel,褌芯锌谢懈胁芯
fuel,褌芯锌谢懈胁芯
fulfil,胁褘锌芯谢薪懈褌褜
full,锌芯谢薪褘泄
full-time,锌芯谢薪褘泄 褉邪斜芯褔懈泄 写械薪褜
full-time,锌芯谢薪褘泄 褉邪斜芯褔懈泄 写械薪褜
fully,锌芯谢薪芯褋褌褜褞
fun,胁械褋械谢褜械
fun,胁械褋械谢褜械
function,褎褍薪泻褑懈褟
function,褎褍薪泻褑懈褟
functional,褎褍薪泻褑懈芯薪邪谢褜薪褘泄
fund,褎芯薪写
fund,褎芯薪写
fundamental,褎褍薪写邪屑械薪褌邪谢褜薪褘泄
fundamentally,胁 泻芯褉薪械
funding,褎懈薪邪薪褋懈褉芯胁邪薪懈械
fundraising,褋斜芯褉 褋褉械写褋褌胁
funeral,锌芯褏芯褉芯薪褘
funny,褋屑械褕薪芯
fur,屑械褏
furious,褟褉芯褋褌薪褘泄
furniture,屑械斜械谢褜
further,写邪谢械械
further,写邪谢械械
furthermore,"泻褉芯屑械 褌芯谐芯,"
future,斜褍写褍褖械械
future,斜褍写褍褖械械
gain,褍褋懈谢械薪懈械
gain,褍褋懈谢械薪懈械
gallery,谐邪谢械褉械褟
gallon,谐邪谢谢芯薪
gambling,邪蟹邪褉褌薪褘械 懈谐褉褘
game,懈谐褉邪
gaming,懈谐褉芯胁褘械
gang,斜邪薪写邪
gap,蟹邪蟹芯褉
garage,谐邪褉邪卸
garden,褋邪写
gas,谐邪蟹
gate,胁芯褉芯褌邪
gather,褋芯斜褉邪褌褜
gathering,褋斜芯褉
gay,谐械泄
gaze,胁蟹谐谢褟写
gaze,胁蟹谐谢褟写
gear,褕械褋褌械褉薪褟
gender,谐械薪写械褉
gene,谐械薪
general,芯斜褖械械
generally,胁 褑械谢芯屑
generate,褋芯蟹写邪褌褜
generation,锌芯泻芯谢械薪懈械
generic,写卸械薪械褉懈泻
generous,褖械写褉褘泄
genetic,谐械薪械褌懈泻邪
genius,谐械薪懈泄
genocide,谐械薪芯褑懈写
genre,卸邪薪褉
gentle,薪械卸薪褘泄
gentleman,写卸械薪褌谢褜屑械薪
genuine,锌芯写谢懈薪薪褘泄
genuinely,写械泄褋褌胁懈褌械谢褜薪芯
geography,谐械芯谐褉邪褎懈褟
gesture,卸械褋褌
get,锌芯谢褍褔懈褌褜
ghost,锌褉懈蟹褉邪泻
giant,谐懈谐邪薪褌
giant,谐懈谐邪薪褌
gift,锌芯写邪褉芯泻
gig,谐懈谐
girl,写械胁褍褕泻邪
girlfriend,写械胁褍褕泻邪
give,写邪褌褜
glad,褉邪写
glance,胁蟹谐谢褟写
glance,胁蟹谐谢褟写
glass,褋褌械泻谢芯
glimpse,屑械谢褜泻芯屑
global,谐谢芯斜邪谢褜薪褘泄
globalization,谐谢芯斜邪谢懈蟹邪褑懈褟
globe,谐谢芯斜褍褋
glorious,褋谢邪胁邪
glory,褋谢邪胁邪
glove,锌械褉褔邪褌泻邪
go,锌械褉械泄褌懈
go,锌械褉械泄褌懈
goal,谐芯谢
god,斜芯谐
gold,蟹芯谢芯褌芯
gold,蟹芯谢芯褌芯
golden,蟹芯谢芯褌芯泄
golf,谐芯谢褜褎
good,褏芯褉芯褕芯
good,褏芯褉芯褕芯
goodbye,袛芯 褋胁懈写邪薪懈褟
goodbye,袛芯 褋胁懈写邪薪懈褟
goodness,写芯斜褉芯褌邪
goods,褌芯胁邪褉褘
gorgeous,胁械谢懈泻芯谢械锌薪褘泄
govern,褍锌褉邪胁谢褟褌褜
governance,褍锌褉邪胁谢械薪懈械
government,锌褉邪胁懈褌械谢褜褋褌胁芯
governor,谐褍斜械褉薪邪褌芯褉
grab,蟹邪褏胁邪褌懈褌褜
grace,谐褉邪褑懈褟
grade,褋芯褉褌
grade,褋芯褉褌
gradually,锌芯褋褌械锌械薪薪芯
graduate,胁褘锌褍褋泻薪懈泻
graduate,胁褘锌褍褋泻薪懈泻
grain,蟹械褉薪芯
grand,谐褉邪薪写
grandfather,写械写褍褕泻邪
grandmother,斜邪斜褍褕泻邪
grandparent,斜邪斜褍褕泻邪 懈 写械写褍褕泻邪
grant,谐褉邪薪褌
grant,谐褉邪薪褌
graphic,谐褉邪褎懈泻邪
graphics,谐褉邪褎懈泻邪
grasp,蟹邪褏胁邪褌懈褌褜
grasp,蟹邪褏胁邪褌懈褌褜
grass,褌褉邪胁邪
grateful,斜谢邪谐芯写邪褉薪褘泄
grave,屑芯谐懈谢邪
grave,屑芯谐懈谢邪
gravity,谐褉邪胁懈褌邪褑懈褟
great,芯褌谢懈褔薪褘泄
greatly,芯褔械薪褜
green,蟹械谢械薪褘泄
green,蟹械谢械薪褘泄
greenhouse,褌械锌谢懈褑邪
greet,锌褉懈胁械褌褋褌胁芯胁邪褌褜
grey,褋械褉褘泄
grey,褋械褉褘泄
grid,褋械褌泻邪
grief,谐芯褉械
grin,褍褏屑褘谢泻邪
grin,褍褏屑褘谢泻邪
grind,懈蟹屑械谢褜褔懈褌褜
grip,蟹邪褏胁邪褌
grip,蟹邪褏胁邪褌
grocery,锌褉芯写褍泻褌褘
gross,斜褉褍褌褌芯
ground,蟹械屑谢褟
group,谐褉褍锌锌邪
grow,胁褘褉邪褖懈胁邪褌褜
growth,褉芯褋褌
guarantee,谐邪褉邪薪褌懈褟
guarantee,谐邪褉邪薪褌懈褟
guard,芯褏褉邪薪邪
guard,芯褏褉邪薪邪
guerrilla,锌邪褉褌懈蟹邪薪
guess,褍谐邪写邪褌褜
guess,褍谐邪写邪褌褜
guest,袚芯褋褌褜
guidance,褉褍泻芯胁芯写褋褌胁芯
guide,锌褍褌械胁芯写懈褌械谢褜
guide,锌褍褌械胁芯写懈褌械谢褜
guideline,褉褍泻芯胁芯写褋褌胁芯
guilt,胁懈薪邪
guilty,胁懈薪芯胁薪褘泄
guitar,谐懈褌邪褉邪
gun,锌懈褋褌芯谢械褌
gut,泻懈褕械褔薪懈泻
guy,锌邪褉械薪褜
gym,褌褉械薪邪卸械褉薪褘泄 蟹邪谢
habit,锌褉懈胁褘褔泻邪
habitat,褋褉械写邪 芯斜懈褌邪薪懈褟
hail,谐褉邪写
hair,胁芯谢芯褋褘
half,锌芯谢芯胁懈薪邪
half,锌芯谢芯胁懈薪邪
half,锌芯谢芯胁懈薪邪
half,锌芯谢芯胁懈薪邪
halfway,薪邪 锌芯谢锌褍褌懈
hall,蟹邪谢
halt,芯褋褌邪薪芯胁懈褌褜
halt,芯褋褌邪薪芯胁懈褌褜
hand,褉褍泻邪
hand,褉褍泻邪
handful,谐芯褉褋褌褜
handle,褉褍褔泻邪
handle,褉褍褔泻邪
handling,芯斜褉邪斜芯褌泻邪
handy,褍写芯斜薪褘泄
hang,锌芯胁械褋懈褌褜
happen,锌褉芯懈蟹芯泄褌懈
happily,褋 褉邪写芯褋褌褜褞
happiness,褋褔邪褋褌褜械
happy,褋褔邪褋褌谢懈胁褘泄
harassment,锌褉械褋谢械写芯胁邪薪懈械
harbour,谐邪胁邪薪褜
hard,褌胁械褉写褘泄
hard,褌胁械褉写褘泄
hardly,胁褉褟写 谢懈
hardware,芯斜芯褉褍写芯胁邪薪懈械
harm,胁褉械写
harm,胁褉械写
harmful,胁褉械写薪褘泄
harmony,谐邪褉屑芯薪懈褟
harsh,褋褍褉芯胁褘泄
harvest,褍褉芯卸邪泄
harvest,褍褉芯卸邪泄
hat,褕谢褟锌邪
hate,薪械薪邪胁懈写械褌褜
hate,薪械薪邪胁懈写械褌褜
hatred,薪械薪邪胁懈褋褌褜
haunt,锌褉械褋谢械写芯胁邪褌褜
have,械褋褌褜
have,械褋褌褜
have to,写芯谢卸械薪
hazard,芯锌邪褋薪芯褋褌褜
he,芯薪
head,谐谢邪胁邪
head,谐谢邪胁邪
headache,谐芯谢芯胁薪邪褟 斜芯谢褜
headline,蟹邪谐芯谢芯胁芯泻
headquarters,褕褌邪斜-泻胁邪褉褌懈褉邪
heal,懈褋褑械谢懈褌褜褋褟
health,蟹写芯褉芯胁褜械
healthcare,蟹写褉邪胁芯芯褏褉邪薪械薪懈械
healthy,蟹写芯褉芯胁褘泄
hear,褋谢褘褕邪褌褜
hearing,褋谢褍褏
heart,褋械褉写褑械
heat,褌械锌谢芯
heat,褌械锌谢芯
heating,芯褌芯锌谢械薪懈械
heaven,褉邪泄
heavily,褋懈谢褜薪芯
heavy,褌褟卸械谢褘泄
heel,泻邪斜谢褍泻
height,胁褘褋芯褌邪
heighten,褍胁械谢懈褔懈褌褜
helicopter,胁械褉褌芯谢械褌
hell,邪写
hello,袟写褉邪胁褋褌胁褍泄褌械
hello,袟写褉邪胁褋褌胁褍泄褌械
helmet,褕谢械屑
help,锌芯屑芯褖褜
help,锌芯屑芯褖褜
helpful,锌芯谢械蟹薪芯
hence,"褋谢械写芯胁邪褌械谢褜薪芯,"
her,械械
her,械械
herb,褌褉邪胁邪
here,蟹写械褋褜
heritage,薪邪褋谢械写懈械
hero,谐械褉芯泄
hers,械械
herself,褋邪屑邪
hesitate,泻芯谢械斜邪褌褜褋褟
hey,袩褉懈胁械褌
hi,锌褉懈胁械褌
hidden,褋泻褉褘褌褘泄
hide,褋泻褉褘褌褜
hierarchy,懈械褉邪褉褏懈褟
high,胁褘褋芯泻懈泄
high,胁褘褋芯泻懈泄
high,胁褘褋芯泻懈泄
high-profile,谐褉芯屑泻懈械
highlight,胁褘写械谢懈褌褜
highlight,胁褘写械谢懈褌褜
highly,芯褔械薪褜
highway,褕芯褋褋械
hilarious,褍屑芯褉懈褌械谢褜薪褘泄
hill,褏芯谢屑
him,械屑褍
himself,褋邪屑
hint,锌芯写褋泻邪蟹泻邪
hint,锌芯写褋泻邪蟹泻邪
hip,斜械写褉芯
hire,锌褉芯泻邪褌
hire,锌褉芯泻邪褌
his,械谐芯
his,械谐芯
historian,懈褋褌芯褉懈泻
historic,懈褋褌芯褉懈褔械褋泻懈泄
historical,懈褋褌芯褉懈褔械褋泻懈泄
history,懈褋褌芯褉懈褟
hit,锌芯锌邪褋褌褜 薪邪
hit,锌芯锌邪褋褌褜 薪邪
hobby,褏芯斜斜懈
hockey,褏芯泻泻械泄
hold,写械褉卸邪褌褜
hold,写械褉卸邪褌褜
hole,芯褌胁械褉褋褌懈械
holiday,锌褉邪蟹写薪懈泻
hollow,锌芯谢褘泄
holy,褋胁褟褌芯泄
home,写芯屑
home,写芯屑
home,写芯屑
homeland,褉芯写懈薪邪
homeless,袘械蟹写芯屑薪褘械
homework,写芯屑邪褕薪械械 蟹邪写邪薪懈械
honest,褔械褋褌薪褘泄
honesty,褔械褋褌薪芯褋褌褜
honour,褔械褋褌褜
honour,褔械褋褌褜
hook,泻褉褞褔芯泻
hook,泻褉褞褔芯泻
hope,薪邪写械卸写邪
hope,薪邪写械卸写邪
hopeful,薪邪写械卸写邪
hopefully,"薪邪写械褞褋褜,"
horizon,谐芯褉懈蟹芯薪褌
horn,褉芯卸芯泻
horrible,褍卸邪褋薪褘泄
horror,褍卸邪褋褘
horse,谢芯褕邪写褜
hospital,斜芯谢褜薪懈褑邪
host,褏芯褋褌
host,褏芯褋褌
hostage,蟹邪谢芯卸薪懈泻
hostile,胁褉邪卸写械斜薪褘泄
hostility,胁褉邪卸写械斜薪芯褋褌褜
hot,谐芯褉褟褔邪褟
hotel,芯褌械谢褜
hour,褔邪褋
house,写芯屑
house,写芯屑
household,写芯屑邪褕薪械械 褏芯蟹褟泄褋褌胁芯
housing,卸懈谢褜械
how,泻邪泻
however,芯写薪邪泻芯
huge,芯谐褉芯屑薪褘泄
human,褔械谢芯胁械泻
human,褔械谢芯胁械泻
humanitarian,谐褍屑邪薪懈褌邪褉薪邪褟
humanity,褔械谢芯胁械褔械褋褌胁芯
humble,褋泻褉芯屑薪褘泄
humorous,褞屑芯褉懈褋褌懈褔械褋泻懈泄
humour,褞屑芯褉
hundred,褋褌芯
hunger,谐芯谢芯写
hungry,谐芯谢芯写薪褘泄
hunt,芯褏芯褌邪
hunt,芯褏芯褌邪
hunting,芯褏芯褌邪
hurricane,褍褉邪谐邪薪
hurry,锌芯褌芯褉芯锌懈褌械褋褜
hurry,锌芯褌芯褉芯锌懈褌械褋褜
hurt,褉邪薪懈褌褜
hurt,褉邪薪懈褌褜
hurt,褉邪薪懈褌褜
husband,屑褍卸
hydrogen,胁芯写芯褉芯写
hypothesis,谐懈锌芯褌械蟹邪
I,I
ice,谢械写
ice cream,屑芯褉芯卸械薪芯械
icon,懈泻芯薪邪
ID,ID
idea,懈写械褟
ideal,懈写械邪谢褜薪褘泄
ideal,懈写械邪谢褜薪褘泄
identical,芯写懈薪邪泻芯胁褘械
identification,懈写械薪褌懈褎懈泻邪褑懈褟
identify,芯锌褉械写械谢懈褌褜
identity,谢懈褔薪芯褋褌褜
ideological,懈写械芯谢芯谐懈褔械褋泻懈泄
ideology,懈写械芯谢芯谐懈褟
idiot,懈写懈芯褌
if,械褋谢懈
ignorance,袧械胁械卸械褋褌胁芯
ignore,懈谐薪芯褉懈褉芯胁邪褌褜
ill,ill
illegal,薪械谢械谐邪谢褜薪褘泄
illness,斜芯谢械蟹薪褜
illusion,懈谢谢褞蟹懈褟
illustrate,锌褉芯懈谢谢褞褋褌褉懈褉芯胁邪褌褜
illustration,懈谢谢褞褋褌褉邪褑懈褟
image,懈蟹芯斜褉邪卸械薪懈械
imagery,懈蟹芯斜褉邪卸械薪懈褟
imaginary,胁芯芯斜褉邪卸邪械屑褘泄
imagination,胁芯芯斜褉邪卸械薪懈械
imagine,锌褉械写褋褌邪胁褜褌械 褋械斜械
immediate,薪械屑械写谢械薪薪芯
immediately,薪械屑械写谢械薪薪芯
immense,芯谐褉芯屑薪褘泄
immigrant,懈屑屑懈谐褉邪薪褌
immigration,懈屑屑懈谐褉邪褑懈褟
imminent,袧械屑懈薪褍械屑芯械
immune,懈屑屑褍薪懈褌械褌
impact,褍写邪褉
impact,褍写邪褉
impatient,薪械褌械褉锌械谢懈胁褘泄
implement,胁薪械写褉懈褌褜
implementation,褉械邪谢懈蟹邪褑懈褟
implication,懈屑锌谢懈泻邪褑懈褟
imply,锌芯写褉邪蟹褍屑械胁邪褌褜
import,懈屑锌芯褉褌
import,懈屑锌芯褉褌
importance,胁邪卸薪芯褋褌褜
important,胁邪卸薪芯
impose,薪邪谢芯卸懈褌褜
impossible,薪械胁芯蟹屑芯卸薪芯
impress,锌褉芯懈蟹胁械褋褌懈 胁锌械褔邪褌谢械薪懈械
impressed,胁锌械褔邪褌谢械薪
impression,胁锌械褔邪褌谢械薪懈械
impressive,胁锌械褔邪褌谢褟褞褖懈泄
imprison,袟邪泻谢褞褔械薪懈械
imprisonment,褌褞褉械屑薪芯械 蟹邪泻谢褞褔械薪懈械
improve,褍谢褍褔褕懈褌褜
improvement,褍谢褍褔褕械薪懈械
in,胁
in,胁
inability,薪械褋锌芯褋芯斜薪芯褋褌褜
inadequate,薪械邪写械泻胁邪褌薪褘泄
inappropriate,薪械褍屑械褋褌薪褘泄
incentive,褋褌懈屑褍谢
inch,写褞泄屑
incidence,蟹邪斜芯谢械胁邪械屑芯褋褌褜
incident,懈薪褑懈写械薪褌
inclined,薪邪泻谢芯薪薪褘泄
include,胁泻谢褞褔懈褌褜
included,胁 泻芯屑锌谢械泻褌械
including,胁泻谢褞褔邪褟
inclusion,胁泻谢褞褔械薪懈械
income,写芯褏芯写
incorporate,胁泻谢褞褔懈褌褜
incorrect,薪械锌褉邪胁懈谢褜薪褘泄
increase,褍胁械谢懈褔懈褌褜
increase,褍胁械谢懈褔懈褌褜
increasingly,胁褋械 斜芯谢褜褕械
incredible,薪械胁械褉芯褟褌薪褘泄
incredibly,薪械胁械褉芯褟褌薪芯
incur,.
indeed,写械泄褋褌胁懈褌械谢褜薪芯
independence,薪械蟹邪胁懈褋懈屑芯褋褌褜
independent,薪械蟹邪胁懈褋懈屑褘泄
index,懈薪写械泻褋
indicate,褍泻邪蟹邪褌褜
indication,懈薪写懈泻邪褑懈褟
indicator,懈薪写懈泻邪褌芯褉
indictment,芯斜胁懈薪懈褌械谢褜薪褘泄 邪泻褌
indigenous,泻芯褉械薪薪芯械 薪邪褋械谢械薪懈械
indirect,薪械锌褉褟屑芯泄
individual,懈薪写懈胁懈写褍邪谢褜薪芯
individual,懈薪写懈胁懈写褍邪谢褜薪芯
indoor,胁 锌芯屑械褖械薪懈懈
indoors,胁 锌芯屑械褖械薪懈懈
induce,胁褘蟹褘胁邪褌褜
indulge,锌芯斜邪谢芯胁邪褌褜
industrial,锌褉芯屑褘褕谢械薪薪褘泄
industry,锌褉芯屑褘褕谢械薪薪芯褋褌褜
inequality,薪械褉邪胁械薪褋褌胁芯
inevitable,薪械懈蟹斜械卸薪芯
inevitably,薪械懈蟹斜械卸薪芯
infamous,锌械褔邪谢褜薪芯 懈蟹胁械褋褌薪褘泄
infant,屑谢邪写械薪械褑
infect,蟹邪褉邪蟹懈褌褜
infection,懈薪褎械泻褑懈褟
infer,写械谢邪褌褜 胁褘胁芯写褘
inflation,懈薪褎谢褟褑懈褟
inflict,薪邪薪芯褋懈褌褜
influence,胁谢懈褟薪懈械
influence,胁谢懈褟薪懈械
influential,胁谢懈褟褌械谢褜薪褘泄
info,懈薪褎芯褉屑邪褑懈褟
inform,懈薪褎芯褉屑懈褉芯胁邪褌褜
informal,薪械芯褎懈褑懈邪谢褜薪褘泄
information,懈薪褎芯褉屑邪褑懈褟
infrastructure,懈薪褎褉邪褋褌褉褍泻褌褍褉邪
ingredient,懈薪谐褉械写懈械薪褌
inhabitant,卸懈褌械谢褜
inherent,锌褉懈褋褍褖懈泄
inherit,薪邪褋谢械写芯胁邪褌褜
inhibit,懈薪谐懈斜懈褉芯胁邪褌褜
initial,锌械褉胁芯薪邪褔邪谢褜薪褘泄
initially,懈蟹薪邪褔邪谢褜薪芯
initiate,懈薪懈褑懈懈褉芯胁邪褌褜
initiative,懈薪懈褑懈邪褌懈胁邪
inject,胁胁芯写懈褌褜
injection,懈薪褗械泻褑懈褟
injure,褌褉邪胁屑懈褉芯胁邪褌褜
injured,褉邪薪械薪褘泄
injury,褌褉邪胁屑邪
injustice,薪械褋锌褉邪胁械写谢懈胁芯褋褌褜
ink,褔械褉薪懈谢邪
inmate,蟹邪泻谢褞褔械薪薪褘泄
inner,胁薪褍褌褉械薪薪褟褟
innocent,袧械胁懈薪薪褘泄
innovation,懈薪薪芯胁邪褑懈懈
innovative,懈薪薪芯胁邪褑懈芯薪薪褘泄
input,胁褏芯写
inquiry,蟹邪锌褉芯褋
insect,薪邪褋械泻芯屑芯械
insert,胁褋褌邪胁懈褌褜
insertion,胁褋褌邪胁泻邪
inside,胁薪褍褌褉懈
inside,胁薪褍褌褉懈
inside,胁薪褍褌褉懈
inside,胁薪褍褌褉懈
insider,懈薪褋邪泄写械褉
insight,锌褉芯薪懈褑邪褌械谢褜薪芯褋褌褜
insist,薪邪褋褌邪懈胁邪褌褜
inspect,芯褋屑芯褌褉械褌褜
inspection,锌褉芯胁械褉泻邪
inspector,懈薪褋锌械泻褌芯褉
inspiration,胁写芯褏薪芯胁械薪懈械
inspire,胁写芯褏薪芯胁谢褟褌褜
install,褍褋褌邪薪芯胁懈褌褜
installation,褍褋褌邪薪芯胁泻邪
instance,褝泻蟹械屑锌谢褟褉
instant,屑谐薪芯胁械薪薪芯
instantly,屑谐薪芯胁械薪薪芯
instead,胁屑械褋褌芯 褝褌芯谐芯
instinct,懈薪褋褌懈薪泻褌
institute,懈薪褋褌懈褌褍褌
institution,褍褔褉械卸写械薪懈械
institutional,懈薪褋褌懈褌褍褑懈芯薪邪谢褜薪褘泄
instruct,锌褉芯懈薪褋褌褉褍泻褌懈褉芯胁邪褌褜
instruction,懈薪褋褌褉褍泻褑懈褟
instructor,懈薪褋褌褉褍泻褌芯褉
instrument,懈薪褋褌褉褍屑械薪褌
instrumental,懈薪褋褌褉褍屑械薪褌邪谢褜薪褘泄
insufficient,薪械写芯褋褌邪褌芯褔薪芯
insult,芯褋泻芯褉斜谢械薪懈械
insult,芯褋泻芯褉斜谢械薪懈械
insurance,褋褌褉邪褏芯胁邪薪懈械
intact,薪械锌芯胁褉械卸写械薪薪褘泄
intake,胁褋邪褋褘胁邪薪懈械
integral,懈薪褌械谐褉邪谢褜薪褘泄
integrate,懈薪褌械谐褉懈褉芯胁邪褌褜
integrated,懈薪褌械谐褉懈褉芯胁邪薪薪褘泄
integration,懈薪褌械谐褉邪褑懈褟
integrity,褑械谢芯褋褌薪芯褋褌褜
intellectual,懈薪褌械谢谢械泻褌褍邪谢褜薪褘泄
intellectual,懈薪褌械谢谢械泻褌褍邪谢褜薪褘泄
intelligence,褉邪蟹胁械写泻邪
intelligent,懈薪褌械谢谢械泻褌褍邪谢褜薪褘泄
intend,薪邪屑械褉械薪懈械
intended,锌褉械写薪邪蟹薪邪褔械薪薪褘泄
intense,懈薪褌械薪褋懈胁薪褘泄
intensify,邪泻褌懈胁懈蟹懈褉芯胁邪褌褜
intensity,懈薪褌械薪褋懈胁薪芯褋褌褜
intensive,懈薪褌械薪褋懈胁薪褘泄
intent,薪邪屑械褉械薪懈械
intention,薪邪屑械褉械薪懈械
interact,胁蟹邪懈屑芯写械泄褋褌胁芯胁邪褌褜
interaction,胁蟹邪懈屑芯写械泄褋褌胁懈械
interactive,懈薪褌械褉邪泻褌懈胁薪褘泄
interest,锌褉芯褑械薪褌褘
interest,锌褉芯褑械薪褌褘
interested,蟹邪懈薪褌械褉械褋芯胁邪薪薪褘械
interesting,懈薪褌械褉械褋薪芯
interface,懈薪褌械褉褎械泄褋
interfere,胁屑械褕懈胁邪褌褜褋褟
interference,锌芯屑械褏懈
interim,锌褉芯屑械卸褍褌芯褔薪褘泄
interior,懈薪褌械褉褜械褉
interior,懈薪褌械褉褜械褉
intermediate,锌褉芯屑械卸褍褌芯褔薪褘泄
internal,胁薪褍褌褉械薪薪懈泄
international,屑械卸写褍薪邪褉芯写薪褘泄
internet,懈薪褌械褉薪械褌
interpret,懈薪褌械褉锌褉械褌懈褉芯胁邪褌褜
interpretation,锌械褉械胁芯写
interrupt,锌褉械褉褘胁邪薪懈械
interval,懈薪褌械褉胁邪谢
intervene,胁屑械褕邪褌褜褋褟
intervention,胁屑械褕邪褌械谢褜褋褌胁芯
interview,懈薪褌械褉胁褜褞
interview,懈薪褌械褉胁褜褞
intimate,袠薪褌懈屑
into,胁
intriguing,懈薪褌褉懈谐褍褞褖懈泄
introduce,锌褉械写褋褌邪胁懈褌褜
introduction,胁胁械写械薪懈械
invade,胁褌芯褉谐薪褍褌褜褋褟 薪邪
invasion,胁褌芯褉卸械薪懈械
invent,懈蟹芯斜褉械褋褌懈
invention,懈蟹芯斜褉械褌械薪懈械
invest,懈薪胁械褋褌懈褉芯胁邪褌褜
investigate,褉邪褋褋谢械写芯胁邪褌褜
investigation,褉邪褋褋谢械写芯胁邪薪懈械
investigator,褋谢械写芯胁邪褌械谢褜
investment,懈薪胁械褋褌懈褑懈懈
investor,懈薪胁械褋褌芯褉
invisible,薪械胁懈写懈屑泻邪
invitation,锌褉懈谐谢邪褕械薪懈械
invite,锌褉懈谐谢邪褋懈褌褜
invoke,胁褘蟹胁邪褌褜
involve,蟹邪写械泄褋褌胁芯胁邪褌褜
involved,褍褔邪褋褌胁褍械褌
involvement,褍褔邪褋褌懈械
iron,卸械谢械蟹芯
iron,卸械谢械蟹芯
ironic,懈褉芯薪懈褔薪褘泄
ironically,锌芯 懈褉芯薪懈懈 褋褍写褜斜褘
irony,懈褉芯薪懈褟
irrelevant,薪械邪泻褌褍邪谢褜薪芯
island,芯褋褌褉芯胁
isolate,懈蟹芯谢懈褉芯胁邪褌褜
isolated,懈蟹芯谢懈褉芯胁邪薪薪褘泄
isolation,懈蟹芯谢褟褑懈褟
issue,胁褘锌褍褋泻
issue,胁褘锌褍褋泻
IT,IT
it,褝褌芯
item,锌褍薪泻褌
its,械谐芯
itself,褋邪屑
jacket,泻褍褉褌泻邪
jail,褌褞褉褜屑邪
jail,褌褞褉褜屑邪
jam,胁邪褉械薪褜械
January,携薪胁邪褉褜
jazz,写卸邪蟹
jeans,写卸懈薪褋褘
jet,褋褌褉褍褟
jewellery,褞胁械谢懈褉薪褘械 懈蟹写械谢懈褟
job,褉邪斜芯褌邪
join,锌褉懈褋芯械写懈薪褟泄褌械褋褜 泻
joint,褋芯胁屑械褋褌薪芯械
joint,褋芯胁屑械褋褌薪芯械
joke,褕褍褌泻邪
joke,褕褍褌泻邪
journal,卸褍褉薪邪谢
journalism,卸褍褉薪邪谢懈褋褌懈泻邪
journalist,卸褍褉薪邪谢懈褋褌
journey,锌褍褌械褕械褋褌胁懈械
joy,褉邪写芯褋褌褜
judge,褋褍写褜褟
judge,褋褍写褜褟
judgement,褋褍卸写械薪懈械
judicial,褋褍写械斜薪邪褟
juice,褋芯泻
July,袠褞谢褜
jump,锌褉褘卸芯泻
jump,锌褉褘卸芯泻
junction,锌械褉械泻褉械褋褌芯泻
June,袠褞薪褜
junior,屑谢邪写褕懈泄
jurisdiction,褞褉懈褋写懈泻褑懈褟
jury,卸褞褉懈
just,锌褉芯褋褌芯
just,锌褉芯褋褌芯
justice,锌褉邪胁芯褋褍写懈械
justification,芯斜芯褋薪芯胁邪薪懈械
justify,芯锌褉邪胁写邪褌褜
keen,褍胁谢械褔械薪薪褘泄
keep,写械褉卸邪褌褜
key,泻谢褞褔
key,泻谢褞褔
key,泻谢褞褔
keyboard,泻谢邪胁懈邪褌褍褉邪
kick,锌懈薪邪褌褜
kick,锌懈薪邪褌褜
kid,褉械斜械薪芯泻
kidnap,锌芯褏懈褌懈褌褜
kidney,锌芯褔泻邪
kill,褍斜懈褌褜
killing,褍斜懈泄褋褌胁芯
kilometre,泻懈谢芯屑械褌褉
kind,写芯斜褉褘泄
kind,写芯斜褉褘泄
king,泻芯褉芯谢褜
kingdom,泻芯褉芯谢械胁褋褌胁芯
kiss,锌芯褑械谢褍泄
kiss,锌芯褑械谢褍泄
kit,泻芯屑锌谢械泻褌
kitchen,泻褍褏薪褟
knee,泻芯谢械薪芯
knife,薪芯卸
knock,褋褌褍褔邪褌褜
knock,褋褌褍褔邪褌褜
know,蟹薪邪褌褜
knowledge,蟹薪邪薪懈褟
lab,谢邪斜芯褉邪褌芯褉懈褟
label,褝褌懈泻械褌泻邪
label,褝褌懈泻械褌泻邪
laboratory,谢邪斜芯褉邪褌芯褉懈褟
labour,褌褉褍写
lack,薪械 褏胁邪褌邪械褌
lack,薪械 褏胁邪褌邪械褌
lad,锌邪褉械薪褜
ladder,谢械褋褌薪懈褑邪
lady,谢械写懈
lake,芯蟹械褉芯
lamp,谢邪屑锌邪
land,蟹械屑谢褟
land,蟹械屑谢褟
landing,锌芯褋邪写泻邪
landlord,邪褉械薪写芯写邪褌械谢褜
landmark,写芯褋褌芯锌褉懈屑械褔邪褌械谢褜薪芯褋褌褜
landscape,谢邪薪写褕邪褎褌
lane,锌械褉械褍谢芯泻
language,褟蟹褘泻
lap,泻褉褍谐
laptop,薪芯褍褌斜褍泻
large,斜芯谢褜褕芯泄
large-scale,泻褉褍锌薪芯屑邪褋褕褌邪斜薪褘械
largely,胁 芯褋薪芯胁薪芯屑
laser,谢邪蟹械褉
last,锌芯褋谢械写薪懈泄
last,锌芯褋谢械写薪懈泄
last,锌芯褋谢械写薪懈泄
last,锌芯褋谢械写薪懈泄
late,锌芯蟹写薪芯
late,锌芯蟹写薪芯
lately,袙 锌芯褋谢械写薪械械 胁褉械屑褟
later,锌芯蟹卸械
later,锌芯蟹卸械
latest,锌芯褋谢械写薪懈械
latest,锌芯褋谢械写薪懈械
latter,锌芯褋谢械写薪懈泄
latter,锌芯褋谢械写薪懈泄
laugh,褋屑械褟褌褜褋褟
laugh,褋屑械褟褌褜褋褟
laughter,褋屑械褏
launch,蟹邪锌褍褋泻
launch,蟹邪锌褍褋泻
law,蟹邪泻芯薪
lawn,谐邪蟹芯薪
lawsuit,褋褍写械斜薪褘泄 懈褋泻
lawyer,邪写胁芯泻邪褌
lay,谢械卸邪褌褜
layer,褋谢芯泄
layout,屑邪泻械褌
lazy,谢械薪懈胁褘泄
lead,褋胁懈薪械褑
lead,褋胁懈薪械褑
leader,谢懈写械褉
leadership,谢懈写械褉褋褌胁芯
leading,胁械写褍褖懈泄
leaf,谢懈褋褌
leaflet,谢懈褋褌芯胁泻邪
league,袥懈谐邪
leak,褍褌械褔泻邪
leak,褍褌械褔泻邪
lean,褏褍写芯泄
leap,锌褉褘卸芯泻
leap,锌褉褘卸芯泻
learn,懈蟹褍褔邪泄褌械
learning,芯斜褍褔械薪懈械
least,薪邪懈屑械薪械械
least,薪邪懈屑械薪械械
least,薪邪懈屑械薪械械
leather,泻芯卸邪
leave,芯褋褌邪胁懈褌褜
leave,芯褋褌邪胁懈褌褜
lecture,谢械泻褑懈褟
lecture,谢械泻褑懈褟
left,褋谢械胁邪
left,褋谢械胁邪
left,褋谢械胁邪
leg,薪芯谐邪
legacy,薪邪褋谢械写懈械
legal,褞褉懈写懈褔械褋泻邪褟
legend,谢械谐械薪写邪
legendary,谢械谐械薪写邪褉薪褘泄
legislation,蟹邪泻芯薪芯写邪褌械谢褜褋褌胁芯
legislative,蟹邪泻芯薪芯写邪褌械谢褜褋褌胁芯
legislature,袟邪泻芯薪芯写邪褌械谢褜薪芯械 褋芯斜褉邪薪懈械
legitimate,蟹邪泻芯薪薪褘泄
leisure,芯褌写褘褏
lemon,谢懈屑芯薪
lend,芯写芯谢卸懈褌褜
length,写谢懈薪邪
lengthy,写谢懈薪薪褘泄
lens,芯斜褗械泻褌懈胁
lesbian,谢械褋斜懈褟薪泻懈
less,屑械薪褜褕械
less,屑械薪褜褕械
less,屑械薪褜褕械
lesser,屑械薪褜褕械
lesson,褍褉芯泻
let,锌褍褋褌褜
lethal,小屑械褉褌械谢褜薪褘泄
letter,锌懈褋褜屑芯
level,褍褉芯胁械薪褜
level,褍褉芯胁械薪褜
level,褍褉芯胁械薪褜
liable,袨褌胁械褌褋褌胁械薪薪褘泄
liberal,谢懈斜械褉邪谢
liberal,谢懈斜械褉邪谢
liberation,芯褋胁芯斜芯卸写械薪懈械
liberty,褋胁芯斜芯写邪
library,斜懈斜谢懈芯褌械泻邪
licence,谢懈褑械薪蟹懈褟
license,谢懈褑械薪蟹懈褟
lie,谢芯卸褜
lie,谢芯卸褜
lie,谢芯卸褜
life,卸懈蟹薪褜
lifelong,薪邪 胁褋褞 卸懈蟹薪褜
lifestyle,芯斜褉邪蟹 卸懈蟹薪懈
lifetime,褋褉芯泻 褋谢褍卸斜褘
lift,谢懈褎褌
lift,谢懈褎褌
light,褋胁械褌
light,褋胁械褌
light,褋胁械褌
lighting,芯褋胁械褖械薪懈械
like,"薪邪锌褉懈屑械褉,"
like,"薪邪锌褉懈屑械褉,"
like,"薪邪锌褉懈屑械褉,"
likelihood,胁械褉芯褟褌薪芯褋褌褜
likely,褋泻芯褉械械 胁褋械谐芯
likewise,邪薪邪谢芯谐懈褔薪芯
limb,泻芯薪械褔薪芯褋褌褜
limit,芯谐褉邪薪懈褔械薪懈械
limit,芯谐褉邪薪懈褔械薪懈械
limitation,芯谐褉邪薪懈褔械薪懈械
limited,芯谐褉邪薪懈褔械薪薪褘泄
line,谢懈薪懈褟
line,谢懈薪懈褟
line-up,褋芯褋褌邪胁
linear,谢懈薪械泄薪褘泄
linger,蟹邪写械褉卸懈胁邪褌褜褋褟
link,褋褋褘谢泻邪
link,褋褋褘谢泻邪
lion,谢械胁
lip,谐褍斜褘
liquid,卸懈写泻芯褋褌褜
liquid,卸懈写泻芯褋褌褜
list,褋锌懈褋芯泻
list,褋锌懈褋芯泻
listen,褋谢褍褕邪褌褜
listener,褋谢褍褕邪褌械谢褜
listing,谢懈褋褌懈薪谐
literacy,谐褉邪屑芯褌薪芯褋褌褜
literally,斜褍泻胁邪谢褜薪芯
literary,谢懈褌械褉邪褌褍褉薪褘泄
literature,谢懈褌械褉邪褌褍褉邪
litre,谢懈褌褉
litter,屑褍褋芯褉
little,屑邪谢械薪褜泻懈泄
little,屑邪谢械薪褜泻懈泄
little,屑邪谢械薪褜泻懈泄
little,屑邪谢械薪褜泻懈泄
live,卸懈褌褜
live,卸懈褌褜
live,卸懈褌褜
lively,卸懈胁芯泄
liver,锌械褔械薪褜
living,卸懈褌褜
living,卸懈褌褜
load,蟹邪谐褉褍蟹泻邪
load,蟹邪谐褉褍蟹泻邪
loan,泻褉械写懈褌
lobby,胁械褋褌懈斜褞谢褜
lobby,胁械褋褌懈斜褞谢褜
local,屑械褋褌薪褘泄
local,屑械褋褌薪褘泄
locate,薪邪泄褌懈
located,褉邪褋锌芯谢芯卸械薪薪褘泄
location,屑械褋褌芯锌芯谢芯卸械薪懈械
lock,蟹邪屑芯泻
lock,蟹邪屑芯泻
log,卸褍褉薪邪谢
log,卸褍褉薪邪谢
logic,谢芯谐懈泻邪
logical,谢芯谐懈褔械褋泻懈泄
logo,谢芯谐芯褌懈锌
lonely,袨写懈薪芯泻懈泄
long,写谢懈薪薪褘泄
long,写谢懈薪薪褘泄
long-standing,写邪胁薪懈械
long-term,写芯谢谐芯褋褉芯褔薪邪褟
long-term,写芯谢谐芯褋褉芯褔薪邪褟
long-time,写芯谢谐芯械 胁褉械屑褟
look,褋屑芯褌褉械褌褜
look,褋屑芯褌褉械褌褜
loom,褌泻邪褑泻懈泄 褋褌邪薪芯泻
loop,锌械褌谢褟
loose,褋胁芯斜芯写薪褘泄
lord,谢芯褉写
lorry,谐褉褍蟹芯胁懈泻
lose,锌芯褌械褉褟褌褜
loss,锌芯褌械褉褟
lost,锌芯褌械褉褟薪薪褘泄
lot,谢芯褌
lot,谢芯褌
lot,谢芯褌
lottery,谢芯褌械褉械褟
loud,谐褉芯屑泻芯
loud,谐褉芯屑泻芯
loudly,谐褉芯屑泻芯
love,谢褞斜芯胁褜
love,谢褞斜芯胁褜
lovely,锌褉械泻褉邪褋薪褘泄
low,薪懈蟹泻懈泄
low,薪懈蟹泻懈泄
low,薪懈蟹泻懈泄
lower,薪懈卸械
loyal,胁械褉薪褘泄
loyalty,谢芯褟谢褜薪芯褋褌褜
luck,褍写邪褔邪
lucky,褍写邪褔邪
lunch,芯斜械写
lung,谢械谐泻芯械
luxury,褉芯褋泻芯褕褜
luxury,褉芯褋泻芯褕褜
lyric,袥懈褉懈泻邪
machine,屑邪褕懈薪邪
machinery,芯斜芯褉褍写芯胁邪薪懈械
mad,斜械蟹褍屑薪褘泄
magazine,卸褍褉薪邪谢
magic,屑邪谐懈褟
magic,屑邪谐懈褟
magical,胁芯谢褕械斜薪褘泄
magistrate,屑邪谐懈褋褌褉邪褌
magnetic,屑邪谐薪懈褌薪褘泄
magnificent,胁械谢懈泻芯谢械锌薪褘泄
magnitude,胁械谢懈褔懈薪邪
mail,锌芯褔褌邪
mail,锌芯褔褌邪
main,谐谢邪胁薪邪褟
mainland,屑邪褌械褉懈泻
mainly,胁 芯褋薪芯胁薪芯屑
mainstream,屑械泄薪褋褌褉懈屑
mainstream,屑械泄薪褋褌褉懈屑
maintain,锌芯写写械褉卸懈胁邪褌褜
maintenance,芯斜褋谢褍卸懈胁邪薪懈械
major,谐谢邪胁薪邪褟
major,谐谢邪胁薪邪褟
majority,斜芯谢褜褕懈薪褋褌胁芯
make,褋写械谢邪褌褜
make,褋写械谢邪褌褜
make-up,屑邪泻懈褟卸
making,褋芯蟹写邪薪懈械
male,屑褍卸褔懈薪邪
male,屑褍卸褔懈薪邪
mall,褌芯褉谐芯胁褘泄 褑械薪褌褉
man,褔械谢芯胁械泻
manage,褍锌褉邪胁谢褟褌褜
management,褍锌褉邪胁谢械薪懈械
manager,屑械薪械写卸械褉
mandate,屑邪薪写邪褌
mandatory,芯斜褟蟹邪褌械谢褜薪褘泄
manifest,屑邪薪懈褎械褋褌
manipulate,屑邪薪懈锌褍谢懈褉芯胁邪褌褜
manipulation,屑邪薪懈锌褍谢褟褑懈褟
manner,屑邪薪械褉邪
manufacture,锌褉芯懈蟹胁芯写褋褌胁芯
manufacturing,锌褉芯懈蟹胁芯写褋褌胁芯
manuscript,褉褍泻芯锌懈褋褜
many,屑薪芯谐芯
many,屑薪芯谐芯
map,泻邪褉褌邪
map,泻邪褉褌邪
marathon,屑邪褉邪褎芯薪
March,袦邪褉褌
march,屑邪褉褌
march,屑邪褉褌
margin,袦邪褉卸邪
marginal,屑邪褉谐懈薪邪谢褜薪褘泄
marine,屑芯褉褋泻邪褟
mark,袦邪褉泻
mark,袦邪褉泻
marker,屑邪褉泻械褉
market,褉褘薪芯泻
market,褉褘薪芯泻
marketing,屑邪褉泻械褌懈薪谐
marketplace,褉褘薪芯泻
marriage,斜褉邪泻
married,卸械薪邪褌
marry,胁褘泄褌懈 蟹邪屑褍卸
martial,斜芯械胁褘械
mask,屑邪褋泻邪
mass,屑邪褋褋邪
mass,屑邪褋褋邪
massacre,褉械蟹薪褟
massive,屑邪褋褋懈胁薪褘泄
master,屑邪褋褌械褉
master,屑邪褋褌械褉
match,屑邪褌褔
match,屑邪褌褔
matching,小芯芯褌胁械褌褋褌胁懈械
mate,锌褉懈褟褌械谢褜
mate,锌褉懈褟褌械谢褜
material,屑邪褌械褉懈邪谢
material,屑邪褌械褉懈邪谢
mathematical,屑邪褌械屑邪褌懈褔械褋泻懈泄
mathematics,屑邪褌械屑邪褌懈泻邪
maths,屑邪褌械屑邪褌懈泻邪
matter,屑邪褌械褉懈褟
matter,屑邪褌械褉懈褟
mature,蟹褉械谢褘械
mature,蟹褉械谢褘械
maximize,屑邪泻褋懈屑懈蟹懈褉芯胁邪褌褜
maximum,屑邪泻褋懈屑邪谢褜薪褘泄
maximum,屑邪泻褋懈屑邪谢褜薪褘泄
May,袦邪泄
may,屑邪泄
maybe,胁芯蟹屑芯卸薪芯
mayor,屑褝褉
me,屑薪械
meal,械写邪
mean,褋褉械写薪械械
meaning,蟹薪邪褔械薪懈械
meaningful,褋芯写械褉卸邪褌械谢褜薪褘泄
means,芯蟹薪邪褔邪械褌
meantime,褌械屑 胁褉械屑械薪械屑
meanwhile,褌械屑 胁褉械屑械薪械屑
measure,懈蟹屑械褉褟褌褜
measure,懈蟹屑械褉褟褌褜
measurement,懈蟹屑械褉械薪懈械
meat,屑褟褋芯
mechanic,屑械褏邪薪懈泻
mechanical,屑械褏邪薪懈褔械褋泻懈泄
mechanism,屑械褏邪薪懈蟹屑
medal,屑械写邪谢褜
media,小袦袠
medical,屑械写懈褑懈薪褋泻懈泄
medication,谢械泻邪褉褋褌胁邪
medicine,屑械写懈褑懈薪邪
medieval,小褉械写薪械胁械泻芯胁褜械
meditation,屑械写懈褌邪褑懈褟
medium,褋褉械写薪懈泄
medium,褋褉械写薪懈泄
meet,蟹薪邪泻芯屑褜褌械褋褜:
meeting,胁褋褌褉械褔邪
melody,屑械谢芯写懈褟
melt,褉邪褋锌谢邪胁
member,褔谢械薪
membership,褔谢械薪褋褌胁芯
memo,锌邪屑褟褌泻邪
memoir,屑械屑褍邪褉褘
memorable,蟹邪锌芯屑懈薪邪褞褖懈泄褋褟
memorial,屑械屑芯褉懈邪谢
memory,锌邪屑褟褌褜
mental,锌褋懈褏懈褔械褋泻芯械
mention,褍锌芯屑懈薪邪褌褜
mention,褍锌芯屑懈薪邪褌褜
mentor,薪邪褋褌邪胁薪懈泻
menu,屑械薪褞
merchant,褌芯褉谐芯胁械褑
mercy,袦懈谢芯褋械褉写懈械
mere,锌褉芯褋褌芯
merely,锌褉芯褋褌芯
merge,芯斜褗械写懈薪懈褌褜
merger,褋谢懈褟薪懈械
merit,蟹邪褋谢褍谐懈
mess,斜械褋锌芯褉褟写芯泻
message,褋芯芯斜褖械薪懈械
metal,屑械褌邪谢谢
metaphor,屑械褌邪褎芯褉邪
method,屑械褌芯写
methodology,屑械褌芯写芯谢芯谐懈褟
metre,屑械褌褉
middle,褋械褉械写懈薪邪
middle,褋械褉械写懈薪邪
midnight,锌芯谢薪芯褔褜
midst,胁 褋械褉械写懈薪械
might,屑芯卸械褌
migration,屑懈谐褉邪褑懈褟
mild,屑褟谐泻懈泄
mile,屑懈谢褟
militant,斜芯械胁懈泻
militant,斜芯械胁懈泻
military,胁芯械薪薪褘械
military,胁芯械薪薪褘械
militia,芯锌芯谢褔械薪懈械
milk,屑芯谢芯泻芯
mill,屑械谢褜薪懈褑邪
million,屑懈谢谢懈芯薪
mind,褍屑
mind,褍屑
mine,褕邪褏褌邪
mine,褕邪褏褌邪
miner,褕邪褏褌械褉
mineral,屑懈薪械褉邪谢
minimal,屑懈薪懈屑邪谢褜薪褘泄
minimize,屑懈薪懈屑懈蟹懈褉芯胁邪褌褜
minimum,屑懈薪懈屑褍屑
minimum,屑懈薪懈屑褍屑
mining,写芯斜褘褔邪
minister,屑懈薪懈褋褌褉
ministry,屑懈薪懈褋褌械褉褋褌胁芯
minor,薪械蟹薪邪褔懈褌械谢褜薪褘械
minority,屑械薪褜褕懈薪褋褌胁芯
minute,屑懈薪褍褌邪
minute,屑懈薪褍褌邪
miracle,褔褍写芯
mirror,蟹械褉泻邪谢芯
miserable,薪械褋褔邪褋褌薪褘泄
misery,褋褌褉邪写邪薪懈褟
misleading,胁胁械写械薪懈械 胁 蟹邪斜谢褍卸写械薪懈械
miss,屑懈褋褋
missile,褉邪泻械褌邪
missing,芯褌褋褍褌褋褌胁褍械褌
mission,屑懈褋褋懈褟
mistake,芯褕懈斜泻邪
mistake,芯褕懈斜泻邪
mix,褋屑械褋褜
mix,褋屑械褋褜
mixed,褋屑械褕邪薪薪褘泄
mixture,褋屑械褋褜
mob,屑邪褎懈褟
mobile,屑芯斜懈谢褜薪褘泄
mobile,屑芯斜懈谢褜薪褘泄
mobility,屑芯斜懈谢褜薪芯褋褌褜
mobilize,屑芯斜懈谢懈蟹芯胁邪褌褜
mode,褉械卸懈屑
model,屑芯写械谢褜
model,屑芯写械谢褜
moderate,褍屑械褉械薪薪褘泄
modern,褋芯胁褉械屑械薪薪褘泄
modest,褋泻褉芯屑薪芯
modification,屑芯写懈褎懈泻邪褑懈褟
modify,懈蟹屑械薪懈褌褜
moment,屑芯屑械薪褌
momentum,懈屑锌褍谢褜褋
Monday,袩芯薪械写械谢褜薪懈泻
money,写械薪褜谐懈
monitor,屑芯薪懈褌芯褉
monitor,屑芯薪懈褌芯褉
monk,屑芯薪邪褏
monkey,芯斜械蟹褜褟薪邪
monopoly,屑芯薪芯锌芯谢懈褟
monster,屑芯薪褋褌褉
month,屑械褋褟褑
monthly,械卸械屑械褋褟褔薪芯
monument,锌邪屑褟褌薪懈泻
mood,薪邪褋褌褉芯械薪懈械
moon,谢褍薪邪
moral,屑芯褉邪谢褜
moral,屑芯褉邪谢褜
morality,屑芯褉邪谢褜
more,锌芯写褉芯斜薪械械
more,锌芯写褉芯斜薪械械
more,锌芯写褉芯斜薪械械
moreover,斜芯谢械械 褌芯谐芯
morning,褍褌褉芯
mortgage,懈锌芯褌械泻邪
mosque,屑械褔械褌褜
most,斜芯谢褜褕懈薪褋褌胁芯
most,斜芯谢褜褕懈薪褋褌胁芯
most,斜芯谢褜褕懈薪褋褌胁芯
mostly,胁 芯褋薪芯胁薪芯屑
mother,屑邪褌褜
motion,写胁懈卸械薪懈械
motivate,屑芯褌懈胁懈褉芯胁邪褌褜
motivation,屑芯褌懈胁邪褑懈褟
motive,屑芯褌懈胁
motor,写胁懈谐邪褌械谢褜
motor,写胁懈谐邪褌械谢褜
motorcycle,屑芯褌芯褑懈泻谢
motorist,邪胁褌芯屑芯斜懈谢懈褋褌
mount,谐芯褉邪
mountain,谐芯褉邪
mouse,屑褘褕褜
mouth,褉芯褌
move,锌械褉械泄褌懈
move,锌械褉械泄褌懈
movement,写胁懈卸械薪懈械
movie,褎懈谢褜屑
moving,锌械褉械械蟹写
much,屑薪芯谐芯
much,屑薪芯谐芯
much,屑薪芯谐芯
mud,谐褉褟蟹褜
multiple,薪械褋泻芯谢褜泻芯
multiply,褍屑薪芯卸懈褌褜
mum,屑邪屑邪
municipal,屑褍薪懈褑懈锌邪谢褜薪褘泄
murder,褍斜懈泄褋褌胁芯
murder,褍斜懈泄褋褌胁芯
muscle,屑褘褕褑褘
museum,屑褍蟹械泄
music,屑褍蟹褘泻邪
musical,屑褍蟹褘泻邪谢褜薪褘泄
musical,屑褍蟹褘泻邪谢褜薪褘泄
musician,屑褍蟹褘泻邪薪褌
must,芯斜褟蟹邪褌械谢褜薪芯
mutual,胁蟹邪懈屑薪芯
my,屑芯泄
myself,褋邪屑
mysterious,褌邪懈薪褋褌胁械薪薪褘泄
mystery,褌邪泄薪邪
myth,屑懈褎
nail,谐胁芯蟹写褜
naked,谐芯谢邪褟
name,懈屑褟
name,懈屑褟
namely,邪 懈屑械薪薪芯
narrative,锌芯胁械褋褌胁芯胁邪薪懈械
narrative,锌芯胁械褋褌胁芯胁邪薪懈械
narrow,褍蟹泻懈泄
narrow,褍蟹泻懈泄
nasty,锌褉芯褌懈胁薪褘泄
nation,薪邪褑懈褟
national,薪邪褑懈芯薪邪谢褜薪邪褟
national,薪邪褑懈芯薪邪谢褜薪邪褟
nationwide,锌芯 胁褋械泄 褋褌褉邪薪械
native,褉芯写薪芯泄
native,褉芯写薪芯泄
natural,薪邪褌褍褉邪谢褜薪褘泄
naturally,械褋褌械褋褌胁械薪薪芯
nature,锌褉懈褉芯写邪
naval,胁芯械薪薪芯-屑芯褉褋泻芯泄 褎谢芯褌
navigation,薪邪胁懈谐邪褑懈褟
near,褉褟写芯屑 褋
near,褉褟写芯屑 褋
near,褉褟写芯屑 褋
nearby,锌芯斜谢懈蟹芯褋褌懈
nearby,锌芯斜谢懈蟹芯褋褌懈
nearly,锌芯褔褌懈
neat,邪泻泻褍褉邪褌薪芯
necessarily,芯斜褟蟹邪褌械谢褜薪芯
necessary,薪械芯斜褏芯写懈屑芯
necessity,薪械芯斜褏芯写懈屑芯褋褌褜
neck,褕械褟
need,薪褍卸薪芯
need,薪褍卸薪芯
need,薪褍卸薪芯
needle,懈谐谢邪
negative,芯褌褉懈褑邪褌械谢褜薪褘泄
negative,芯褌褉懈褑邪褌械谢褜薪褘泄
neglect,锌褉械薪械斜褉械卸械薪懈械
neglect,锌褉械薪械斜褉械卸械薪懈械
negotiate,写芯谐芯胁芯褉懈褌褜褋褟
negotiation,锌械褉械谐芯胁芯褉褘
neighbour,褋芯褋械写
neighbourhood,褉邪泄芯薪
neighbouring,褋芯褋械写薪懈泄
neither,薪懈
neither,薪懈
neither,薪懈
nerve,薪械褉胁
nervous,薪械褉胁薪褘泄
nest,谐薪械蟹写芯
net,褋械褌褜
net,褋械褌褜
network,褋械褌褜
neutral,薪械泄褌褉邪谢褜薪褘泄
never,薪懈泻芯谐写邪
nevertheless,褌械屑 薪械 屑械薪械械
new,薪芯胁褘泄
newly,薪械写邪胁薪芯
news,薪芯胁芯褋褌懈
newsletter,褉邪褋褋褘谢泻邪
newspaper,谐邪蟹械褌邪
next,褋谢械写褍褞褖懈泄
next,褋谢械写褍褞褖懈泄
next,褋谢械写褍褞褖懈泄
next to,褉褟写芯屑 褋
nice,褏芯褉芯褕懈泄
niche,薪懈褕邪
night,薪芯褔褜
nightmare,泻芯褕屑邪褉
nine,写械胁褟褌褜
nineteen,写械胁褟褌薪邪写褑邪褌褜
ninety,写械胁褟薪芯褋褌芯
no,薪械褌
no,薪械褌
no one,薪懈泻褌芯
noble,斜谢邪谐芯褉芯写薪褘泄
nobody,薪懈泻褌芯
nod,泻懈胁薪褍褌褜
noise,褕褍屑
noisy,褕褍屑薪褘泄
nominate,薪芯屑懈薪懈褉芯胁邪褌褜
nomination,薪芯屑懈薪邪褑懈褟
nominee,薪芯屑懈薪邪薪褌
non-profit,薪械泻芯屑屑械褉褔械褋泻邪褟
none,薪械褌
nonetheless,褌械屑 薪械 屑械薪械械
nonsense,褔械锌褍褏邪
noon,锌芯谢写械薪褜
nor,薪懈
nor,薪懈
norm,薪芯褉屑邪
normal,薪芯褉屑邪谢褜薪褘泄
normal,薪芯褉屑邪谢褜薪褘泄
normally,芯斜褘褔薪芯
north,褋械胁械褉
north,褋械胁械褉
north,褋械胁械褉
northern,褋械胁械褉
nose,薪芯褋
not,薪械
notable,懈蟹胁械褋褌薪褘泄
notably,胁 褔邪褋褌薪芯褋褌懈
note,锌褉懈屑械褔邪薪懈械
note,锌褉懈屑械褔邪薪懈械
notebook,薪芯褍褌斜褍泻
nothing,薪懈褔械谐芯
notice,褍胁械写芯屑谢械薪懈械
notice,褍胁械写芯屑谢械薪懈械
notify,褍胁械写芯屑懈褌褜
notion,锌芯薪褟褌懈械
notorious,锌械褔邪谢褜薪芯 懈蟹胁械褋褌薪褘泄
novel,褉芯屑邪薪
novel,褉芯屑邪薪
novelist,褉芯屑邪薪懈褋褌
November,袧芯褟斜褉褜
now,褋械泄褔邪褋
now,褋械泄褔邪褋
nowadays,胁 薪邪褋褌芯褟褖械械 胁褉械屑褟
nowhere,薪懈谐写械
nuclear,褟写械褉薪褘泄
number,薪芯屑械褉
number,薪芯屑械褉
numerous,屑薪芯谐芯褔懈褋谢械薪薪褘械
nurse,屑械写褋械褋褌褉邪
nursery,写械褌褋泻懈泄 褋邪写
nursing,褍褏芯写 蟹邪 斜芯谢褜薪褘屑懈
nut,芯褉械褏
nutrition,锌懈褌邪薪懈械
o'clock,褔邪褋
obesity,芯卸懈褉械薪懈械
obey,锌芯写褔懈薪褟褌褜褋褟
object,芯斜褗械泻褌
object,芯斜褗械泻褌
objection,胁芯蟹褉邪卸械薪懈械
objective,褑械谢褜
objective,褑械谢褜
obligation,芯斜褟蟹邪褌械谢褜褋褌胁芯
oblige,芯斜褟蟹褘胁邪褌褜
observation,薪邪斜谢褞写械薪懈械
observe,薪邪斜谢褞写邪褌褜
observer,薪邪斜谢褞写邪褌械谢褜
obsess,芯写械褉卸懈屑芯褋褌褜
obsession,芯写械褉卸懈屑芯褋褌褜
obstacle,锌褉械锌褟褌褋褌胁懈械
obtain,锌芯谢褍褔懈褌褜
obvious,芯褔械胁懈写薪芯械
obviously,芯褔械胁懈写薪芯
occasion,锌芯胁芯写
occasional,锌械褉懈芯写懈褔械褋泻懈
occasionally,懈薪芯谐写邪
occupation,锌褉芯褎械褋褋懈褟
occupy,芯泻泻褍锌懈褉芯胁邪褌褜
occur,锌褉芯懈褋褏芯写褟褌
occurrence,胁芯蟹薪懈泻薪芯胁械薪懈械
ocean,芯泻械邪薪
October,袨泻褌褟斜褉褜
odd,褋褌褉邪薪薪褘泄
odds,褕邪薪褋褘
of,懈蟹
off,褋 褋邪泄褌邪
off,褋 褋邪泄褌邪
offence,锌褉械褋褌褍锌谢械薪懈械
offend,芯斜懈写械褌褜
offender,锌褉械褋褌褍锌薪懈泻
offensive,薪邪锌邪写械薪懈械
offer,锌褉械写谢芯卸械薪懈械
offer,锌褉械写谢芯卸械薪懈械
offering,锌褉械写谢邪谐邪褟
office,芯褎懈褋
officer,芯褎懈褑械褉
official,芯褎懈褑懈邪谢褜薪褘泄 褋邪泄褌
official,芯褎懈褑懈邪谢褜薪褘泄 褋邪泄褌
offspring,锌芯褌芯屑褋褌胁芯
often,褔邪褋褌芯
oh,芯
oil,屑邪褋谢芯
OK,OK
OK,OK
OK,OK
old,褋褌邪褉褘泄
old-fashioned,褋褌邪褉芯屑芯写薪褘泄
on,薪邪
on,薪邪
once,芯写薪邪卸写褘
once,芯写薪邪卸写褘
one,芯写懈薪
one,芯写懈薪
one,芯写懈薪
ongoing,锌芯褋褌芯褟薪薪芯
onion,谢褍泻
online,芯薪谢邪泄薪
online,芯薪谢邪泄薪
only,褌芯谢褜泻芯
only,褌芯谢褜泻芯
onto,薪邪
open,芯褌泻褉褘褌褜
open,芯褌泻褉褘褌褜
opening,芯褌泻褉褘褌懈械
openly,芯褌泻褉褘褌芯
opera,芯锌械褉邪
operate,褉邪斜芯褌邪褌褜
operation,芯锌械褉邪褑懈褟
operational,芯锌械褉邪褌懈胁薪邪褟
operator,芯锌械褉邪褌芯褉
opinion,屑薪械薪懈械
opponent,锌褉芯褌懈胁薪懈泻
opportunity,胁芯蟹屑芯卸薪芯褋褌褜
oppose,锌褉芯褌懈胁
opposed,锌褉芯褌懈胁
opposite,薪邪锌褉芯褌懈胁
opposite,薪邪锌褉芯褌懈胁
opposite,薪邪锌褉芯褌懈胁
opposite,薪邪锌褉芯褌懈胁
opposition,芯锌锌芯蟹懈褑懈褟
opt,opt
optical,芯锌褌懈褔械褋泻懈泄
optimism,芯锌褌懈屑懈蟹屑
optimistic,芯锌褌懈屑懈褋褌懈褔薪褘泄
option,芯锌褑懈褟
or,懈谢懈
oral,芯褉邪谢褜薪褘泄
orange,邪锌械谢褜褋懈薪
orange,邪锌械谢褜褋懈薪
orchestra,芯褉泻械褋褌褉
order,蟹邪泻邪蟹邪褌褜
order,蟹邪泻邪蟹邪褌褜
ordinary,芯斜褘褔薪褘泄
organ,芯褉谐邪薪
organic,芯褉谐邪薪懈褔械褋泻懈械
organization,芯褉谐邪薪懈蟹邪褑懈褟
organizational,芯褉谐邪薪懈蟹邪褑懈褟
organize,芯褉谐邪薪懈蟹芯胁邪褌褜
organized,芯褉谐邪薪懈蟹芯胁邪薪芯
organizer,芯褉谐邪薪邪泄蟹械褉
orientation,芯褉懈械薪褌邪褑懈褟
origin,锌褉芯懈褋褏芯卸写械薪懈械
original,芯褉懈谐懈薪邪谢
original,芯褉懈谐懈薪邪谢
originally,锌械褉胁芯薪邪褔邪谢褜薪芯
originate,胁芯蟹薪懈泻薪褍褌褜
other,写褉褍谐懈械
other,写褉褍谐懈械
otherwise,懈薪邪褔械
ought,薪褍卸薪芯
our,薪邪褕
ours,薪邪褕
ourselves,褋邪屑懈
out,胁褘褏芯写懈褌褜
out,胁褘褏芯写懈褌褜
outbreak,胁褋锌褘褕泻邪
outcome,褉械蟹褍谢褜褌邪褌
outdoor,芯褌泻褉褘褌褘泄
outdoors,薪邪 芯褌泻褉褘褌芯屑 胁芯蟹写褍褏械
outer,胁薪械褕薪懈泄
outfit,薪邪褉褟写
outing,锌褉芯谐褍谢泻邪
outlet,胁褘褏芯写
outline,泻芯薪褋锌械泻褌
outline,泻芯薪褋锌械泻褌
outlook,outlook
output,胁褘褏芯写
outrage,胁芯蟹屑褍褖械薪懈械
outrage,胁芯蟹屑褍褖械薪懈械
outside,蟹邪 锌褉械写械谢邪屑懈
outside,蟹邪 锌褉械写械谢邪屑懈
outside,蟹邪 锌褉械写械谢邪屑懈
outside,蟹邪 锌褉械写械谢邪屑懈
outsider,邪褍褌褋邪泄写械褉
outstanding,胁褘写邪褞褖懈泄褋褟
oven,锌械褔褜
over,锌芯 邪写褉械褋褍
over,锌芯 邪写褉械褋褍
overall,胁 褑械谢芯屑
overall,胁 褑械谢芯屑
overcome,锌褉械芯写芯谢械褌褜
overlook,芯斜蟹芯褉
overly,褋谢懈褕泻芯屑
overnight,袧芯褔褜
overseas,蟹邪 褉褍斜械卸芯屑
overseas,蟹邪 褉褍斜械卸芯屑
oversee,褋谢械写懈褌褜 蟹邪
overturn,锌械褉械胁械褉薪褍褌褜
overwhelm,锌械褉械谐褉褍卸邪褌褜
overwhelming,锌芯写邪胁谢褟褞褖械械
owe,蟹邪写芯谢卸邪褌褜
own,褋芯斜褋褌胁械薪薪褘泄
own,褋芯斜褋褌胁械薪薪褘泄
own,褋芯斜褋褌胁械薪薪褘泄
owner,胁谢邪写械谢械褑
ownership,褋芯斜褋褌胁械薪薪芯褋褌褜
oxygen,泻懈褋谢芯褉芯写
pace,褌械屑锌
pace,褌械屑锌
pack,褍锌邪泻芯胁泻邪
pack,褍锌邪泻芯胁泻邪
package,锌邪泻械褌
package,锌邪泻械褌
packet,锌邪泻械褌
pad,锌谢芯褖邪写泻邪
page,褋褌褉邪薪懈褑邪
pain,斜芯谢褜
painful,斜芯谢械蟹薪械薪薪褘泄
paint,泻褉邪褋泻邪
paint,泻褉邪褋泻邪
painter,褏褍写芯卸薪懈泻
painting,卸懈胁芯锌懈褋褜
pair,锌邪褉邪
palace,写胁芯褉械褑
pale,斜谢械写薪褘泄
palm,锌邪谢褜屑邪
pan,褋泻芯胁芯褉芯写邪
panel,锌邪薪械谢褜
panic,锌邪薪懈泻邪
pants,斜褉褞泻懈
paper,斜褍屑邪谐邪
parade,锌邪褉邪写
paragraph,锌邪褉邪谐褉邪褎
parallel,锌邪褉邪谢谢械谢褜薪芯
parallel,锌邪褉邪谢谢械谢褜薪芯
parameter,锌邪褉邪屑械褌褉
parent,褉芯写懈褌械谢褜
parental,褉芯写懈褌械谢褜褋泻懈泄
parish,锌褉懈褏芯写
park,锌邪褉泻
park,锌邪褉泻
parking,锌邪褉泻芯胁泻邪
parliament,锌邪褉谢邪屑械薪褌
parliamentary,锌邪褉谢邪屑械薪褌
part,褔邪褋褌褜
part-time,薪械锌芯谢薪褘泄 褉邪斜芯褔懈泄 写械薪褜
partial,褔邪褋褌懈褔薪褘泄
partially,褔邪褋褌懈褔薪芯
participant,褍褔邪褋褌薪懈泻
participate,褍褔邪褋褌胁芯胁邪褌褜
participation,褍褔邪褋褌懈械
particular,泻芯薪泻褉械褌薪褘泄
particularly,芯褋芯斜械薪薪芯
partly,褔邪褋褌懈褔薪芯
partner,锌邪褉褌薪械褉
partnership,锌邪褉褌薪械褉褋褌胁芯
party,胁械褔械褉懈薪泻邪
pass,锌褉芯泄褌懈
pass,锌褉芯泄褌懈
passage,锌褉芯褏芯写
passenger,锌邪褋褋邪卸懈褉
passing,锌褉芯褏芯卸写械薪懈械
passion,褋褌褉邪褋褌褜
passionate,褋褌褉邪褋褌薪褘泄
passive,锌邪褋褋懈胁薪褘泄
passport,锌邪褋锌芯褉褌
password,锌邪褉芯谢褜
past,锌褉芯褕谢芯械
past,锌褉芯褕谢芯械
past,锌褉芯褕谢芯械
past,锌褉芯褕谢芯械
pastor,锌邪褋褌芯褉
patch,锌邪褌褔
patent,锌邪褌械薪褌
path,锌褍褌褜
pathway,锌褍褌褜
patience,褌械褉锌械薪懈械
patient,锌邪褑懈械薪褌
patient,锌邪褑懈械薪褌
patrol,锌邪褌褉褍谢褜
patrol,锌邪褌褉褍谢褜
patron,锌邪褌褉芯薪
pattern,褕邪斜谢芯薪
pause,锌邪褍蟹邪
pause,锌邪褍蟹邪
pay,锌谢邪褌懈褌褜
pay,锌谢邪褌懈褌褜
payment,芯锌谢邪褌邪
peace,屑懈褉
peaceful,屑懈褉薪褘泄
peak,锌懈泻
peasant,袣褉械褋褌褜褟薪懈薪
peculiar,芯褋芯斜械薪薪褘泄
peer,褋胁械褉褋褌薪懈泻
pen,褉褍褔泻邪
penalty,褕褌褉邪褎
pencil,泻邪褉邪薪写邪褕
penny,锌械薪薪懈
pension,锌械薪褋懈褟
people,谢褞写懈
pepper,锌械褉械褑
per,蟹邪
per cent,锌褉芯褑械薪褌
per cent,锌褉芯褑械薪褌
per cent,锌褉芯褑械薪褌
perceive,胁芯褋锌褉懈薪懈屑邪褌褜
percentage,锌褉芯褑械薪褌
perception,胁芯褋锌褉懈褟褌懈械
perfect,懈写械邪谢褜薪褘泄
perfectly,懈写械邪谢褜薪芯
perform,胁褘锌芯谢薪懈褌褜
performance,锌褉芯懈蟹胁芯写懈褌械谢褜薪芯褋褌褜
perhaps,"胁芯蟹屑芯卸薪芯,"
period,锌械褉懈芯写
permanent,锌芯褋褌芯褟薪薪邪褟
permanently,锌芯褋褌芯褟薪薪芯
permission,褉邪蟹褉械褕械薪懈械
permit,褉邪蟹褉械褕械薪懈械
permit,褉邪蟹褉械褕械薪懈械
persist,褋芯褏褉邪薪褟褌褜
persistent,锌芯褋褌芯褟薪薪褘泄
person,褔械谢芯胁械泻
personal,谢懈褔薪褘泄
personality,谢懈褔薪芯褋褌褜
personally,谢懈褔薪芯
personnel,锌械褉褋芯薪邪谢
perspective,锌械褉褋锌械泻褌懈胁邪
persuade,褍斜械卸写邪褌褜
pet,写芯屑邪褕薪械械 卸懈胁芯褌薪芯械
petition,锌械褌懈褑懈褟
petrol,斜械薪蟹懈薪
phase,褎邪蟹邪
phenomenon,褎械薪芯屑械薪
philosopher,褎懈谢芯褋芯褎
philosophical,褎懈谢芯褋芯褎褋泻懈泄
philosophy,褎懈谢芯褋芯褎懈褟
phone,褌械谢械褎芯薪
phone,褌械谢械褎芯薪
photo,褎芯褌芯
photograph,褎芯褌芯谐褉邪褎懈褟
photograph,褎芯褌芯谐褉邪褎懈褟
photographer,褎芯褌芯谐褉邪褎
photography,褎芯褌芯谐褉邪褎懈褟
phrase,褎褉邪蟹邪
physical,褎懈蟹懈褔械褋泻邪褟
physician,胁褉邪褔
physics,褎懈蟹懈泻邪
piano,褎芯褉褌械锌懈邪薪芯
pick,胁褘斜褉邪褌褜
pick,胁褘斜褉邪褌褜
picture,泻邪褉褌懈薪泻邪
picture,泻邪褉褌懈薪泻邪
piece,褕褌.
pig,褋胁懈薪褜褟
pile,褋胁邪褟
pile,褋胁邪褟
pill,褌邪斜谢械褌泻邪
pilot,锌懈谢芯褌
pin,胁褘胁芯写
pin,胁褘胁芯写
pink,褉芯蟹芯胁褘泄
pink,褉芯蟹芯胁褘泄
pioneer,锌懈芯薪械褉
pioneer,锌懈芯薪械褉
pipe,褌褉褍斜邪
pipeline,褌褉褍斜芯锌褉芯胁芯写
pirate,锌懈褉邪褌
pit,褟屑邪
pitch,褕邪谐
pity,卸邪谢泻芯
place,屑械褋褌芯
place,屑械褋褌芯
placement,褉邪蟹屑械褖械薪懈械
plain,锌褉芯褋褌邪褟
plan,锌谢邪薪
plan,锌谢邪薪
plane,褋邪屑芯谢械褌
planet,锌谢邪薪械褌邪
planning,锌谢邪薪懈褉芯胁邪薪懈械
plant,蟹邪胁芯写
plant,蟹邪胁芯写
plastic,锌谢邪褋褌懈泻
plastic,锌谢邪褋褌懈泻
plate,褌邪褉械谢泻邪
platform,锌谢邪褌褎芯褉屑邪
play,懈谐褉邪褌褜
play,懈谐褉邪褌褜
player,锌谢械械褉
plea,蟹邪褟胁谢械薪懈械
plead,蟹邪褟胁谢褟褌褜
pleasant,锌褉懈褟褌薪褘泄
please,"锌芯卸邪谢褍泄褋褌邪,"
please,"锌芯卸邪谢褍泄褋褌邪,"
pleased,写芯胁芯谢械薪
pleasure,褍写芯胁芯谢褜褋褌胁懈械
pledge,芯斜械褖邪薪懈械
pledge,芯斜械褖邪薪懈械
plenty,屑薪芯谐芯
plot,褋褞卸械褌
plot,褋褞卸械褌
plug,胁懈谢泻邪
plug,胁懈谢泻邪
plunge,锌芯谐褉褍卸械薪懈械
plus,锌谢褞褋
plus,锌谢褞褋
plus,锌谢褞褋
plus,锌谢褞褋
pocket,泻邪褉屑邪薪
poem,褋褌懈褏芯褌胁芯褉械薪懈械
poet,锌芯褝褌
poetry,锌芯褝蟹懈褟
point,褌芯褔泻邪
point,褌芯褔泻邪
pointed,褍泻邪蟹邪谢
poison,褟写
poison,褟写
poisonous,褟写芯胁懈褌褘泄
pole,褋褌芯谢斜
police,锌芯谢懈褑懈褟
policeman,袩芯谢懈褑械泄褋泻懈泄
policy,锌芯谢懈褌懈泻邪
polite,胁械卸谢懈胁褘泄
political,锌芯谢懈褌懈泻邪
politician,锌芯谢懈褌懈泻
politics,锌芯谢懈褌懈泻邪
poll,芯锌褉芯褋
pollution,蟹邪谐褉褟蟹薪械薪懈械
pond,锌褉褍写
pool,斜邪褋褋械泄薪
poor,斜械写薪褘泄
pop,锌芯锌
pop,锌芯锌
pop,锌芯锌
popular,锌芯锌褍谢褟褉薪褘泄
popularity,锌芯锌褍谢褟褉薪芯褋褌褜
population,薪邪褋械谢械薪懈械
port,锌芯褉褌
portfolio,锌芯褉褌褎芯谢懈芯
portion,锌芯褉褑懈褟
portrait,锌芯褉褌褉械褌
portray,懈蟹芯斜褉邪蟹懈褌褜
pose,锌芯蟹邪
position,锌芯蟹懈褑懈褟
position,锌芯蟹懈褑懈褟
positive,锌芯谢芯卸懈褌械谢褜薪褘泄
positive,锌芯谢芯卸懈褌械谢褜薪褘泄
possess,胁谢邪写械褌褜
possession,胁谢邪写械薪懈械
possibility,胁芯蟹屑芯卸薪芯褋褌褜
possible,胁芯蟹屑芯卸薪芯
possibly,"胁芯蟹屑芯卸薪芯,"
post,锌芯褔褌邪
post,锌芯褔褌邪
post-war,袩芯褋谢械胁芯械薪薪褘泄
poster,锌谢邪泻邪褌
postpone,芯褌谢芯卸懈褌褜
pot,谐芯褉褕芯泻
potato,泻邪褉褌芯褎械谢褜
potential,锌芯褌械薪褑懈邪谢褜薪褘泄
potential,锌芯褌械薪褑懈邪谢褜薪褘泄
potentially,锌芯褌械薪褑懈邪谢褜薪芯
pound,褎褍薪褌
pour,蟹邪谢懈褌褜
poverty,斜械写薪芯褋褌褜
powder,锌芯褉芯褕芯泻
power,屑芯褖薪芯褋褌褜
power,屑芯褖薪芯褋褌褜
powerful,屑芯褖薪褘泄
practical,锌褉邪泻褌懈褔械褋泻懈泄
practice,锌褉邪泻褌懈泻邪
practise,锌褉邪泻褌懈泻芯胁邪褌褜
practitioner,锌褉邪泻褌懈泻
praise,褏胁邪谢邪
praise,褏胁邪谢邪
pray,屑芯谢懈褌褜褋褟
prayer,屑芯谢懈褌胁邪
preach,锌褉芯锌芯胁械写芯胁邪褌褜
precede,锌褉械写褕械褋褌胁芯胁邪褌褜
precedent,锌褉械褑械写械薪褌
precious,写褉邪谐芯褑械薪薪褘泄
precise,褌芯褔薪褘泄
precisely,褌芯褔薪芯
precision,褌芯褔薪芯褋褌褜
predator,褏懈褖薪懈泻
predecessor,锌褉械写褕械褋褌胁械薪薪懈泻
predict,锌褉械写褋泻邪蟹邪褌褜
predictable,锌褉械写褋泻邪蟹褍械屑芯
prediction,锌褉械写褋泻邪蟹邪薪懈械
predominantly,锌褉械懈屑褍褖械褋褌胁械薪薪芯
prefer,锌褉械写锌芯褔懈褌邪褞
preference,锌褉械写锌芯褔褌械薪懈械
pregnancy,斜械褉械屑械薪薪芯褋褌褜
pregnant,斜械褉械屑械薪薪邪褟
prejudice,锌褉械写褉邪褋褋褍写泻懈
preliminary,锌褉械写胁邪褉懈褌械谢褜薪褘泄
premier,锌褉械屑褜械褉邪
premise,锌芯屑械褖械薪懈械
premium,锌褉械屑懈褍屑
preparation,锌芯写谐芯褌芯胁泻邪
prepare,锌芯写谐芯褌芯胁懈褌褜
prepared,锌芯写谐芯褌芯胁谢械薪芯
prescribe,胁褘锌懈褋邪褌褜
prescription,袪械褑械锌褌
presence,锌褉懈褋褍褌褋褌胁懈械
present,薪邪褋褌芯褟褖械械
present,薪邪褋褌芯褟褖械械
present,薪邪褋褌芯褟褖械械
presentation,锌褉械蟹械薪褌邪褑懈褟
presently,胁 薪邪褋褌芯褟褖械械 胁褉械屑褟
preservation,褋芯褏褉邪薪械薪懈械
preserve,褋芯褏褉邪薪懈褌褜
preside,锌褉械写褋械写邪褌械谢褜褋褌胁芯胁邪褌褜
presidency,袩褉械蟹懈写械薪褌褋褌胁芯
president,锌褉械蟹懈写械薪褌
presidential,袩褉械蟹懈写械薪褌
press,薪邪卸屑懈褌械
press,薪邪卸屑懈褌械
pressure,写邪胁谢械薪懈械
prestigious,锌褉械褋褌懈卸薪褘泄
presumably,锌褉械写锌芯谢芯卸懈褌械谢褜薪芯
presume,锌褉械写锌芯谢芯卸懈褌褜
pretend,锌褉懈褌胁芯褉褟褌褜褋褟
pretty,泻褉邪褋懈胁邪褟
pretty,泻褉邪褋懈胁邪褟
prevail,锌褉械芯斜谢邪写邪褌褜
prevalence,褉邪褋锌褉芯褋褌褉邪薪械薪薪芯褋褌褜
prevent,锌褉械写芯褌胁褉邪褌懈褌褜
prevention,锌褉芯褎懈谢邪泻褌懈泻邪
previous,锌褉械写褘写褍褖懈泄
previously,褉邪薪械械
prey,写芯斜褘褔邪
price,褑械薪邪
price,褑械薪邪
pride,谐芯褉写芯褋褌褜
priest,褋胁褟褖械薪薪懈泻
primarily,胁 芯褋薪芯胁薪芯屑
primary,芯褋薪芯胁薪芯泄
prime,锌褉邪泄屑
prince,锌褉懈薪褑
princess,锌褉懈薪褑械褋褋邪
principal,谐谢邪胁薪邪褟
principal,谐谢邪胁薪邪褟
principle,锌褉懈薪褑懈锌
print,锌械褔邪褌褜
print,锌械褔邪褌褜
printer,锌褉懈薪褌械褉
printing,锌械褔邪褌褜
prior,锌褉械写褘写褍褖懈泄
priority,锌褉懈芯褉懈褌械褌
prison,褌褞褉褜屑邪
prisoner,蟹邪泻谢褞褔械薪薪褘泄
privacy,泻芯薪褎懈写械薪褑懈邪谢褜薪芯褋褌褜
private,褔邪褋褌薪褘泄
privatization,锌褉懈胁邪褌懈蟹邪褑懈褟
privilege,锌褉懈胁懈谢械谐懈褟
prize,锌褉懈蟹
probability,胁械褉芯褟褌薪芯褋褌褜
probable,胁芯蟹屑芯卸薪芯
probably,胁芯蟹屑芯卸薪芯
probe,蟹芯薪写
probe,蟹芯薪写
problem,锌褉芯斜谢械屑邪
problematic,锌褉芯斜谢械屑薪褘泄
procedure,锌褉芯褑械写褍褉邪
proceed,锌械褉械泄褌懈
proceeding,锌褉芯写芯谢卸械薪懈械
proceeds,胁褘褉褍褔泻邪
process,锌褉芯褑械褋褋
process,锌褉芯褑械褋褋
processing,芯斜褉邪斜芯褌泻邪
processor,锌褉芯褑械褋褋芯褉
proclaim,锌褉芯胁芯蟹谐谢邪褋懈褌褜
produce,锌褉芯懈蟹胁芯写懈褌褜
produce,锌褉芯懈蟹胁芯写懈褌褜
producer,锌褉芯懈蟹胁芯写懈褌械谢褜
product,锌褉芯写褍泻褌
production,锌褉芯懈蟹胁芯写褋褌胁芯
productive,锌褉芯写褍泻褌懈胁薪褘泄
productivity,锌褉芯懈蟹胁芯写懈褌械谢褜薪芯褋褌褜
profession,锌褉芯褎械褋褋懈褟
professional,锌褉芯褎械褋褋懈芯薪邪谢
professional,锌褉芯褎械褋褋懈芯薪邪谢
professor,锌褉芯褎械褋褋芯褉
profile,锌褉芯褎懈谢褜
profit,锌褉懈斜褘谢褜
profitable,胁褘谐芯写薪芯
profound,谐谢褍斜芯泻懈泄
program,锌褉芯谐褉邪屑屑邪
program,锌褉芯谐褉邪屑屑邪
programme,锌褉芯谐褉邪屑屑邪
programming,锌褉芯谐褉邪屑屑懈褉芯胁邪薪懈械
progress,锌褉芯谐褉械褋褋
progress,锌褉芯谐褉械褋褋
progressive,锌褉芯谐褉械褋褋懈胁薪褘泄
prohibit,蟹邪锌褉械褌懈褌褜
project,锌褉芯械泻褌
project,锌褉芯械泻褌
projection,锌褉芯械泻褑懈褟
prominent,胁褘写邪褞褖懈泄褋褟
promise,芯斜械褖邪薪懈械
promise,芯斜械褖邪薪懈械
promising,锌械褉褋锌械泻褌懈胁薪褘泄
promote,锌褉芯写胁懈谐邪褌褜
promotion,锌褉芯写胁懈卸械薪懈械
prompt,锌芯写褋泻邪卸懈褌械
pronounce,锌褉芯懈蟹薪芯褋懈褌褜
pronounced,锌褉芯懈蟹薪芯褋懈褌褋褟
proof,写芯泻邪蟹邪褌械谢褜褋褌胁芯
propaganda,锌褉芯锌邪谐邪薪写邪
proper,锌褉邪胁懈谢褜薪褘泄
properly,锌褉邪胁懈谢褜薪芯
property,褋芯斜褋褌胁械薪薪芯褋褌褜
proportion,锌褉芯锌芯褉褑懈褟
proposal,锌褉械写谢芯卸械薪懈械
propose,锌褉械写谢邪谐邪褌褜
proposition,锌褉械写谢芯卸械薪懈械
prosecute,锌褉械褋谢械写芯胁邪褌褜
prosecution,芯斜胁懈薪械薪懈械
prosecutor,锌褉芯泻褍褉芯褉
prospect,锌褉芯褋锌械泻褌
prospective,锌械褉褋锌械泻褌懈胁薪褘泄
prosperity,锌褉芯褑胁械褌邪薪懈械
protect,蟹邪褖懈褖邪褌褜
protection,蟹邪褖懈褌邪
protective,蟹邪褖懈褌薪褘泄
protein,锌褉芯褌械懈薪
protest,锌褉芯褌械褋褌
protest,锌褉芯褌械褋褌
protester,锌褉芯褌械褋褌褍褞褖懈泄
protocol,锌褉芯褌芯泻芯谢
proud,谐芯褉写芯褋褌褜
prove,写芯泻邪蟹邪褌褜
provide,锌褉械写芯褋褌邪胁懈褌褜
province,锌褉芯胁懈薪褑懈褟
provincial,锌褉芯胁懈薪褑懈褟
provision,锌褉械写芯褋褌邪胁谢械薪懈械
provoke,锌褉芯胁芯褑懈褉芯胁邪褌褜
psychiatric,锌褋懈褏懈邪褌褉懈褟
psychological,锌褋懈褏芯谢芯谐懈褔械褋泻懈泄
psychologist,锌褋懈褏芯谢芯谐
psychology,锌褋懈褏芯谢芯谐懈褟
pub,锌邪斜
public,锌褍斜谢懈褔薪褘泄
public,锌褍斜谢懈褔薪褘泄
publication,锌褍斜谢懈泻邪褑懈褟
publicity,褉械泻谢邪屑邪
publish,芯锌褍斜谢懈泻芯胁邪褌褜
publishing,锌褍斜谢懈泻邪褑懈褟
pull,褌褟薪褍褌褜
pull,褌褟薪褍褌褜
pulse,懈屑锌褍谢褜褋
pump,薪邪褋芯褋
pump,薪邪褋芯褋
punch,锌械褉褎芯褉邪褌芯褉
punch,锌械褉褎芯褉邪褌芯褉
punish,薪邪泻邪蟹邪褌褜
punishment,薪邪泻邪蟹邪薪懈械
punk,锌邪薪泻
pupil,褍褔械薪懈泻
purchase,泻褍锌懈褌褜
purchase,泻褍锌懈褌褜
pure,褔懈褋褌褘泄
purely,褌芯谢褜泻芯
purple,褎懈芯谢械褌芯胁褘泄
purple,褎懈芯谢械褌芯胁褘泄
purpose,褑械谢褜
pursue,锌褉械褋谢械写芯胁邪褌褜
pursuit,锌褉械褋谢械写芯胁邪薪懈械
push,薪邪卸屑懈褌械
push,薪邪卸屑懈褌械
put,褉邪蟹屑械褋褌懈褌褜
puzzle,谐芯谢芯胁芯谢芯屑泻邪
qualification,泻胁邪谢懈褎懈泻邪褑懈褟
qualified,泻胁邪谢懈褎懈褑懈褉芯胁邪薪薪褘泄
qualify,泻胁邪谢懈褎懈褑懈褉芯胁邪褌褜
quality,泻邪褔械褋褌胁芯
quantity,泻芯谢懈褔械褋褌胁芯
quarter,泻胁邪褉褌邪谢
queen,泻芯褉芯谢械胁邪
query,蟹邪锌褉芯褋
quest,泻胁械褋褌
question,胁芯锌褉芯褋
question,胁芯锌褉芯褋
questionnaire,邪薪泻械褌邪
queue,芯褔械褉械写褜
queue,芯褔械褉械写褜
quick,斜褘褋褌褉芯
quickly,斜褘褋褌褉芯
quiet,褌懈褏懈泄
quietly,褌懈褏芯
quit,褍泄褌懈
quite,写芯胁芯谢褜薪芯
quota,泻胁芯褌邪
quotation,泻芯褌懈褉芯胁泻邪
quote,褑懈褌懈褉芯胁邪褌褜
quote,褑懈褌懈褉芯胁邪褌褜
race,谐芯薪泻邪
race,谐芯薪泻邪
racial,褉邪褋芯胁褘泄
racing,谐芯薪泻懈
racism,褉邪褋懈蟹屑
racist,褉邪褋懈褋褌
racist,褉邪褋懈褋褌
radar,褉邪写邪褉
radiation,褉邪写懈邪褑懈褟
radical,褉邪写懈泻邪谢
radio,褉邪写懈芯
rage,褟褉芯褋褌褜
raid,褉械泄写
raid,褉械泄写
rail,褉械谢褜褋褘
railway,卸械谢械蟹薪邪褟 写芯褉芯谐邪
rain,写芯卸写褜
rain,写芯卸写褜
raise,锌芯写薪褟褌褜
rally,褉邪谢谢懈
rally,褉邪谢谢懈
random,褋谢褍褔邪泄薪芯
range,邪褋褋芯褉褌懈屑械薪褌
range,邪褋褋芯褉褌懈屑械薪褌
rank,褉械泄褌懈薪谐
rank,褉械泄褌懈薪谐
ranking,褉械泄褌懈薪谐
rape,懈蟹薪邪褋懈谢芯胁邪薪懈械
rape,懈蟹薪邪褋懈谢芯胁邪薪懈械
rapid,斜褘褋褌褉褘泄
rapidly,斜褘褋褌褉芯
rare,褉械写泻懈泄
rarely,褉械写泻芯
rat,泻褉褘褋邪
rate,褌邪褉懈褎
rate,褌邪褉懈褎
rather,褋泻芯褉械械
rating,褉械泄褌懈薪谐
ratio,褋芯芯褌薪芯褕械薪懈械
rational,褉邪褑懈芯薪邪谢褜薪褘泄
raw,褋褘褉芯泄
ray,谢褍褔
reach,蟹邪泄褌懈 薪邪
reach,蟹邪泄褌懈 薪邪
react,褉械邪谐懈褉芯胁邪褌褜
reaction,褉械邪泻褑懈褟
read,褔懈褌邪褌褜
reader,褔懈褌邪褌械谢褜
readily,谢械谐泻芯
reading,褔褌械薪懈械
ready,谐芯褌芯胁芯
real,薪邪褋褌芯褟褖懈泄
realistic,褉械邪谢懈褋褌懈褔薪褘泄
reality,褉械邪谢褜薪芯褋褌褜
realization,褉械邪谢懈蟹邪褑懈褟
realize,褉械邪谢懈蟹芯胁邪褌褜
really,写械泄褋褌胁懈褌械谢褜薪芯
realm,褑邪褉褋褌胁芯
rear,蟹邪写薪懈泄
rear,蟹邪写薪懈泄
reason,锌褉懈褔懈薪邪
reasonable,褉邪蟹褍屑薪芯
reasonably,胁 褉邪蟹褍屑薪褘褏 锌褉械写械谢邪褏
reasoning,褉邪褋褋褍卸写械薪懈褟
reassure,褍褋锌芯泻邪懈胁邪褌褜
rebel,锌芯胁褋褌邪薪械褑
rebellion,胁芯褋褋褌邪薪懈械
rebuild,锌械褉械褋褌褉芯懈褌褜
recall,芯褌蟹褘胁
receipt,泻胁懈褌邪薪褑懈褟
receive,锌芯谢褍褔懈褌褜
receiver,锌褉懈械屑薪懈泻
recent,薪械写邪胁薪芯
recently,薪械写邪胁薪芯
reception,锌褉懈械屑
recession,褉械褑械褋褋懈褟
recipe,褉械褑械锌褌
recipient,锌芯谢褍褔邪褌械谢褜
reckon,褋褔懈褌邪褌褜褋褟
recognition,锌褉懈蟹薪邪薪懈械
recognize,褍蟹薪邪泄褌械
recommend,褉械泻芯屑械薪写褍械屑
recommendation,褉械泻芯屑械薪写邪褑懈褟
reconstruction,褉械泻芯薪褋褌褉褍泻褑懈褟
record,蟹邪锌懈褋褜
record,蟹邪锌懈褋褜
recording,蟹邪锌懈褋褜
recount,锌械褉械褋褔械褌
recover,胁芯褋褋褌邪薪芯胁懈褌褜
recovery,胁芯褋褋褌邪薪芯胁谢械薪懈械
recruit,薪邪斜褉邪褌褜 锌械褉褋芯薪邪谢
recruit,薪邪斜褉邪褌褜 锌械褉褋芯薪邪谢
recruitment,锌芯写斜芯褉 锌械褉褋芯薪邪谢邪
recycle,锌械褉械褉邪斜芯褌泻邪
red,泻褉邪褋薪褘泄
red,泻褉邪褋薪褘泄
reduce,褍屑械薪褜褕懈褌褜
reduction,褋薪懈卸械薪懈械
refer,褋褋褘谢泻邪
referee,褋褍写褜褟
reference,褋褋褘谢泻邪
referendum,褉械褎械褉械薪写褍屑
reflect,芯褌褉邪卸械薪懈械
reflection,芯褌褉邪卸械薪懈械
reform,褉械褎芯褉屑邪
reform,褉械褎芯褉屑邪
refuge,褍斜械卸懈褖械
refugee,斜械卸械薪褑褘
refusal,芯褌泻邪蟹
refuse,芯褌泻邪蟹
regain,胁芯褋褋褌邪薪芯胁懈褌褜
regard,褋屑.
regard,褋屑.
regardless,薪械蟹邪胁懈褋懈屑芯 芯褌
regime,褉械卸懈屑
region,褉械谐懈芯薪
regional,褉械谐懈芯薪邪谢褜薪褘泄
register,蟹邪褉械谐懈褋褌褉懈褉芯胁邪褌褜褋褟
register,蟹邪褉械谐懈褋褌褉懈褉芯胁邪褌褜褋褟
registration,褉械谐懈褋褌褉邪褑懈褟
regret,褋芯卸邪谢械薪懈械
regret,褋芯卸邪谢械薪懈械
regular,芯斜褘褔薪褘泄
regularly,褉械谐褍谢褟褉薪芯
regulate,褉械谐褍谢懈褉芯胁邪褌褜
regulation,褉械谐褍谢懈褉芯胁邪薪懈械
regulator,褉械谐褍谢褟褌芯褉
regulatory,褉械谐褍谢褟褌芯褉
rehabilitation,褉械邪斜懈谢懈褌邪褑懈褟
reign,锌褉邪胁懈褌褜
reign,锌褉邪胁懈褌褜
reinforce,褍泻褉械锌谢褟褌褜
reject,芯褌泻谢芯薪懈褌褜
rejection,芯褌泻邪蟹
relate,芯褌薪芯褋懈褌褜褋褟
related,褋胁褟蟹邪薪薪褘泄
relation,芯褌薪芯褕械薪懈械
relationship,芯褌薪芯褕械薪懈褟
relative,芯褌薪芯褋懈褌械谢褜薪芯
relative,芯褌薪芯褋懈褌械谢褜薪芯
relatively,芯褌薪芯褋懈褌械谢褜薪芯
relax,褉邪褋褋谢邪斜褜褌械褋褜
relaxed,褉邪褋褋谢邪斜谢械薪薪褘泄
relaxing,褉邪褋褋谢邪斜谢褟褞褖懈泄
release,胁褘锌褍褋泻
release,胁褘锌褍褋泻
relevance,邪泻褌褍邪谢褜薪芯褋褌褜
relevant,褋芯芯褌胁械褌褋褌胁褍褞褖懈泄
reliability,薪邪写械卸薪芯褋褌褜
reliable,薪邪写械卸薪褘泄
relief,褉械谢褜械褎
relieve,芯斜谢械谐褔懈褌褜
relieved,褋 芯斜谢械谐褔械薪懈械屑
religion,褉械谢懈谐懈褟
religious,褉械谢懈谐懈褟
reluctant,薪械芯褏芯褌薪芯
rely,锌芯谢邪谐邪褌褜褋褟
remain,芯褋褌邪胁邪褌褜褋褟
remainder,芯褋褌邪褌芯泻
remains,芯褋褌邪械褌褋褟
remark,蟹邪屑械褔邪薪懈械
remark,蟹邪屑械褔邪薪懈械
remarkable,蟹邪屑械褔邪褌械谢褜薪褘泄
remarkably,褍写懈胁懈褌械谢褜薪芯
remedy,褋褉械写褋褌胁芯
remember,锌芯屑薪懈褌械
remind,薪邪锌芯屑薪懈褌褜
reminder,薪邪锌芯屑懈薪邪薪懈械
remote,褍写邪谢械薪薪褘泄
removal,褍写邪谢械薪懈械
remove,褍写邪谢懈褌褜
render,褉械薪写械褉懈薪谐
renew,芯斜薪芯胁懈褌褜
renowned,懈蟹胁械褋褌薪褘泄
rent,邪褉械薪写邪
rent,邪褉械薪写邪
rental,邪褉械薪写邪
repair,褉械屑芯薪褌
repair,褉械屑芯薪褌
repeat,锌芯胁褌芯褉懈褌褜
repeat,锌芯胁褌芯褉懈褌褜
repeated,锌芯胁褌芯褉薪褘泄
replace,蟹邪屑械薪懈褌褜
replacement,蟹邪屑械薪邪
reply,芯褌胁械褌
reply,芯褌胁械褌
report,芯褌褔械褌
report,芯褌褔械褌
reportedly,"泻邪泻 褋芯芯斜褖邪械褌褋褟,"
reporter,褉械锌芯褉褌械褉
reporting,芯褌褔械褌薪芯褋褌褜
represent,锌褉械写褋褌邪胁谢褟褌褜
representation,锌褉械写褋褌邪胁懈褌械谢褜褋褌胁芯
representative,锌褉械写褋褌邪胁懈褌械谢褜
representative,锌褉械写褋褌邪胁懈褌械谢褜
reproduce,胁芯褋锌褉芯懈蟹胁械褋褌懈
reproduction,褉械锌褉芯写褍泻褑懈褟
republic,褉械褋锌褍斜谢懈泻邪
reputation,褉械锌褍褌邪褑懈褟
request,蟹邪锌褉芯褋
request,蟹邪锌褉芯褋
require,褌褉械斜褍械褌褋褟
requirement,褌褉械斜芯胁邪薪懈械
rescue,褋锌邪褋械薪懈械
rescue,褋锌邪褋械薪懈械
research,懈褋褋谢械写芯胁邪薪懈械
research,懈褋褋谢械写芯胁邪薪懈械
researcher,懈褋褋谢械写芯胁邪褌械谢褜
resemble,薪邪锌芯屑懈薪邪褌褜
reservation,斜褉芯薪懈褉芯胁邪薪懈械
reserve,褉械蟹械褉胁
reserve,褉械蟹械褉胁
reside,锌褉芯卸懈胁邪褌褜
residence,屑械褋褌芯 卸懈褌械谢褜褋褌胁邪
resident,褉械蟹懈写械薪褌
resident,褉械蟹懈写械薪褌
residential,卸懈谢芯泄
residue,芯褋褌邪褌泻懈
resign,褍泄褌懈 胁 芯褌褋褌邪胁泻褍
resignation,芯褌褋褌邪胁泻邪
resist,褋芯锌褉芯褌懈胁谢褟褌褜褋褟
resistance,褋芯锌褉芯褌懈胁谢械薪懈械
resolution,褉械蟹芯谢褞褑懈褟
resolve,褉械褕懈褌褜
resort,泻褍褉芯褉褌
resource,褉械褋褍褉褋
respect,褍胁邪卸械薪懈械
respect,褍胁邪卸械薪懈械
respective,褋芯芯褌胁械褌褋褌胁褍褞褖懈泄
respectively,褋芯芯褌胁械褌褋褌胁械薪薪芯
respond,芯褌胁械褌懈褌褜
response,芯褌胁械褌
responsibility,芯褌胁械褌褋褌胁械薪薪芯褋褌褜
responsible,芯褌胁械褌褋褌胁械薪薪褘泄
rest,芯褌写褘褏
rest,芯褌写褘褏
restaurant,褉械褋褌芯褉邪薪
restoration,褉械褋褌邪胁褉邪褑懈褟
restore,胁芯褋褋褌邪薪芯胁懈褌褜
restraint,褋写械褉卸懈胁邪薪懈械
restrict,芯谐褉邪薪懈褔懈褌褜
restriction,芯谐褉邪薪懈褔械薪懈械
result,褉械蟹褍谢褜褌邪褌
result,褉械蟹褍谢褜褌邪褌
resume,褉械蟹褞屑械
retail,褉芯蟹薪懈褔薪邪褟 褌芯褉谐芯胁谢褟
retain,褋芯褏褉邪薪懈褌褜
retire,褍泄褌懈 薪邪 锌械薪褋懈褞
retired,胁 芯褌褋褌邪胁泻械
retirement,锌械薪褋懈褟
retreat,芯褌褋褌褍锌谢械薪懈械
retreat,芯褌褋褌褍锌谢械薪懈械
retrieve,锌芯谢褍褔懈褌褜
return,胁芯蟹胁褉邪褌
return,胁芯蟹胁褉邪褌
reveal,褉邪褋泻褉褘褌褜
revelation,芯褌泻褉芯胁械薪懈械
revenge,屑械褋褌褜
revenue,胁褘褉褍褔泻邪
reverse,芯斜褉邪褌薪褘泄
reverse,芯斜褉邪褌薪褘泄
reverse,芯斜褉邪褌薪褘泄
review,芯斜蟹芯褉
review,芯斜蟹芯褉
revise,锌械褉械褋屑芯褌褉械褌褜
revision,褉械胁懈蟹懈褟
revival,胁芯蟹褉芯卸写械薪懈械
revive,芯卸懈胁懈褌褜
revolution,褉械胁芯谢褞褑懈褟
revolutionary,褉械胁芯谢褞褑懈芯薪械褉
reward,胁芯蟹薪邪谐褉邪卸写械薪懈械
reward,胁芯蟹薪邪谐褉邪卸写械薪懈械
rhetoric,褉懈褌芯褉懈泻邪
rhythm,褉懈褌屑
rice,褉懈褋
rich,斜芯谐邪褌褘泄
rid,懈蟹斜邪胁懈褌褜褋褟
ride,械蟹写懈褌褜
ride,械蟹写懈褌褜
ridiculous,薪械谢械锌褘泄
rifle,胁懈薪褌芯胁泻邪
right,褋锌褉邪胁邪
right,褋锌褉邪胁邪
right,褋锌褉邪胁邪
ring,泻芯谢褜褑芯
ring,泻芯谢褜褑芯
riot,斜褍薪褌
rip,褉懈锌
rise,锌芯写薪懈屑邪褌褜褋褟
rise,锌芯写薪懈屑邪褌褜褋褟
risk,褉懈褋泻
risk,褉懈褋泻
risky,褉懈褋泻芯胁邪薪薪芯
ritual,褉懈褌褍邪谢
rival,褋芯锌械褉薪懈泻
rival,褋芯锌械褉薪懈泻
river,褉械泻邪
road,写芯褉芯谐邪
rob,袪芯斜
robbery,芯谐褉邪斜谢械薪懈械
robot,褉芯斜芯褌
robust,锌褉芯褔薪褘泄
rock,褋泻邪谢邪
rock,褋泻邪谢邪
rocket,褉邪泻械褌邪
rod,褋褌械褉卸械薪褜
role,褉芯谢褜
roll,褉芯谢谢
roll,褉芯谢谢
romance,褉芯屑邪薪
romantic,袪芯屑邪薪褌懈褔械褋泻懈泄
roof,泻褉褘褕邪
room,泻芯屑薪邪褌邪
root,泻芯褉械薪褜
rope,泻邪薪邪褌
rose,褉芯蟹邪
rotate,胁褉邪褖邪褌褜
rotation,胁褉邪褖械薪懈械
rough,谐褉褍斜褘泄
roughly,锌褉懈屑械褉薪芯
round,泻褉褍谐谢褘泄
round,泻褉褍谐谢褘泄
round,泻褉褍谐谢褘泄
round,泻褉褍谐谢褘泄
route,屑邪褉褕褉褍褌
routine,褉褍褌懈薪邪
routine,褉褍褌懈薪邪
row,褉褟写
royal,泻芯褉芯谢械胁褋泻懈泄
rub,褉褍斜
rubber,褉械蟹懈薪邪
rubber,褉械蟹懈薪邪
rubbish,屑褍褋芯褉
rude,谐褉褍斜芯褋褌褜
rugby,褉械谐斜懈
ruin,褉褍懈薪褘
ruin,褉褍懈薪褘
rule,锌褉邪胁懈谢芯
rule,锌褉邪胁懈谢芯
ruling,锌褉邪胁懈褌褜
rumour,褋谢褍褏懈
run,蟹邪锌褍褋褌懈褌褜
run,蟹邪锌褍褋褌懈褌褜
runner,斜械谐褍薪
running,斜械谐
rural,褋械谢褜褋泻邪褟 屑械褋褌薪芯褋褌褜
rush,褋锌械褕懈褌械
rush,褋锌械褕懈褌械
sack,屑械褕芯泻
sacred,褋胁褟褖械薪薪褘泄
sacrifice,卸械褉褌胁芯锌褉懈薪芯褕械薪懈械
sacrifice,卸械褉褌胁芯锌褉懈薪芯褕械薪懈械
sad,谐褉褍褋褌薪褘泄
sadly,泻 褋芯卸邪谢械薪懈褞
safe,斜械蟹芯锌邪褋薪褘泄
safety,斜械蟹芯锌邪褋薪芯褋褌褜
sail,锌邪褉褍褋
sail,锌邪褉褍褋
sailing,锌邪褉褍褋薪褘泄 褋锌芯褉褌
sailor,屑芯褉褟泻
saint,褋胁褟褌芯泄
sake,褋邪泻械
salad,褋邪谢邪褌
salary,蟹邪褉锌谢邪褌邪
sale,锌褉芯写邪卸邪
salt,褋芯谢褜
same,褌芯褌 卸械
same,褌芯褌 卸械
same,褌芯褌 卸械
sample,芯斜褉邪蟹械褑
sample,芯斜褉邪蟹械褑
sanction,褋邪薪泻褑懈懈
sand,锌械褋芯泻
sandwich,褋褝薪写胁懈褔
satellite,褋锌褍褌薪懈泻
satisfaction,褍写芯胁谢械褌胁芯褉械薪懈械
satisfied,写芯胁芯谢褜薪褘
satisfy,褍写芯胁谢械褌胁芯褉懈褌褜
Saturday,小褍斜斜芯褌邪
sauce,褋芯褍褋
save,褋芯褏褉邪薪懈褌褜
saving,褋芯褏褉邪薪械薪懈械
say,褋泻邪蟹邪褌褜
say,褋泻邪蟹邪褌褜
scale,褕泻邪谢邪
scan,褋泻邪薪懈褉芯胁邪薪懈械
scandal,褋泻邪薪写邪谢
scare,锌褍谐邪褌褜
scare,锌褍谐邪褌褜
scared,懈褋锌褍谐邪薪薪褘泄
scary,褋褌褉邪褕薪褘泄
scattered,褉邪蟹斜褉芯褋邪薪薪褘械
scenario,褋褑械薪邪褉懈泄
scene,褋褑械薪邪
sceptical,褋泻械锌褌懈泻
schedule,褉邪褋锌懈褋邪薪懈械
schedule,褉邪褋锌懈褋邪薪懈械
scheme,褋褏械屑邪
scholar,褍褔械薪褘泄
scholarship,褋褌懈锌械薪写懈褟
school,褕泻芯谢邪
science,薪邪褍泻邪
scientific,薪邪褍褔薪褘泄
scientist,褍褔械薪褘泄
scope,褋褎械褉邪 锌褉懈屑械薪械薪懈褟
score,芯褑械薪泻邪
score,芯褑械薪泻邪
scratch,褑邪褉邪锌懈薪邪
scratch,褑邪褉邪锌懈薪邪
scream,泻褉懈褔邪褌褜
scream,泻褉懈褔邪褌褜
screen,褝泻褉邪薪
screen,褝泻褉邪薪
screening,谐褉芯褏芯褔械薪懈械
screw,胁懈薪褌
screw,胁懈薪褌
script,褋泻褉懈锌褌
scrutiny,锌褉芯胁械褉泻邪
sculpture,褋泻褍谢褜锌褌褍褉邪
sea,屑芯褉械
seal,褍锌谢芯褌薪械薪懈械
seal,褍锌谢芯褌薪械薪懈械
search,锌芯懈褋泻
search,锌芯懈褋泻
season,褋械蟹芯薪
seat,褋懈写械薪褜械
seat,褋懈写械薪褜械
second,胁褌芯褉芯泄
second,胁褌芯褉芯泄
second,胁褌芯褉芯泄
second,胁褌芯褉芯泄
secondary,胁褌芯褉懈褔薪褘泄
secondly,胁芯-胁褌芯褉褘褏
secret,褋械泻褉械褌
secret,褋械泻褉械褌
secretary,褋械泻褉械褌邪褉褜
section,褉邪蟹写械谢
sector,褋械泻褌芯褉
secular,褋胁械褌褋泻懈泄
secure,斜械蟹芯锌邪褋薪褘泄
secure,斜械蟹芯锌邪褋薪褘泄
security,斜械蟹芯锌邪褋薪芯褋褌褜
see,褋屑.
seed,褋械屑械薪邪
seek,懈褋泻邪褌褜
seeker,袠褋泻邪褌械谢褜
seem,泻邪卸械褌褋褟
seemingly,薪邪 锌械褉胁褘泄 胁蟹谐谢褟写
segment,褋械谐屑械薪褌
seize,蟹邪褏胁邪褌懈褌褜
seldom,褉械写泻芯
select,胁褘斜械褉懈褌械
selection,胁褘斜芯褉
selective,褋械谢械泻褌懈胁薪褘泄
self,褋械斜褟
sell,锌褉芯写邪褌褜
seminar,褋械屑懈薪邪褉
senator,褋械薪邪褌芯褉
send,芯褌锌褉邪胁懈褌褜
senior,褋褌邪褉褕懈泄
sensation,褋械薪褋邪褑懈褟
sense,褋屑褘褋谢
sense,褋屑褘褋谢
sensible,褉邪蟹褍屑薪褘泄
sensitive,褔褍胁褋褌胁懈褌械谢褜薪褘泄
sensitivity,褔褍胁褋褌胁懈褌械谢褜薪芯褋褌褜
sentence,锌褉械写谢芯卸械薪懈械
sentence,锌褉械写谢芯卸械薪懈械
sentiment,褋械薪褌懈屑械薪褌
separate,芯褌写械谢褜薪芯
separate,芯褌写械谢褜薪芯
separation,褋械锌邪褉邪褑懈褟
September,小械薪褌褟斜褉褜
sequence,锌芯褋谢械写芯胁邪褌械谢褜薪芯褋褌褜
serial,褋械褉懈泄薪褘泄
series,褋械褉懈褟
serious,褋械褉褜械蟹薪褘泄
seriously,褋械褉褜械蟹薪芯
servant,褋谢褍谐邪
serve,锌芯写邪胁邪褌褜
service,褋械褉胁懈褋
session,褋械褋褋懈褟
set,褍褋褌邪薪芯胁懈褌褜
set,褍褋褌邪薪芯胁懈褌褜
set-up,褍褋褌邪薪芯胁泻邪
setting,褍褋褌邪薪芯胁泻邪
settle,锌芯褋械谢懈褌褜褋褟
settlement,锌芯褋械谢械薪懈械
settler,锌芯褋械谢械薪械褑
seven,褋械屑褜
seventeen,褋械屑薪邪写褑邪褌褜
seventy,褋械屑褜写械褋褟褌
several,薪械褋泻芯谢褜泻芯
several,薪械褋泻芯谢褜泻芯
severe,褌褟卸械谢褘械
severely,芯褔械薪褜
sex,褋械泻褋
sexual,褋械泻褋
sexuality,褋械泻褋褍邪谢褜薪芯褋褌褜
sexy,褋械泻褋褍邪谢褜薪邪褟
shade,芯褌褌械薪芯泻
shadow,褌械薪褜
shake,胁褋褌褉褟褏薪褍褌褜
shake,胁褋褌褉褟褏薪褍褌褜
shall,写芯谢卸械薪
shallow,薪械谐谢褍斜芯泻懈泄
shame,锌芯蟹芯褉
shape,褎芯褉屑邪
shape,褎芯褉屑邪
shaped,胁 褎芯褉屑械
share,邪泻褑懈褟
share,邪泻褑懈褟
shareholder,邪泻褑懈芯薪械褉
sharp,芯褋褌褉褘泄
shatter,褉邪蟹斜懈褌褜
she,芯薪邪
shed,褋邪褉邪泄
sheep,芯胁褑褘
sheer,芯褌泻褉褘褌邪褟
sheet,谢懈褋褌
shelf,锌芯谢泻邪
shell,褉邪泻芯胁懈薪邪
shelter,锌褉懈褞褌
shelter,锌褉懈褞褌
shift,褋屑械薪邪
shift,褋屑械薪邪
shine,斜谢械褋泻
shiny,斜谢械褋褌褟褖懈泄
ship,泻芯褉邪斜谢褜
ship,泻芯褉邪斜谢褜
shipping,写芯褋褌邪胁泻邪
shirt,褉褍斜邪褕泻邪
shock,褕芯泻
shock,褕芯泻
shocked,胁 褕芯泻械
shocking,褕芯泻懈褉褍褞褖懈泄
shoe,芯斜褍胁褜
shoot,褋褌褉械谢褟褌褜
shoot,褋褌褉械谢褟褌褜
shooting,褋褌褉械谢褜斜邪
shop,屑邪谐邪蟹懈薪
shop,屑邪谐邪蟹懈薪
shopping,锌芯泻褍锌泻懈
shore,斜械褉械谐
short,泻芯褉芯褌泻懈械
short-term,泻褉邪褌泻芯褋褉芯褔薪褘泄
shortage,写械褎懈褑懈褌
shortly,胁 斜谢懈卸邪泄褕械械 胁褉械屑褟
shot,胁褘褋褌褉械谢
should,褋谢械写褍械褌
shoulder,锌谢械褔芯
shout,泻褉懈褔邪褌褜
shout,泻褉懈褔邪褌褜
show,锌芯泻邪蟹邪褌褜
show,锌芯泻邪蟹邪褌褜
shower,写褍褕
shrink,褌械褉屑芯褍褋邪写泻邪
shrug,锌芯卸邪褌褜 锌谢械褔邪屑懈
shut,蟹邪泻褉褘褌褜
shut,蟹邪泻褉褘褌褜
shy,蟹邪褋褌械薪褔懈胁褘泄
sibling,斜褉邪褌 懈 褋械褋褌褉邪
sick,斜芯谢褜薪芯泄
side,褋褌芯褉芯薪邪
sigh,胁蟹写芯褏薪褍褌褜
sigh,胁蟹写芯褏薪褍褌褜
sight,蟹褉械薪懈械
sign,锌芯写锌懈褋邪褌褜
sign,锌芯写锌懈褋邪褌褜
signal,褋懈谐薪邪谢
signal,褋懈谐薪邪谢
signature,锌芯写锌懈褋褜
significance,蟹薪邪褔械薪懈械
significant,蟹薪邪褔懈褌械谢褜薪褘泄
significantly,蟹薪邪褔懈褌械谢褜薪芯
silence,屑芯谢褔邪薪懈械
silent,屑芯谢褔邪薪懈械
silk,褕械谢泻
silly,谐谢褍锌褘泄
silver,褋械褉械斜褉芯
silver,褋械褉械斜褉芯
similar,锌芯褏芯卸懈械
similarity,褋褏芯写褋褌胁芯
similarly,邪薪邪谢芯谐懈褔薪芯
simple,锌褉芯褋褌芯泄
simply,锌褉芯褋褌芯
simulate,懈屑懈褌懈褉芯胁邪褌褜
simulation,屑芯写械谢懈褉芯胁邪薪懈械
simultaneously,芯写薪芯胁褉械屑械薪薪芯
sin,sin
since,褋
since,褋
since,褋
sincere,懈褋泻褉械薪薪械
sing,锌械褌褜
singer,锌械胁懈褑邪
singing,锌械薪懈械
single,芯写懈薪
single,芯写懈薪
sink,褉邪泻芯胁懈薪邪
sir,褋褝褉
sister,褋械褋褌褉邪
sit,褋懈写械褌褜
site,褋邪泄褌
situated,褉邪褋锌芯谢芯卸械薪薪褘泄
situation,褋懈褌褍邪褑懈褟
six,褕械褋褌褜
sixteen,褕械褋褌薪邪写褑邪褌褜
sixty,褕械褋褌褜写械褋褟褌
size,褉邪蟹屑械褉
sketch,褝褋泻懈蟹
ski,谢褘卸懈
ski,谢褘卸懈
ski,谢褘卸懈
skiing,泻邪褌邪薪懈械 薪邪 谢褘卸邪褏
skill,薪邪胁褘泻
skilled,泻胁邪谢懈褎懈褑懈褉芯胁邪薪薪褘械
skin,泻芯卸邪
skip,锌褉芯锌褍褋褌懈褌褜
skirt,褞斜泻邪
skull,褔械褉械锌
sky,薪械斜芯
slam,褋谢褝屑
slap,锌芯褖械褔懈薪邪
slash,褋谢褝褕
slave,胁械写芯屑褘泄
slavery,褉邪斜褋褌胁芯
sleep,褋锌邪褌褜
sleep,褋锌邪褌褜
slice,薪邪褉械蟹邪褌褜
slice,薪邪褉械蟹邪褌褜
slide,褋谢邪泄写
slide,褋谢邪泄写
slight,薪械屑薪芯谐芯
slightly,薪械屑薪芯谐芯
slip,褋泻芯谢褜卸械薪懈械
slogan,褋谢芯谐邪薪
slope,薪邪泻谢芯薪
slope,薪邪泻谢芯薪
slot,褋谢芯褌
slow,屑械写谢械薪薪芯
slow,屑械写谢械薪薪芯
slowly,屑械写谢械薪薪芯
small,屑邪谢械薪褜泻懈泄
smart,褍屑薪褘泄
smartphone,褋屑邪褉褌褎芯薪
smash,褉邪蟹斜懈褌褜
smell,蟹邪锌邪褏
smell,蟹邪锌邪褏
smile,褍谢褘斜泻邪
smile,褍谢褘斜泻邪
smoke,写褘屑
smoke,写褘屑
smoking,泻褍褉械薪懈械
smooth,谐谢邪写泻懈泄
snake,蟹屑械褟
snap,蟹邪褖械谢泻邪
snow,褋薪械谐
snow,褋薪械谐
so,褌邪泻 褔褌芯
so,褌邪泻 褔褌芯
so-called,褌邪泻 薪邪蟹褘胁邪械屑褘泄
soak,蟹邪屑芯褔懈褌褜
soap,屑褘谢芯
soar,锌邪褉懈褌褜
soccer,褎褍褌斜芯谢
social,褋芯褑懈邪谢褜薪邪褟
socialist,褋芯褑懈邪谢懈褋褌懈褔械褋泻懈泄
society,芯斜褖械褋褌胁芯
sock,薪芯褋芯泻
soft,屑褟谐泻懈泄
software,锌褉芯谐褉邪屑屑薪芯械 芯斜械褋锌械褔械薪懈械
soil,锌芯褔胁邪
solar,褋芯谢薪械褔薪邪褟 斜邪褌邪褉械褟
soldier,褋芯谢写邪褌
sole,锌芯写芯褕胁邪
solely,褌芯谢褜泻芯
solicitor,褋芯谢懈褋懈褌芯褉
solid,褌胁械褉写褘泄
solid,褌胁械褉写褘泄
solidarity,褋芯谢懈写邪褉薪芯褋褌褜
solo,褋芯谢芯
solo,褋芯谢芯
solution,褉械褕械薪懈械
solve,褉械褕懈褌褜
some,薪械褋泻芯谢褜泻芯
some,薪械褋泻芯谢褜泻芯
somebody,泻褌芯-褌芯
somehow,泻邪泻懈屑-褌芯 芯斜褉邪蟹芯屑
someone,泻褌芯-褌芯
something,褔褌芯-褌芯
sometime,懈薪芯谐写邪
sometimes,懈薪芯谐写邪
somewhat,薪械褋泻芯谢褜泻芯
somewhere,谐写械-褌芯
somewhere,谐写械-褌芯
son,褋褘薪
song,锌械褋薪褟
soon,褋泻芯褉芯
sophisticated,褋谢芯卸薪褘泄
sorry,袠蟹胁懈薪懈褌械
sorry,袠蟹胁懈薪懈褌械
sort,褋芯褉褌懈褉芯胁邪褌褜
sort,褋芯褉褌懈褉芯胁邪褌褜
soul,写褍褕邪
sound,蟹胁褍泻
sound,蟹胁褍泻
sound,蟹胁褍泻
soup,褋褍锌
source,懈褋褌芯褔薪懈泻
south,褞谐
south,褞谐
south,褞谐
southern,褞卸薪邪褟
sovereignty,褋褍胁械褉械薪懈褌械褌
space,泻芯褋屑芯褋
spam,褋锌邪屑
span,span
span,span
spare,蟹邪锌邪褋薪芯泄
spare,蟹邪锌邪褋薪芯泄
spark,懈褋泻褉邪
speak,谐芯胁芯褉懈褌褜
speaker,褋锌懈泻械褉
special,褋锌械褑懈邪谢褜薪褘泄
specialist,褋锌械褑懈邪谢懈褋褌
specialist,褋锌械褑懈邪谢懈褋褌
specialize,褋锌械褑懈邪谢懈蟹邪褑懈褟
specialized,褋锌械褑懈邪谢懈蟹懈褉芯胁邪薪薪褘泄
species,胁懈写褘
specific,泻芯薪泻褉械褌薪褘泄
specifically,褋锌械褑懈邪谢褜薪芯
specification,褋锌械褑懈褎懈泻邪褑懈褟
specify,褍泻邪蟹邪褌褜
specimen,芯斜褉邪蟹械褑
spectacle,芯褔泻懈
spectacular,胁锌械褔邪褌谢褟褞褖懈泄
spectator,袟褉懈褌械谢褜
spectrum,褋锌械泻褌褉
speculate,锌褉械写锌芯谢邪谐邪褌褜
speculation,褋锌械泻褍谢褟褑懈褟
speech,褉械褔褜
speed,褋泻芯褉芯褋褌褜
speed,褋泻芯褉芯褋褌褜
spell,蟹邪泻谢懈薪邪薪懈械
spell,蟹邪泻谢懈薪邪薪懈械
spelling,锌褉邪胁芯锌懈褋邪薪懈械
spend,锌芯褌褉邪褌懈褌褜
spending,褉邪褋褏芯写褘
sphere,褋褎械褉邪
spice,褋锌械褑懈懈
spicy,锌褉褟薪褘泄
spider,锌邪褍泻
spill,褉邪蟹谢懈胁
spin,褋锌懈薪
spin,褋锌懈薪
spine,锌芯蟹胁芯薪芯褔薪懈泻
spirit,写褍褏
spiritual,写褍褏芯胁薪褘泄
spite,薪邪蟹谢芯
split,褋锌谢懈褌
split,褋锌谢懈褌
spoil,懈褋锌芯褉褌懈褌褜
spoken,褉邪蟹谐芯胁芯褉薪褘泄
spokesman,锌褉械褋褋-褋械泻褉械褌邪褉褜
spokesperson,锌褉械褋褋-褋械泻褉械褌邪褉褜
spokeswoman,锌褉械褋褋-褋械泻褉械褌邪褉褜
sponsor,褋锌芯薪褋芯褉
sponsor,褋锌芯薪褋芯褉
sponsorship,褋锌芯薪褋芯褉褋褌胁芯
spoon,谢芯卸泻邪
sport,褋锌芯褉褌
sporting,褋锌芯褉褌
spot,屑械褋褌芯
spot,屑械褋褌芯
spotlight,锌褉芯卸械泻褌芯褉
spouse,褋褍锌褉褍谐
spread,褋锌褉械写
spread,褋锌褉械写
spring,胁械褋薪邪
spring,胁械褋薪邪
spy,褕锌懈芯薪
spy,褕锌懈芯薪
squad,芯褌褉褟写
square,泻胁邪写褉邪褌
square,泻胁邪写褉邪褌
squeeze,褋卸懈屑邪褌褜
stab,泻芯谢芯褌褜
stability,褋褌邪斜懈谢褜薪芯褋褌褜
stabilize,褋褌邪斜懈谢懈蟹懈褉芯胁邪褌褜
stable,褋褌邪斜懈谢褜薪褘泄
stadium,褋褌邪写懈芯薪
staff,锌械褉褋芯薪邪谢
stage,褋褑械薪邪
stage,褋褑械薪邪
stair,谢械褋褌薪懈褑邪
stake,泻芯谢
stall,谢邪褉械泻
stamp,屑邪褉泻邪
stance,锌芯蟹懈褑懈褟
stand,褋褌械薪写
stand,褋褌械薪写
standard,褋褌邪薪写邪褉褌
standard,褋褌邪薪写邪褉褌
standing,褋褌芯褟
star,蟹胁械蟹写邪
star,蟹胁械蟹写邪
stare,褋屑芯褌褉械褌褜
stark,褋褌邪褉泻
start,蟹邪锌褍褋褌懈褌褜
start,蟹邪锌褍褋褌懈褌褜
starve,谐芯谢芯写邪褌褜
state,谐芯褋褍写邪褉褋褌胁芯
state,谐芯褋褍写邪褉褋褌胁芯
state,谐芯褋褍写邪褉褋褌胁芯
statement,蟹邪褟胁谢械薪懈械
station,褋褌邪薪褑懈褟
statistic,褋褌邪褌懈褋褌懈泻邪
statistical,褋褌邪褌懈褋褌懈泻邪
statue,褋褌邪褌褍褟
status,褋褌邪褌褍褋
stay,芯褋褌邪胁邪泄褌械褋褜
stay,芯褋褌邪胁邪泄褌械褋褜
steadily,褋褌邪斜懈谢褜薪芯
steady,褋褌邪斜懈谢褜薪芯
steal,褍泻褉邪褋褌褜
steam,锌邪褉
steel,褋褌邪谢褜
steep,泻褉褍褌芯泄
steer,褉褍谢褜
stem,褋褌械斜械谢褜
stem,褋褌械斜械谢褜
step,褕邪谐
step,褕邪谐
stereotype,褋褌械褉械芯褌懈锌
stick,锌邪谢泻邪
stick,锌邪谢泻邪
sticky,谢懈锌泻懈泄
stiff,卸械褋褌泻懈泄
still,胁褋械 械褖械
still,胁褋械 械褖械
stimulate,褋褌懈屑褍谢懈褉芯胁邪褌褜
stimulus,褋褌懈屑褍谢
stir,锌械褉械屑械褕邪褌褜
stock,邪泻褑懈懈
stomach,卸械谢褍写芯泻
stone,泻邪屑械薪褜
stop,芯褋褌邪薪芯胁懈褌褜
stop,芯褋褌邪薪芯胁懈褌褜
storage,褏褉邪薪械薪懈械
store,屑邪谐邪蟹懈薪
store,屑邪谐邪蟹懈薪
storm,褕褌芯褉屑
story,懈褋褌芯褉懈褟
straight,锌褉褟屑芯泄
straight,锌褉褟屑芯泄
straightforward,锌褉褟屑芯泄
strain,褕褌邪屑屑
strand,锌褉褟写褜
strange,褋褌褉邪薪薪褘泄
stranger,薪械蟹薪邪泻芯屑械褑
strategic,褋褌褉邪褌械谐懈褔械褋泻懈泄
strategy,褋褌褉邪褌械谐懈褟
stream,锌芯褌芯泻
street,褍谢懈褑邪
strength,锌褉芯褔薪芯褋褌褜
strengthen,褍泻褉械锌谢褟褌褜
stress,褋褌褉械褋褋
stress,褋褌褉械褋褋
stretch,褋褌褉械泄褔
stretch,褋褌褉械泄褔
strict,褋褌褉芯谐芯
strictly,褋褌褉芯谐芯
strike,蟹邪斜邪褋褌芯胁泻邪
strike,蟹邪斜邪褋褌芯胁泻邪
striking,锌芯褉邪卸邪械褌
string,褋褌褉芯泻邪
strip,锌芯谢芯褋邪
strip,锌芯谢芯褋邪
strive,褋褌褉械屑懈褌褜褋褟
stroke,懈薪褋褍谢褜褌
strong,褋懈谢褜薪褘泄
strongly,芯褔械薪褜
structural,褋褌褉褍泻褌褍褉邪
structure,褋褌褉褍泻褌褍褉邪
structure,褋褌褉褍泻褌褍褉邪
struggle,斜芯褉褜斜邪
struggle,斜芯褉褜斜邪
student,褋褌褍写械薪褌
studio,褋褌褍写懈褟
study,懈褋褋谢械写芯胁邪薪懈械
study,懈褋褋谢械写芯胁邪薪懈械
stuff,胁械褖懈
stuff,胁械褖懈
stumble,褋锌芯褌褘泻邪褌褜褋褟
stun,芯谐谢褍褕械薪懈械
stunning,锌芯褌褉褟褋邪褞褖懈泄
stupid,谐谢褍锌褘泄
style,褋褌懈谢褜
subject,褌械屑邪
subject,褌械屑邪
submission,锌褉械写褋褌邪胁谢械薪懈械
submit,芯褌锌褉邪胁懈褌褜
subscriber,锌芯写锌懈褋褔懈泻
subscription,锌芯写锌懈褋泻邪
subsequent,锌芯褋谢械写褍褞褖懈械
subsequently,胁锌芯褋谢械写褋褌胁懈懈
subsidy,褋褍斜褋懈写懈褟
substance,胁械褖械褋褌胁芯
substantial,褋褍褖械褋褌胁械薪薪褘泄
substantially,褋褍褖械褋褌胁械薪薪芯
substitute,蟹邪屑械薪懈褌械谢褜
substitute,蟹邪屑械薪懈褌械谢褜
substitution,蟹邪屑械薪邪
subtle,褌芯薪泻懈泄
suburb,锌褉懈谐芯褉芯写
suburban,锌褉懈谐芯褉芯写
succeed,锌褉械褍褋锌械褌褜
success,褍褋锌械褏
successful,褍褋锌械褕薪褘泄
successfully,褍褋锌械褕薪芯
succession,锌褉械械屑褋褌胁械薪薪芯褋褌褜
successive,锌芯褋谢械写芯胁邪褌械谢褜薪褘泄
successor,锌褉械械屑薪懈泻
such,褌邪泻懈械
such,褌邪泻懈械
suck,褋芯褋邪褌褜
sudden,胁薪械蟹邪锌薪芯
suddenly,胁薪械蟹邪锌薪芯
sue,小褜褞
suffer,褋褌褉邪写邪褌褜
suffering,褋褌褉邪写邪薪懈褟
sufficient,写芯褋褌邪褌芯褔薪芯
sufficiently,胁 写芯褋褌邪褌芯褔薪芯泄 褋褌械锌械薪懈
sugar,褋邪褏邪褉
suggest,锌褉械写谢邪谐邪褌褜
suggestion,锌褉械写谢芯卸械薪懈械
suicide,褋邪屑芯褍斜懈泄褋褌胁芯
suit,泻芯褋褌褞屑
suit,泻芯褋褌褞屑
suitable,锌芯写褏芯写褟褖懈泄
suite,谢褞泻褋
sum,褋褍屑屑邪
sum,褋褍屑屑邪
summarize,锌芯写胁械褋褌懈 懈褌芯谐懈
summary,褉械蟹褞屑械
summer,谢械褌芯
summit,褋邪屑屑懈褌
sun,褋芯谢薪褑械
Sunday,袙芯褋泻褉械褋械薪褜械
super,褋褍锌械褉
superb,锌褉械胁芯褋褏芯写薪褘泄
superior,锌褉械胁芯褋褏芯写薪褘泄
supermarket,褋褍锌械褉屑邪褉泻械褌
supervise,泻芯薪褌褉芯谢懈褉芯胁邪褌褜
supervision,薪邪写蟹芯褉
supervisor,褉褍泻芯胁芯写懈褌械谢褜
supplement,写芯锌芯谢薪械薪懈械
supplement,写芯锌芯谢薪械薪懈械
supply,锌芯褋褌邪胁泻邪
supply,锌芯褋褌邪胁泻邪
support,锌芯写写械褉卸泻邪
support,锌芯写写械褉卸泻邪
supporter,褋褌芯褉芯薪薪懈泻
supportive,锌芯写写械褉卸泻邪
suppose,"锌褉械写锌芯谢芯卸懈屑,"
supposedly,锌褉械写锌芯谢芯卸懈褌械谢褜薪芯
suppress,锌芯写邪胁懈褌褜
supreme,supreme
sure,泻芯薪械褔薪芯
sure,泻芯薪械褔薪芯
surely,泻芯薪械褔薪芯
surface,锌芯胁械褉褏薪芯褋褌褜
surge,褋械褌械胁芯泄 褎懈谢褜褌褉
surge,褋械褌械胁芯泄 褎懈谢褜褌褉
surgeon,褏懈褉褍褉谐
surgery,褏懈褉褍褉谐懈褟
surgical,褏懈褉褍褉谐懈褔械褋泻懈泄
surplus,懈蟹谢懈褕泻懈
surprise,褋褞褉锌褉懈蟹
surprise,褋褞褉锌褉懈蟹
surprised,褍写懈胁谢械薪
surprising,褍写懈胁懈褌械谢褜薪芯
surrender,泻邪锌懈褌褍谢褟褑懈褟
surround,芯泻褉褍卸械薪懈械
surrounding,胁芯泻褉褍谐
surveillance,薪邪斜谢褞写械薪懈械
survey,芯锌褉芯褋
survey,芯锌褉芯褋
survival,胁褘卸懈胁邪薪懈械
survive,胁褘卸懈褌褜
survivor,袙褘卸懈胁褕懈泄
suspect,锌芯写芯蟹褉械胁邪械屑褘泄
suspect,锌芯写芯蟹褉械胁邪械屑褘泄
suspend,锌褉懈芯褋褌邪薪芯胁懈褌褜
suspension,锌芯写胁械褋泻邪
suspicion,锌芯写芯蟹褉械薪懈械
suspicious,锌芯写芯蟹褉懈褌械谢褜薪褘泄
sustain,锌芯写写械褉卸懈胁邪褌褜
sustainable,褍褋褌芯泄褔懈胁芯械 褉邪蟹胁懈褌懈械
swallow,谐谢芯褌邪褌褜
swear,褉褍谐邪褌褜褋褟
sweater,褋胁懈褌械褉
sweep,锌褉芯褔械褋褘胁邪褌褜
sweet,褋谢邪写泻懈泄
sweet,褋谢邪写泻懈泄
swim,锌谢邪胁邪褌褜
swim,锌谢邪胁邪褌褜
swimming,锌谢邪胁邪薪懈械
swing,泻邪褔械谢懈
swing,泻邪褔械谢懈
switch,锌械褉械泻谢褞褔邪褌械谢褜
switch,锌械褉械泻谢褞褔邪褌械谢褜
sword,屑械褔
symbol,褋懈屑胁芯谢
symbolic,褋懈屑胁芯谢懈褔械褋泻懈泄
sympathetic,褋懈屑锌邪褌懈褔械褋泻懈泄
sympathy,褋懈屑锌邪褌懈褟
symptom,褋懈屑锌褌芯屑
syndrome,褋懈薪写褉芯屑
synthesis,褋懈薪褌械蟹
system,褋懈褋褌械屑邪
systematic,褋懈褋褌械屑邪褌懈褔械褋泻懈泄
T-shirt,肖褍褌斜芯谢泻邪
table,褌邪斜谢懈褑邪
tablet,锌谢邪薪褕械褌
tackle,褋薪邪褋褌褜
tackle,褋薪邪褋褌褜
tactic,褌邪泻褌懈泻邪
tactical,褌邪泻褌懈褔械褋泻懈泄
tag,褌械谐
tag,褌械谐
tail,褏胁芯褋褌
take,胁蟹褟褌褜
tale,褋泻邪蟹泻邪
talent,褌邪谢邪薪褌
talented,褌邪谢邪薪褌谢懈胁褘泄
talk,谐芯胁芯褉懈褌褜
talk,谐芯胁芯褉懈褌褜
tall,胁褘褋芯泻懈泄
tank,褉械蟹械褉胁褍邪褉
tap,泻褉邪薪
tap,泻褉邪薪
tape,谢械薪褌邪
target,褑械谢褜
target,褑械谢褜
task,蟹邪写邪薪懈械
taste,胁泻褍褋
taste,胁泻褍褋
tax,薪邪谢芯谐
tax,薪邪谢芯谐
taxi,褌邪泻褋懈
taxpayer,薪邪谢芯谐芯锌谢邪褌械谢褜褖懈泻
tea,褔邪泄
teach,锌褉械锌芯写邪胁邪褌褜
teacher,褍褔懈褌械谢褜
teaching,芯斜褍褔械薪懈械
team,泻芯屑邪薪写邪
tear,褋谢械蟹邪
tear,褋谢械蟹邪
technical,褌械褏薪懈褔械褋泻懈械
technique,褌械褏薪懈泻邪
technological,褌械褏薪芯谢芯谐懈褟
technology,褌械褏薪芯谢芯谐懈褟
teenage,锌芯写褉芯褋褌芯泻
teenager,锌芯写褉芯褋褌芯泻
teens,锌芯写褉芯褋褌泻懈
telephone,褌械谢械褎芯薪
telephone,褌械谢械褎芯薪
television,褌械谢械胁懈写械薪懈械
tell,褉邪褋褋泻邪蟹邪褌褜
temperature,褌械屑锌械褉邪褌褍褉邪
temple,褏褉邪屑
temporarily,胁褉械屑械薪薪芯
temporary,胁褉械屑械薪薪褘泄
tempt,褋芯斜谢邪蟹薪懈褌褜
ten,写械褋褟褌褜
tenant,邪褉械薪写邪褌芯褉
tend,褋泻谢芯薪薪芯褋褌褜
tendency,褌械薪写械薪褑懈褟
tender,褌械薪写械褉
tennis,褌械薪薪懈褋
tension,薪邪褌褟卸械薪懈械
tent,锌邪谢邪褌泻邪
tenure,褋褉芯泻 褋谢褍卸斜褘
term,褌械褉屑懈薪
term,褌械褉屑懈薪
terminal,褌械褉屑懈薪邪谢
terminal,褌械褉屑懈薪邪谢
terminate,锌褉械泻褉邪褌懈褌褜
terms,褍褋谢芯胁懈褟
terrain,屑械褋褌薪芯褋褌褜
terrible,褍卸邪褋薪褘泄
terribly,褍卸邪褋薪芯
terrific,锌芯褌褉褟褋邪褞褖懈泄
terrify,褍卸邪褋薪褍褌褜
territory,褌械褉褉懈褌芯褉懈褟
terror,褌械褉褉芯褉
terrorism,褌械褉褉芯褉懈蟹屑
terrorist,褌械褉褉芯褉懈褋褌
test,褌械褋褌
test,褌械褋褌
testify,褋胁懈写械褌械谢褜褋褌胁芯胁邪褌褜
testimony,锌芯泻邪蟹邪薪懈褟
testing,褌械褋褌懈褉芯胁邪薪懈械
text,褌械泻褋褌
text,褌械泻褋褌
textbook,褍褔械斜薪懈泻
texture,褌械泻褋褌褍褉邪
than,褔械屑
than,褔械屑
thank,褋锌邪褋懈斜芯
thankfully,"泻 褋褔邪褋褌褜褞,"
thanks,褋锌邪褋懈斜芯
thanks,褋锌邪褋懈斜芯
that,褔褌芯
that,褔褌芯
that,褔褌芯
that,褔褌芯
the,褋邪泄褌
theatre,褌械邪褌褉
theatrical,褌械邪褌褉邪谢褜薪褘泄
theft,泻褉邪卸邪
their,懈褏
theirs,懈褏
them,懈屑
theme,褌械屑邪
themselves,褋邪屑懈
then,蟹邪褌械屑
theology,褌械芯谢芯谐懈褟
theoretical,褌械芯褉械褌懈褔械褋泻懈泄
theory,褌械芯褉懈褟
therapist,褌械褉邪锌械胁褌
therapy,褌械褉邪锌懈褟
there,褌邪屑
thereafter,写邪谢械械
thereby,褌邪泻懈屑 芯斜褉邪蟹芯屑
therefore,锌芯褝褌芯屑褍
thesis,写懈褋褋械褉褌邪褑懈褟
they,芯薪懈
thick,褌芯谢褋褌褘泄
thief,胁芯褉
thin,褌芯薪泻懈泄
thing,胁械褖褜
think,锌芯写褍屑邪泄褌械
thinking,写褍屑邪褌褜
third,褌褉械褌懈泄
third,褌褉械褌懈泄
thirsty,卸邪卸写邪
thirteen,褌褉懈薪邪写褑邪褌褜
thirty,褌褉懈写褑邪褌褜
this,褝褌芯
this,褝褌芯
this,褝褌芯
thorough,褌褖邪褌械谢褜薪芯
thoroughly,褌褖邪褌械谢褜薪芯
though,褏芯褌褟
though,褏芯褌褟
thought,屑褘褋谢褜
thought-provoking,薪邪胁芯写褟褖懈械 薪邪 褉邪蟹屑褘褕谢械薪懈褟
thoughtful,蟹邪写褍屑褔懈胁褘泄
thousand,褌褘褋褟褔邪
thread,薪懈褌褜
threat,褍谐褉芯蟹邪
threaten,褍谐褉芯卸邪褌褜
three,褌褉懈
threshold,锌芯褉芯谐
thrilled,胁 胁芯褋褌芯褉谐械
thrive,锌褉芯褑胁械褌邪褌褜
throat,谐芯褉谢芯
through,褔械褉械蟹
through,褔械褉械蟹
throughout,锌芯 胁褋械屑褍 褋邪泄褌褍
throughout,锌芯 胁褋械屑褍 褋邪泄褌褍
throw,斜褉芯褋芯泻
thumb,斜芯谢褜褕芯泄 锌邪谢械褑
Thursday,效械褌胁械褉谐
thus,褌邪泻懈屑 芯斜褉邪蟹芯屑
ticket,斜懈谢械褌
tide,锌褉懈谢懈胁
tidy,邪泻泻褍褉邪褌薪芯
tidy,邪泻泻褍褉邪褌薪芯
tie,谐邪谢褋褌褍泻
tie,谐邪谢褋褌褍泻
tight,锌谢芯褌薪芯
tighten,蟹邪褌褟薪褍褌褜
till,写芯
till,写芯
timber,写褉械胁械褋懈薪邪
time,胁褉械屑褟
time,胁褉械屑褟
timely,褋胁芯械胁褉械屑械薪薪芯
timing,褋懈薪褏褉芯薪懈蟹邪褑懈褟
tin,芯谢芯胁芯
tiny,泻褉芯褕械褔薪褘泄
tip,薪邪泻芯薪械褔薪懈泻
tip,薪邪泻芯薪械褔薪懈泻
tired,褍褋褌邪谢褘泄
tissue,褌泻邪薪褜
title,薪邪蟹胁邪薪懈械
title,薪邪蟹胁邪薪懈械
to,薪邪
to,薪邪
tobacco,褌邪斜邪泻
today,褋械谐芯写薪褟
today,褋械谐芯写薪褟
toe,锌邪谢械褑 薪芯谐懈
together,胁屑械褋褌械
toilet,褌褍邪谢械褌
tolerance,写芯锌褍褋泻
tolerate,褌械褉锌械褌褜
toll,锌谢邪褌薪褘泄
tomato,锌芯屑懈写芯褉
tomorrow,蟹邪胁褌褉邪
tomorrow,蟹邪胁褌褉邪
ton,褌芯薪薪邪
tone,褌芯薪
tongue,褟蟹褘泻
tonight,褋械谐芯写薪褟
tonight,褋械谐芯写薪褟
tonne,褌芯薪薪邪
too,褋谢懈褕泻芯屑
tool,懈薪褋褌褉褍屑械薪褌
tooth,蟹褍斜
top,褌芯锌
top,褌芯锌
top,褌芯锌
topic,褌械屑邪
torture,锌褘褌泻懈
torture,锌褘褌泻懈
toss,斜褉芯褋懈褌褜
total,胁褋械谐芯
total,胁褋械谐芯
total,胁褋械谐芯
totally,锌芯谢薪芯褋褌褜褞
touch,薪邪卸屑懈褌械
touch,薪邪卸屑懈褌械
tough,泻褉褍褌芯泄
tour,褌褍褉
tour,褌褍褉
tourism,褌褍褉懈蟹屑
tourist,褌褍褉懈褋褌
tournament,褌褍褉薪懈褉
towards,胁 薪邪锌褉邪胁谢械薪懈懈
towel,锌芯谢芯褌械薪褑械
tower,斜邪褕薪褟
town,谐芯褉芯写
toxic,褌芯泻褋懈褔薪褘泄
toy,懈谐褉褍褕泻邪
toy,懈谐褉褍褕泻邪
trace,褋谢械写
trace,褋谢械写
track,褌褉械泻
track,褌褉械泻
trade,褌芯褉谐芯胁谢褟
trade,褌芯褉谐芯胁谢褟
trademark,褌芯褉谐芯胁邪褟 屑邪褉泻邪
trading,褌芯褉谐芯胁谢褟
tradition,褌褉邪写懈褑懈褟
traditional,褌褉邪写懈褑懈芯薪薪褘泄
traffic,褌褉邪褎懈泻
tragedy,褌褉邪谐械写懈褟
tragic,褌褉邪谐懈褔械褋泻懈泄
trail,褌褉芯锌邪
trail,褌褉芯锌邪
trailer,锌褉懈褑械锌
train,锌芯械蟹写
train,锌芯械蟹写
trainer,褌褉械薪械褉
training,芯斜褍褔械薪懈械
trait,褔械褉褌邪
transaction,褌褉邪薪蟹邪泻褑懈褟
transcript,褌褉邪薪褋泻褉懈锌褌
transfer,锌械褉械胁芯写
transfer,锌械褉械胁芯写
transform,褌褉邪薪褋褎芯褉屑懈褉芯胁邪褌褜
transformation,褌褉邪薪褋褎芯褉屑邪褑懈褟
transit,褌褉邪薪蟹懈褌
transition,锌械褉械褏芯写
translate,锌械褉械胁械褋褌懈
translation,锌械褉械胁芯写
transmission,锌械褉械写邪褔邪
transmit,锌械褉械写邪褔邪
transparency,锌褉芯蟹褉邪褔薪芯褋褌褜
transparent,锌褉芯蟹褉邪褔薪褘泄
transport,褌褉邪薪褋锌芯褉褌
transport,褌褉邪薪褋锌芯褉褌
transportation,褌褉邪薪褋锌芯褉褌
trap,谢芯胁褍褕泻邪
trap,谢芯胁褍褕泻邪
trauma,褌褉邪胁屑邪
travel,锌褍褌械褕械褋褌胁懈械
travel,锌褍褌械褕械褋褌胁懈械
traveller,锌褍褌械褕械褋褌胁械薪薪懈泻
treasure,褋芯泻褉芯胁懈褖邪
treat,谢械褔懈褌褜
treatment,谢械褔械薪懈械
treaty,写芯谐芯胁芯褉
tree,写械褉械胁芯
tremendous,芯谐褉芯屑薪褘泄
trend,褌褉械薪写
trial,褋褍写械斜薪芯械 褉邪蟹斜懈褉邪褌械谢褜褋褌胁芯
tribal,锌谢械屑褟
tribe,锌谢械屑褟
tribunal,褌褉懈斜褍薪邪谢
tribute,写邪薪褜
trick,褌褉褞泻
trick,褌褉褞泻
trigger,褌褉懈谐谐械褉
trigger,褌褉懈谐谐械褉
trillion,褌褉懈谢谢懈芯薪
trio,褌褉懈芯
trip,锌芯械蟹写泻邪
trip,锌芯械蟹写泻邪
triumph,褌褉懈褍屑褎
troop,胁芯泄褋泻邪
trophy,褌褉芯褎械泄
tropical,褌褉芯锌懈褔械褋泻懈泄
trouble,锌褉芯斜谢械屑褘
trouble,锌褉芯斜谢械屑褘
troubled,锌褉芯斜谢械屑薪褘泄
trousers,斜褉褞泻懈
truck,谐褉褍蟹芯胁懈泻
true,锌褉邪胁写邪
truly,写械泄褋褌胁懈褌械谢褜薪芯
trust,写芯胁械褉懈械
trust,写芯胁械褉懈械
trustee,写芯胁械褉懈褌械谢褜薪褘泄 褍锌褉邪胁谢褟褞褖懈泄
truth,锌褉邪胁写邪
try,锌芯锌褉芯斜褍泄褌械
try,锌芯锌褉芯斜褍泄褌械
tsunami,褑褍薪邪屑懈
tube,褌褉褍斜邪
Tuesday,袙褌芯褉薪懈泻
tuition,芯斜褍褔械薪懈械
tune,薪邪褋褌褉芯泄泻邪
tunnel,褌褍薪薪械谢褜
turn,锌芯胁械褉薪褍褌褜
turn,锌芯胁械褉薪褍褌褜
turnout,褟胁泻邪
turnover,芯斜芯褉芯褌
TV,孝袝袥袝袙袠袟袨袪
twelve,写胁械薪邪写褑邪褌褜
twenty,写胁邪写褑邪褌褜
twice,写胁邪卸写褘
twin,斜谢懈蟹薪械褑
twin,斜谢懈蟹薪械褑
twist,褌胁懈褋褌
twist,褌胁懈褋褌
two,写胁邪
type,褌懈锌
type,褌懈锌
typical,褌懈锌懈褔薪褘泄
typically,芯斜褘褔薪芯
tyre,褕懈薪邪
ugly,校褉芯写谢懈胁褘泄
ultimate,芯泻芯薪褔邪褌械谢褜薪褘泄
ultimately,胁 泻芯薪械褔薪芯屑 懈褌芯谐械
umbrella,蟹芯薪褌
unable,薪械 胁 褋芯褋褌芯褟薪懈懈
unacceptable,薪械锌褉懈械屑谢械屑芯
uncertainty,薪械芯锌褉械写械谢械薪薪芯褋褌褜
uncle,写褟写褟
uncomfortable,薪械褍写芯斜薪芯
unconscious,斜械褋褋芯蟹薪邪褌械谢褜薪芯械
under,薪邪 褋邪泄褌械
under,薪邪 褋邪泄褌械
undergo,锌褉芯泄褌懈
undergraduate,斜邪泻邪谢邪胁褉懈邪褌
underground,锌芯写 蟹械屑谢械泄
underground,锌芯写 蟹械屑谢械泄
underlying,胁 芯褋薪芯胁械
undermine,锌芯写芯褉胁邪褌褜
understand,锌芯薪褟褌褜
understanding,锌芯薪懈屑邪薪懈械
undertake,锌褉械写锌褉懈薪褟褌褜
underwear,薪懈卸薪械械 斜械谢褜械
undoubtedly,薪械褋芯屑薪械薪薪芯
unemployed,斜械蟹褉邪斜芯褌薪褘泄
unemployment,斜械蟹褉邪斜芯褌懈褑邪
unexpected,薪械芯卸懈写邪薪薪褘泄
unfair,薪械褋锌褉邪胁械写谢懈胁芯
unfold,褉邪蟹胁械褉薪褍褌褜
unfortunate,薪械褋褔邪褋褌薪褘泄
unfortunately,泻 褋芯卸邪谢械薪懈褞
unhappy,薪械褋褔邪褋褌薪褘泄
uniform,褍薪懈褎芯褉屑邪
unify,芯斜褗械写懈薪懈褌褜
union,锌褉芯褎褋芯褞蟹
unique,褍薪懈泻邪谢褜薪褘泄
unit,斜谢芯泻
unite,芯斜褗械写懈薪褟泄褌械褋褜
united,芯斜褗械写懈薪械薪薪褘械
unity,械写懈薪褋褌胁芯
universal,褍薪懈胁械褉褋邪谢褜薪褘泄
universe,袙褋械谢械薪薪邪褟
university,褍薪懈胁械褉褋懈褌械褌
unknown,薪械懈蟹胁械褋褌薪芯
unless,械褋谢懈 褌芯谢褜泻芯
unlike,胁 芯褌谢懈褔懈械 芯褌
unlikely,屑邪谢芯胁械褉芯褟褌薪芯
unnecessary,薪械薪褍卸薪芯械
unpleasant,薪械锌褉懈褟褌薪褘泄
unprecedented,斜械褋锌褉械褑械写械薪褌薪褘泄
until,写芯
until,写芯
unusual,薪械芯斜褘褔薪褘泄
unveil,芯褌泻褉褘褌褜
up,胁胁械褉褏
up,胁胁械褉褏
upcoming,斜谢懈卸邪泄褕懈械
update,芯斜薪芯胁谢械薪懈械
update,芯斜薪芯胁谢械薪懈械
upgrade,芯斜薪芯胁谢械薪懈械
upgrade,芯斜薪芯胁谢械薪懈械
uphold,锌芯写写械褉卸懈胁邪褌褜
upon,薪邪
upper,胁械褉褏薪褟褟 褔邪褋褌褜
upset,褉邪褋褋褌褉芯械薪薪褘泄
upset,褉邪褋褋褌褉芯械薪薪褘泄
upstairs,薪邪胁械褉褏褍
upstairs,薪邪胁械褉褏褍
upwards,胁胁械褉褏
urban,谐芯褉芯写
urge,锌褉懈蟹褘胁
urgent,褋褉芯褔薪芯
us,屑褘
usage,懈褋锌芯谢褜蟹芯胁邪薪懈械
use,懈褋锌芯谢褜蟹芯胁邪褌褜
use,懈褋锌芯谢褜蟹芯胁邪褌褜
used,懈褋锌芯谢褜蟹褍械褌褋褟
used to,懈褋锌芯谢褜蟹芯胁邪薪薪褘泄 写谢褟
useful,锌芯谢械蟹薪芯械
useless,斜械褋锌芯谢械蟹薪芯
user,锌芯谢褜蟹芯胁邪褌械谢褜
usual,芯斜褘褔薪芯
usually,芯斜褘褔薪芯
utility,泻芯屑屑褍薪邪谢褜薪褘械 褍褋谢褍谐懈
utilize,懈褋锌芯谢褜蟹芯胁邪褌褜
utterly,锌芯谢薪芯褋褌褜褞
vacation,芯褌锌褍褋泻
vacuum,胁邪泻褍褍屑
vague,薪械褟褋薪褘泄
valid,写械泄褋褌胁懈褌械谢褜薪褘泄
validity,褋褉芯泻 写械泄褋褌胁懈褟
valley,写芯谢懈薪邪
valuable,褑械薪薪褘械
value,蟹薪邪褔械薪懈械
value,蟹薪邪褔械薪懈械
van,胁邪薪
vanish,懈褋褔械蟹薪褍褌褜
variable,锌械褉械屑械薪薪邪褟
variable,锌械褉械屑械薪薪邪褟
variation,胁邪褉懈邪褑懈褟
varied,褉邪蟹薪芯芯斜褉邪蟹薪褘械
variety,褋芯褉褌
various,褉邪蟹谢懈褔薪褘械
vary,胁邪褉褜懈褉芯胁邪褌褜褋褟
vast,芯斜褕懈褉薪邪褟
vegetable,芯胁芯褖薪芯泄
vehicle,邪胁褌芯屑芯斜懈谢褜
vein,胁械薪邪
venture,胁械薪褔褍褉
venture,胁械薪褔褍褉
venue,屑械褋褌芯 锌褉芯胁械写械薪懈褟
verbal,胁械褉斜邪谢褜薪褘泄
verdict,袙械褉写懈泻褌
verify,锌褉芯胁械褉懈褌褜
verse,褋褌懈褏
version,胁械褉褋懈褟
versus,锌褉芯褌懈胁
vertical,胁械褉褌懈泻邪谢褜薪褘泄
very,芯褔械薪褜
very,芯褔械薪褜
vessel,褋褍写薪芯
veteran,胁械褌械褉邪薪
via,褔械褉械蟹
viable,卸懈蟹薪械褋锌芯褋芯斜薪褘泄
vibrant,褟褉泻懈泄
vice,胁懈褑械
vicious,蟹谢芯斜薪褘泄
victim,卸械褉褌胁邪
victory,锌芯斜械写邪
video,胁懈写械芯
view,锌芯褋屑芯褌褉械褌褜
view,锌芯褋屑芯褌褉械褌褜
viewer,蟹褉懈褌械谢褜
viewpoint,褌芯褔泻邪 蟹褉械薪懈褟
village,写械褉械胁薪褟
villager,卸懈褌械谢褜 写械褉械胁薪懈
violate,薪邪褉褍褕邪褌褜
violation,薪邪褉褍褕械薪懈械
violence,薪邪褋懈谢懈械
violent,卸械褋褌芯泻懈泄
virtual,胁懈褉褌褍邪谢褜薪褘泄
virtue,写芯斜褉芯写械褌械谢褜
virus,胁懈褉褍褋
visa,胁懈蟹邪
visible,胁懈写懈屑褘泄
vision,胁懈写械薪懈械
visit,锌芯褋械褌懈褌械
visit,锌芯褋械褌懈褌械
visitor,锌芯褋械褌懈褌械谢褜
visual,胁懈蟹褍邪谢褜薪褘泄
vital,vital
vitamin,胁懈褌邪屑懈薪
vocal,胁芯泻邪谢
voice,谐芯谢芯褋
volume,褌芯屑
voluntary,写芯斜褉芯胁芯谢褜薪芯
volunteer,胁芯谢芯薪褌械褉
volunteer,胁芯谢芯薪褌械褉
vote,谐芯谢芯褋芯胁邪褌褜
vote,谐芯谢芯褋芯胁邪褌褜
voting,谐芯谢芯褋芯胁邪薪懈械
vow,芯斜械褌
vulnerability,褍褟蟹胁懈屑芯褋褌褜
vulnerable,褍褟蟹胁懈屑褘泄
wage,蟹邪褉邪斜芯褌薪邪褟 锌谢邪褌邪
wait,锌芯写芯卸写懈褌械
wait,锌芯写芯卸写懈褌械
waiter,芯褎懈褑懈邪薪褌
wake,褉邪蟹斜褍写懈褌褜
walk,锌褉芯谐褍谢泻邪
walk,锌褉芯谐褍谢泻邪
wall,褋褌械薪邪
wander,斜褉芯写懈褌褜
want,褏芯褔褍
war,胁芯泄薪邪
ward,锌芯写芯锌械褔薪褘泄
warehouse,褋泻谢邪写
warfare,胁芯泄薪邪
warm,褌械锌谢褘泄
warm,褌械锌谢褘泄
warming,褋芯谐褉械胁邪褞褖懈泄
warn,锌褉械写褍锌褉械写懈褌褜
warning,锌褉械写褍锌褉械卸写械薪懈械
warrant,芯褉写械褉
warrant,芯褉写械褉
warrior,胁芯懈薪
wash,屑褘褌褜
wash,屑褘褌褜
washing,屑芯泄泻邪
waste,芯褌褏芯写褘
waste,芯褌褏芯写褘
waste,芯褌褏芯写褘
watch,褋屑芯褌褉械褌褜
watch,褋屑芯褌褉械褌褜
water,胁芯写邪
water,胁芯写邪
wave,胁芯谢薪邪
wave,胁芯谢薪邪
way,锌褍褌褜
way,锌褍褌褜
we,屑褘
weak,褋谢邪斜褘泄
weaken,芯褋谢邪斜懈褌褜
weakness,褋谢邪斜芯褋褌褜
wealth,斜芯谐邪褌褋褌胁芯
wealthy,斜芯谐邪褌褘械
weapon,芯褉褍卸懈械
wear,懈蟹薪芯褋
weather,锌芯谐芯写邪
weave,锌谢械褌械薪懈械
web,胁械斜-褋邪泄褌
website,褋邪泄褌
wedding,褋胁邪写褜斜邪
Wednesday,小褉械写邪
weed,褋芯褉薪褟泻
week,薪械写械谢褟
weekend,胁褘褏芯写薪褘械
weekly,袝卸械薪械写械谢褜薪懈泻
weigh,胁蟹胁械褋懈褌褜
weight,胁械褋
weird,褋褌褉邪薪薪褘泄
welcome,袛芯斜褉芯 锌芯卸邪谢芯胁邪褌褜
welcome,袛芯斜褉芯 锌芯卸邪谢芯胁邪褌褜
welcome,袛芯斜褉芯 锌芯卸邪谢芯胁邪褌褜
welcome,袛芯斜褉芯 锌芯卸邪谢芯胁邪褌褜
welfare,斜谢邪谐芯褋芯褋褌芯褟薪懈械
well,褏芯褉芯褕芯
well,褏芯褉芯褕芯
well,褏芯褉芯褕芯
well,褏芯褉芯褕芯
well-being,斜谢邪谐芯锌芯谢褍褔懈械
west,蟹邪锌邪写
west,蟹邪锌邪写
west,蟹邪锌邪写
western,蟹邪锌邪写
wet,屑芯泻褉褘泄
what,褔褌芯
what,褔褌芯
whatever,薪械胁邪卸薪芯
whatever,薪械胁邪卸薪芯
whatever,薪械胁邪卸薪芯
whatsoever,褔褌芯 斜褘 褌芯 薪懈 斜褘谢芯
wheat,锌褕械薪懈褑邪
wheel,泻芯谢械褋芯
when,泻芯谐写邪
when,泻芯谐写邪
when,泻芯谐写邪
whenever,泻芯谐写邪
where,谐写械
where,谐写械
whereas,胁 褌芯 胁褉械屑褟 泻邪泻
whereby,褌邪泻懈屑 芯斜褉邪蟹芯屑
wherever,"胁械蟹写械, 谐写械"
whether,谢懈
which,泻芯褌芯褉褘泄
which,泻芯褌芯褉褘泄
while,胁 褌芯 胁褉械屑褟 泻邪泻
while,胁 褌芯 胁褉械屑褟 泻邪泻
whilst,胁 褌芯 胁褉械屑褟 泻邪泻
whip,锌谢械褌褜
whisper,褕械锌芯褌
whisper,褕械锌芯褌
white,斜械谢褘泄
white,斜械谢褘泄
who,泻褌芯
whoever,泻褌芯 斜褘 薪懈 斜褘谢
whole,褑械谢懈泻芯屑
whole,褑械谢懈泻芯屑
wholly,锌芯谢薪芯褋褌褜褞
whom,泻芯屑褍
whose,褔械泄
whose,褔械泄
why,锌芯褔械屑褍
wide,褕懈褉芯泻懈泄
widely,褕懈褉芯泻芯
widen,褉邪褋褕懈褉懈褌褜
widespread,褕懈褉芯泻芯 褉邪褋锌褉芯褋褌褉邪薪械薪薪褘泄
widow,胁写芯胁邪
width,褕懈褉懈薪邪
wife,卸械薪邪
wild,写懈泻懈泄
wildlife,写懈泻邪褟 锌褉懈褉芯写邪
will,斜褍写械褌
will,斜褍写械褌
willing,卸械谢邪褞褖懈械
willingness,谐芯褌芯胁薪芯褋褌褜
win,胁褘懈谐褉邪褌褜
win,胁褘懈谐褉邪褌褜
wind,胁械褌械褉
wind,胁械褌械褉
window,芯泻薪芯
wine,胁懈薪芯
wing,泻褉褘谢芯
winner,锌芯斜械写懈褌械谢褜
winter,蟹懈屑邪
wipe,锌褉芯褌懈褉邪褌褜
wire,锌褉芯胁芯写
wisdom,屑褍写褉芯褋褌褜
wise,屑褍写褉褘泄
wish,锌芯卸械谢邪薪懈械
wish,锌芯卸械谢邪薪懈械
wit,褋
with,褋
withdraw,胁褘胁械褋褌懈
withdrawal,胁褘胁芯写 褋褉械写褋褌胁
within,胁 锌褉械写械谢邪褏
without,斜械蟹
witness,褋胁懈写械褌械谢褜
witness,褋胁懈写械褌械谢褜
woman,卸械薪褖懈薪邪
wonder,褔褍写芯
wonder,褔褍写芯
wonderful,蟹邪屑械褔邪褌械谢褜薪褘泄
wood,写械褉械胁芯
wooden,写械褉械胁褟薪薪褘泄
wool,褕械褉褋褌褜
word,褋谢芯胁芯
work,褉邪斜芯褌邪
work,褉邪斜芯褌邪
worker,褉邪斜芯褔懈泄
workforce,褉邪斜芯褔邪褟 褋懈谢邪
working,褉邪斜芯褌邪
workout,褌褉械薪懈褉芯胁泻邪
workplace,褉邪斜芯褔械械 屑械褋褌芯
workshop,褋械屑懈薪邪褉
world,屑懈褉
worldwide,锌芯 胁褋械屑褍 屑懈褉褍
worldwide,锌芯 胁褋械屑褍 屑懈褉褍
worm,褔械褉胁褜
worried,胁芯谢薪褍械褌褋褟
worry,斜械褋锌芯泻芯懈褌褜褋褟
worry,斜械褋锌芯泻芯懈褌褜褋褟
worse,褏褍卸械
worse,褏褍卸械
worse,褏褍卸械
worship,锌芯泻谢芯薪械薪懈械
worship,锌芯泻谢芯薪械薪懈械
worst,褏褍写褕懈泄
worst,褏褍写褕懈泄
worst,褏褍写褕懈泄
worth,褋褌芯懈褌
worth,褋褌芯懈褌
worthwhile,写芯褋褌芯泄薪褘泄
worthy,写芯褋褌芯泄薪褘泄
would,斜褍写械褌
wound,褉邪薪邪
wound,褉邪薪邪
wow,胁邪褍
wrap,芯斜械褉薪褍褌褜
wrist,蟹邪锌褟褋褌褜械
write,薪邪锌懈褋邪褌褜
writer,锌懈褋邪褌械谢褜
writing,薪邪锌懈褋邪薪懈械
written,薪邪锌懈褋邪薪芯
wrong,薪械锌褉邪胁懈谢褜薪芯
wrong,薪械锌褉邪胁懈谢褜薪芯
wrong,薪械锌褉邪胁懈谢褜薪芯
yard,写胁芯褉
yeah,袛邪
year,谐芯写
yell,泻褉懈褔邪褌褜
yellow,卸械谢褌褘泄
yellow,卸械谢褌褘泄
yes,写邪
yesterday,胁褔械褉邪
yesterday,胁褔械褉邪
yet,薪芯
yet,薪芯
yield,褍褉芯卸邪泄薪芯褋褌褜
yield,褍褉芯卸邪泄薪芯褋褌褜
you,胁褘
young,屑芯谢芯写芯泄
young,屑芯谢芯写芯泄
youngster,锌芯写褉芯褋褌芯泻
your,袙邪褕
yours,胁邪褕
yourself,褋械斜褟
youth,屑芯谢芯写械卸褜
zero,薪芯谢褜
zone,蟹芯薪邪
thunder,谐褉芯屑
burger,斜褍褉谐械褉
conversely,薪邪芯斜芯褉芯褌
mediation,屑械写懈邪褑懈褟
cherry,胁懈褕薪褟
testword,褌械褋褌芯胁芯械 褋谢芯胁芯
