English,Polish
a,a
abandon,zrezygnować
ability,zdolność
able,zdolny
abolish,znieść
abortion,aborcja
about,o
about,o
above,powyżej
above,powyżej
abroad,za granicą
absence,nieobecność
absent,nieobecny
absolute,absolutny
absolutely,absolutnie
absorb,absorbować
abstract,streszczenie
absurd,absurd
abundance,obfitość
abuse,nadużycie
abuse,nadużycie
academic,akademicki
academic,akademicki
academy,akademia
accelerate,przyspieszyć
accent,akcent
accept,akceptacja
acceptable,akceptowalny
acceptance,akceptacja
access,dostęp
access,dostęp
accessible,dostępny
accident,wypadek
accidentally,przypadkowo
accommodate,pomieścić
accommodation,zakwaterowanie
accompany,towarzyszyć
accomplish,osiągnięcie
accomplishment,osiągnięcie
accordance,zgodność
according to,wg.
accordingly,odpowiednio
account,konto
account,konto
accountability,odpowiedzialność
accountable,odpowiedzialny
accountant,księgowy
accounting,księgowość
accumulate,gromadzić się
accumulation,akumulacja
accuracy,dokładność
accurate,dokładny
accurately,dokładnie
accusation,oskarżenie
accuse,oskarżenie
accused,oskarżony
achieve,osiągnąć
achievement,osiągnięcie
acid,kwas
acid,kwas
acknowledge,potwierdzenie
acquire,nabycie
acquisition,nabycie
acre,akr
across,w poprzek
across,w poprzek
act,działać
act,działać
action,działanie
activate,aktywować się
activation,aktywacja
active,aktywny
activist,aktywista
activity,aktywność
actor,aktor
actress,aktorka
actual,rzeczywisty
actually,faktycznie
acute,ostry
ad,reklama
adapt,adaptacja
adaptation,adaptacja
add,dodać
addiction,uzależnienie
addition,dodatek
additional,dodatkowy
additionally,dodatkowo
address,adres
address,adres
adequate,odpowiedni
adequately,odpowiednio
adhere,przestrzegać
adjacent,przylegający
adjust,dostosowanie
adjustment,dostosowanie
administer,administrator
administration,administracja
administrative,administracyjny
administrator,administrator
admire,podziwiać
admission,wstęp
admit,przyznać
adolescent,nastolatek
adopt,przyjęty
adoption,przyjęcie
adult,dorosły
adult,dorosły
advance,zaliczka
advance,zaliczka
advance,zaliczka
advanced,zaawansowany
advantage,przewaga
adventure,przygoda
adverse,niekorzystny
advertise,reklama
advertisement,reklama
advertising,reklama
advice,rada
advise,radzić
advocate,adwokat
advocate,adwokat
aesthetic,estetyczny
affair,romans
affect,wpływ
affection,uczucie
afford,stać
affordable,przystępny
afraid,obawiać się
after,po
after,po
after,po
aftermath,pokłosie
afternoon,popołudnie
afterwards,później
again,ponownie
against,przeciwko
age,wiek
age,wiek
aged,w wieku
agency,agencja
agenda,agenda
agent,agent
aggression,agresja
aggressive,agresywny
ago,temu
agree,zgadzać się
agreement,umowa
agricultural,rolniczy
agriculture,rolnictwo
ah,ah
ahead,do przodu
aid,pomoc
aid,pomoc
aide,pomocnik
AIDS,AIDS
aim,cel
aim,cel
air,powietrze
aircraft,samolot
airline,linia lotnicza
airport,lotnisko
alarm,alarm
alarm,alarm
albeit,aczkolwiek
album,album
alcohol,alkohol
alcoholic,alkoholik
alert,alert
alert,alert
alert,alert
alien,obcy
alien,obcy
align,wyrównać
alignment,wyrównanie
alike,podobnie
alike,podobnie
alive,żywy
all,wszystko
all,wszystko
all,wszystko
all right,w porządku
all right,w porządku
all right,w porządku
allegation,zarzut
allege,twierdzić
allegedly,rzekomo
alliance,sojusz
allocate,przydzielać
allocation,przydział
allow,zezwolić
allowance,dodatek
ally,sojusznik
almost,prawie
alone,sam
alone,sam
along,wzdłuż
along,wzdłuż
alongside,obok
already,już
also,również
alter,zmienić się
alternative,alternatywa
alternative,alternatywa
although,chociaż
altogether,łącznie
aluminium,aluminium
always,zawsze
amateur,amator
amateur,amator
amazed,zdumiony
amazing,niesamowity
ambassador,ambasador
ambition,ambicja
ambitious,ambitny
ambulance,karetka
amend,poprawka
amendment,poprawka
amid,wśród
among,wśród
amount,kwota
amount,kwota
amusing,zabawny
analogy,analogia
analyse,analizować
analysis,analiza
analyst,analityk
ancestor,przodek
anchor,kotwica
ancient,starożytny
and,oraz
angel,anioł
anger,złość
angle,kąt
angrily,gniewnie
angry,zły
animal,zwierzę
animation,animacja
ankle,kostka
anniversary,rocznica
announce,zapowiedź
announcement,ogłoszenie
annoy,irytować
annoyed,zirytowany
annoying,irytujący
annual,roczny
annually,rocznie
anonymous,anonimowy
another,inny
another,inny
answer,odpowiedź
answer,odpowiedź
anticipate,przewidywać
anxiety,niepokój
anxious,niespokojny
any,dowolny
any,dowolny
any,dowolny
any more,więcej
anybody,ktokolwiek
anyone,ktokolwiek
anything,cokolwiek
anyway,w każdym razie
anywhere,gdziekolwiek
anywhere,gdziekolwiek
apart,oprócz
apartment,mieszkanie
apologize,przepraszać
apology,przeprosiny
app,aplikacja
apparatus,aparat
apparent,pozorny
apparently,pozornie
appeal,odwołanie
appeal,odwołanie
appealing,apelujący
appear,pojawiać się
appearance,wygląd
appetite,apetyt
applaud,oklaski
apple,jabłko
applicable,mający zastosowanie
applicant,wnioskodawca
application,aplikacja
apply,zastosowanie
appoint,wyznaczyć
appointment,nominacja
appreciate,docenić
appreciation,uznanie
approach,podejście
approach,podejście
appropriate,odpowiedni
appropriately,odpowiednio
approval,zatwierdzenie
approve,zatwierdzać
approximately,w przybliżeniu
April,Kwiecień
arbitrary,dowolny
architect,architekt
architectural,architektoniczny
architecture,architektura
archive,archiwum
area,obszar
arena,arena
arguably,prawdopodobnie
argue,spierać się
argument,argument
arise,powstać
arm,ramię
arm,ramię
armed,uzbrojony
arms,broń
army,armia
around,około
around,około
arrange,aranżacja
arrangement,aranżacja
array,tablica
arrest,aresztowanie
arrest,aresztowanie
arrival,przybycie
arrive,przybyć
arrow,strzałka
art,sztuka
article,artykuł
articulate,artykułować
artificial,sztuczny
artist,artysta
artistic,artystyczny
artwork,grafika
as,jak
as,jak
as,jak
ash,popiół
ashamed,zawstydzony
aside,na bok
ask,pytanie
asleep,sen
aspect,aspekt
aspiration,aspiracja
aspire,aspiracja
assassination,zabójstwo
assault,atak
assault,atak
assemble,montaż
assembly,montaż
assert,twierdzenie
assertion,zapewnienie
assess,oceniać
assessment,ocena
asset,zasób
assign,przydział
assignment,zadanie
assist,asystent
assistance,pomoc
assistant,asystent
assistant,asystent
associate,współpracownik
associated,powiązany
association,stowarzyszenie
assume,zakładać
assumption,założenie
assurance,zapewnienie
assure,zapewnienie
astonishing,zadziwiający
asylum,azyl
at,na
athlete,sportowiec
atmosphere,atmosfera
atrocity,okrucieństwo
attach,dołączyć
attachment,załącznik
attack,atak
attack,atak
attain,osiągnięcie
attempt,próba
attempt,próba
attend,uczestniczyć
attendance,obecność
attention,uwaga
attention,uwaga
attitude,nastawienie
attorney,pełnomocnik
attract,przyciągać
attraction,atrakcyjność
attractive,atrakcyjny
attribute,atrybut
attribute,atrybut
auction,aukcja
audience,publiczność
audio,audio
audit,audyt
August,Sierpień
aunt,ciotka
authentic,autentyczny
author,autor
authority,władza
authorize,autoryzować
auto,auto
automatic,automatyczny
automatically,automatycznie
autonomy,autonomia
autumn,jesień
availability,dostępność
available,dostępny
average,średnia
average,średnia
average,średnia
avoid,unikać
await,czekać
award,nagroda
award,nagroda
aware,świadomy
awareness,świadomość
away,odjazd
awful,okropny
awkward,niezręczny
baby,dziecko
back,z powrotem
back,z powrotem
back,z powrotem
back,z powrotem
backdrop,tło
background,tło
backing,podkład
backup,kopia zapasowa
backwards,do tyłu
bacteria,bakterie
bad,zły
badge,odznaka
badly,źle
bag,torba
bail,kaucja
bake,wypiek
balance,równowaga
balance,równowaga
balanced,zrównoważony
ball,piłka
ballet,balet
balloon,balon
ballot,karta do głosowania
ban,zakaz
ban,zakaz
banana,banan
band,zespół
bank,bank
banner,baner
bar,pasek
bar,pasek
bare,nagi
barely,ledwo
bargain,okazja
barrel,beczka
barrier,bariera
base,baza
base,baza
baseball,baseball
based,oparty
basement,piwnica
basic,podstawowy
basically,w zasadzie
basis,podstawa
basket,kosz
basketball,koszykówka
bass,bas
bat,nietoperz
bat,nietoperz
bath,kąpiel
bathroom,łazienka
battery,bateria
battle,bitwa
battle,bitwa
battlefield,pole bitwy
bay,zatoka
be,być
be,być
beach,plaża
beam,wiązka
bean,fasola
bear,niedźwiedź
bear,niedźwiedź
beast,bestia
beat,rytm
beat,rytm
beautiful,piękny
beauty,piękno
because,ponieważ
become,stać się
bed,łóżko
bedroom,sypialnia
bee,pszczoła
beef,wołowina
beer,piwo
before,przed
before,przed
before,przed
beg,początek
begin,początek
beginning,początek
behalf,nazwa
behave,zachowywać się
behaviour,zachowanie
behind,z tyłu
behind,z tyłu
being,bycie
belief,przekonanie
believe,wierzyć
bell,dzwonek
belong,należeć
beloved,ukochany
below,poniżej
below,poniżej
belt,pas
bench,ławka
benchmark,punkt odniesienia
bend,zgięcie
bend,zgięcie
beneath,poniżej
beneficial,korzystny
beneficiary,beneficjent
benefit,korzyść
benefit,korzyść
bent,wygięty
beside,obok
besides,poza tym
besides,poza tym
best,najlepszy
best,najlepszy
best,najlepszy
bet,zakład
bet,zakład
betray,zdradzać
better,lepszy
better,lepszy
better,lepszy
between,pomiędzy
between,pomiędzy
beyond,poza
beyond,poza
bias,stronniczość
bicycle,rower
bid,oferta
bid,oferta
big,duży
bike,rower
bill,rachunek
bill,rachunek
billion,miliard
bin,kosz
bind,wiązanie
biography,biografia
biological,biologiczny
biology,biologia
bird,ptak
birth,narodziny
birthday,urodziny
biscuit,herbatnik
bishop,biskup
bit,bit
bite,ugryzienie
bite,ugryzienie
bitter,gorzki
bizarre,dziwaczny
black,czarny
black,czarny
blade,ostrze
blame,wina
blame,wina
blank,pusty
blank,pusty
blanket,koc
blast,wybuch
blast,wybuch
bleed,krwawienie
blend,mieszanka
blend,mieszanka
bless,błogosławieństwo
blessing,błogosławieństwo
blind,niewidomy
block,blok
block,blok
blog,blog
blonde,blondynka
blood,krew
blow,cios
blow,cios
blue,niebieski
blue,niebieski
board,tablica
board,tablica
boast,przechwałka
boat,łódź
body,ciało
boil,gotować się
bold,pogrubiony
bomb,bomba
bomb,bomba
bombing,bombardowanie
bond,wiązanie
bone,kość
bonus,premia
book,książka
book,książka
booking,rezerwacja
boom,wysięgnik
boost,wzrost
boost,wzrost
boot,bagażnik
border,granica
border,granica
bored,znudzony
boring,nudny
born,urodzony
borrow,pożyczka
boss,szef
both,oba
both,oba
bother,kłopot
bottle,butelka
bottom,dno
bottom,dno
bounce,odbicie
bound,związany
boundary,granica
bow,łuk
bow,łuk
bowl,miska
box,pudełko
boy,chłopiec
boyfriend,chłopak
brain,mózg
branch,oddział
brand,marka
brand,marka
brave,odważny
breach,naruszenie
breach,naruszenie
bread,chleb
break,przerwa
break,przerwa
breakdown,podział
breakfast,śniadanie
breakthrough,przełom
breast,pierś
breath,oddech
breathe,oddychać
breathing,oddychanie
breed,rasa
breed,rasa
brick,cegła
bride,panna młoda
bridge,most
brief,krótki
briefly,krótko
bright,jasny
brilliant,genialny
bring,przynieść
broad,szeroki
broadband,szerokopasmowy
broadcast,transmisja
broadcast,transmisja
broadcaster,nadawca
broadly,szeroko
broken,złamany
brother,brat
brown,brązowy
brown,brązowy
browser,przeglądarka
brush,szczotka
brush,szczotka
brutal,brutalny
bubble,bańka
buck,wiadro
buddy,kumpel
budget,budżet
buffer,bufor
bug,błąd
build,budować
building,budynek
bulk,luzem
bullet,kula
bunch,grupa
burden,obciążenie
bureaucracy,biurokracja
burial,pochówek
burn,oparzenie
burn,oparzenie
burst,wybuch
bury,grzebać
bus,autobus
bush,krzak
business,biznes
businessman,biznesmen
busy,zajęty
but,ale
but,ale
butter,masło
button,przycisk
buy,kupować
by,przez
by,przez
bye,do widzenia
cabin,kabina
cabinet,szafka
cable,kabel
cafe,kawiarnia
cake,ciasto
calculate,obliczać
calculation,kalkulacja
call,połączenie
call,połączenie
calm,spokój
calm,spokój
calm,spokój
camera,kamera
camp,obóz
camp,obóz
campaign,kampania
campaign,kampania
camping,kemping
campus,kampus
can,puszka
can,puszka
canal,kanał
cancel,anulować
cancer,rak
candidate,kandydat
candle,świeca
cannot,nie może
canvas,płótno
cap,czapka
capability,zdolność
capable,zdolny
capacity,pojemność
capital,kapitał
capital,kapitał
capitalism,kapitalizm
capitalist,kapitalista
captain,kapitan
capture,przechwytywanie
capture,przechwytywanie
car,samochód
carbon,węgiel
card,karta
care,opieka
care,opieka
career,kariera
careful,ostrożny
carefully,ostrożnie
careless,nieostrożny
cargo,ładunek
carpet,dywan
carriage,przewóz
carrot,marchew
carry,nosić
cartoon,kreskówka
carve,rzeźba
case,przypadek
cash,gotówka
casino,kasyno
cast,obsada
cast,obsada
castle,zamek
casual,swobodny
casualty,wypadek
cat,kot
catalogue,katalog
catch,połów
catch,połów
category,kategoria
cater,zbiornik
cattle,bydło
cause,przyczyna
cause,przyczyna
caution,ostrożność
cautious,ostrożny
cave,jaskinia
CD,CD
cease,zaprzestać
ceiling,sufit
celebrate,świętować
celebration,uroczystość
celebrity,celebryta
cell,komórka
cemetery,cmentarz
cent,cent
central,centralny
centre,centrum
centre,centrum
century,wiek
ceremony,ceremonia
certain,pewny
certainly,z pewnością
certainty,pewność
certificate,certyfikat
chain,łańcuch
chain,łańcuch
chair,krzesło
chair,krzesło
chairman,przewodniczący
challenge,wyzwanie
challenge,wyzwanie
challenging,wymagający
chamber,komora
champion,mistrz
championship,mistrzostwa
chance,szansa
change,zmiana
change,zmiana
channel,kanał
chaos,chaos
chapter,rozdział
character,charakter
characteristic,charakterystyka
characteristic,charakterystyka
characterize,charakteryzować
charge,opłata
charge,opłata
charity,dobroczynność
charm,urok
charming,czarujący
chart,wykres
chart,wykres
charter,karta
chase,pościg
chase,pościg
chat,czat
chat,czat
cheap,tani
cheap,tani
cheat,oszukiwać
cheat,oszukiwać
check,czek
check,czek
cheek,policzek
cheer,doping
cheer,doping
cheerful,wesoły
cheese,ser
chef,szef kuchni
chemical,chemiczny
chemical,chemiczny
chemistry,chemia
chest,skrzynia
chicken,kurczak
chief,szef
chief,szef
child,dziecko
childhood,dzieciństwo
chip,chip
chocolate,czekolada
choice,wybór
choir,chór
choose,wybór
chop,kotlet
chronic,przewlekły
chunk,kawałek
church,kościół
cigarette,papieros
cinema,kino
circle,koło
circle,koło
circuit,obwód
circulate,krążyć
circulation,obieg
circumstance,okoliczność
cite,cytat
citizen,obywatel
citizenship,obywatelstwo
city,miasto
civic,obywatelski
civil,cywilny
civilian,cywilny
civilian,cywilny
civilization,cywilizacja
claim,roszczenie
claim,roszczenie
clarify,wyjaśnienie
clarity,przejrzystość
clash,starcie
class,klasa
classic,klasyczny
classic,klasyczny
classical,klasyczny
classification,klasyfikacja
classify,klasyfikować
classroom,klasa
clause,klauzula
clean,czysty
clean,czysty
cleaning,czyszczenie
clear,czysty
clear,czysty
clearly,wyraźnie
clerk,urzędnik
clever,sprytny
click,kliknięcie
click,kliknięcie
client,klient
cliff,klif
climate,klimat
climb,wspinaczka
climb,wspinaczka
cling,przyleganie
clinic,klinika
clinical,kliniczny
clip,klip
clock,zegar
close,blisko
close,blisko
close,blisko
close,blisko
closed,zamknięty
closely,blisko
closure,zamknięcie
cloth,tkanina
clothes,ubrania
clothing,odzież
cloud,chmura
club,klub
clue,wskazówka
cluster,klaster
coach,trener
coach,trener
coal,węgiel
coalition,koalicja
coast,wybrzeże
coastal,przybrzeżny
coat,płaszcz
cocktail,koktajl
code,kod
coffee,kawa
cognitive,poznawczy
coin,moneta
coincide,zbiegać się
coincidence,zbieg okoliczności
cold,zimno
cold,zimno
collaborate,współpracować
collaboration,współpraca
collapse,upadek
collapse,upadek
colleague,kolega
collect,zbierać
collection,kolekcja
collective,zbiorowy
collector,kolektor
college,uczelnia
collision,kolizja
colonial,kolonialny
colony,kolonia
colour,kolor
coloured,kolorowy
colourful,kolorowy
column,kolumna
columnist,felietonista
combat,walka
combat,walka
combination,połączenie
combine,połączenie
come,przyjść
comedy,komedia
comfort,komfort
comfort,komfort
comfortable,wygodny
comic,komiks
comic,komiks
command,polecenie
command,polecenie
commander,dowódca
commence,początek
comment,komentarz
comment,komentarz
commentary,komentarz
commentator,komentator
commerce,handel
commercial,komercyjny
commercial,komercyjny
commission,prowizja
commission,prowizja
commissioner,komisarz
commit,zobowiązanie
commitment,zobowiązanie
committee,komisja
commodity,towar
common,wspólny
commonly,powszechnie
communicate,komunikować się
communication,komunikacja
communist,komunista
community,społeczność
companion,towarzysz
company,firma
comparable,porównywalny
comparative,porównawczy
compare,porównać
comparison,porównanie
compassion,współczucie
compel,zmuszać
compelling,zniewalający
compensate,zrekompensować
compensation,rekompensata
compete,konkurować
competence,kompetencja
competent,kompetentny
competition,konkurencja
competitive,konkurencyjny
competitor,konkurent
compile,kompilacja
complain,narzekać
complaint,skarga
complement,uzupełnienie
complete,kompletny
complete,kompletny
completely,całkowicie
completion,zakończenie
complex,złożony
complex,złożony
complexity,złożoność
compliance,zgodność
complicated,skomplikowany
complication,komplikacja
comply,zgodny
component,składnik
compose,komponować
composer,kompozytor
composition,skład
compound,związek
comprehensive,kompleksowy
comprise,obejmować
compromise,kompromis
compromise,kompromis
compulsory,obowiązkowy
compute,obliczać
computer,komputer
conceal,ukrycie
concede,przyznać się
conceive,począć
concentrate,koncentrat
concentration,koncentracja
concept,koncepcja
conception,koncepcja
concern,obawa
concern,obawa
concerned,zainteresowany
concert,koncert
concession,koncesja
conclude,zawrzeć
conclusion,wniosek
concrete,beton
concrete,beton
condemn,potępienie
condition,stan
conduct,zachowanie
conduct,zachowanie
confer,konferencja
conference,konferencja
confess,przyznać się
confession,wyznanie
confidence,zaufanie
confident,pewny siebie
configuration,konfiguracja
confine,ograniczenie
confirm,potwierdzać
confirmation,potwierdzenie
conflict,konflikt
conflict,konflikt
confront,konfrontacja
confrontation,konfrontacja
confuse,dezorientacja
confused,zdezorientowany
confusing,mylący
confusion,zamieszanie
congratulate,gratulacje
congregation,zgromadzenie
congressional,kongresowy
connect,połączenie
connected,połączony
connection,połączenie
conquer,podbój
conscience,sumienie
conscious,świadomy
consciousness,świadomość
consecutive,kolejny
consensus,konsensus
consent,zgoda
consent,zgoda
consequence,konsekwencja
consequently,w konsekwencji
conservation,konserwacja
conservative,konserwatywny
conservative,konserwatywny
conserve,ochrona
consider,rozważać
considerable,znaczny
considerably,znacznie
consideration,rozważanie
consist,składać się
consistency,spójność
consistent,spójny
consistently,konsekwentnie
consolidate,konsolidować
conspiracy,spisek
constant,stały
constantly,stale
constituency,okręg wyborczy
constitute,stanowić
constitution,konstytucja
constitutional,konstytucyjny
constraint,ograniczenie
construct,konstrukcja
construction,konstrukcja
consult,konsultacja
consultant,konsultant
consultation,konsultacja
consume,konsumpcja
consumer,konsument
consumption,zużycie
contact,kontakt
contact,kontakt
contain,zawierać
container,pojemnik
contemplate,kontemplować
contemporary,współczesny
contempt,pogarda
contend,utrzymywać się
contender,pretendent
content,zawartość
content,zawartość
contention,spór
contest,konkurs
contest,konkurs
context,kontekst
continent,kontynent
continually,nieustannie
continue,kontynuować
continuous,ciągły
contract,umowa
contract,umowa
contractor,wykonawca
contradiction,sprzeczność
contrary,przeciwnie
contrary,przeciwnie
contrast,kontrast
contrast,kontrast
contribute,wkład
contribution,wkład
contributor,kontrybutor
control,kontrola
control,kontrola
controversial,kontrowersyjny
controversy,kontrowersja
convenience,wygoda
convenient,wygodny
convention,konwencja
conventional,konwencjonalny
conversation,rozmowa
conversion,konwersja
convert,konwersja
convey,przenośnik
convict,skazaniec
conviction,przekonanie
convince,przekonać
convinced,przekonany
convincing,przekonujący
cook,kucharz
cook,kucharz
cooker,kuchenka
cooking,gotowanie
cool,fajny
cool,fajny
cooperate,współpracować
cooperative,spółdzielnia
coordinate,współrzędna
coordination,koordynacja
coordinator,koordynator
cop,policjant
cope,radzić sobie
copper,miedź
copy,kopia
copy,kopia
copyright,prawa autorskie
core,rdzeń
core,rdzeń
corner,narożnik
corporate,korporacyjny
corporation,korporacja
correct,poprawny
correct,poprawny
correction,korekta
correctly,prawidłowo
correlate,korelować
correlation,korelacja
correspond,korespondować
correspondence,korespondencja
correspondent,korespondent
corresponding,odpowiadający
corridor,korytarz
corrupt,skorumpowany
corruption,korupcja
cost,koszt
cost,koszt
costly,kosztowny
costume,kostium
cottage,domek
cotton,bawełna
could,może
council,rada
councillor,radny
counselling,doradztwo
counsellor,doradca
count,liczyć
count,liczyć
counter,licznik
counter,licznik
counterpart,odpowiednik
countless,niezliczony
country,kraj
countryside,wieś
county,powiat
coup,zamach stanu
couple,para
courage,odwaga
course,kurs
court,sąd
courtesy,uprzejmość
cousin,kuzyn
cover,okładka
cover,okładka
coverage,zasięg
covered,objęty
cow,krowa
crack,pęknięcie
crack,pęknięcie
craft,rzemiosło
craft,rzemiosło
crash,awaria
crash,awaria
crawl,czołgać się
crazy,szalony
cream,krem
cream,krem
create,tworzyć
creation,kreacja
creative,kreatywny
creativity,kreatywność
creator,twórca
creature,stworzenie
credibility,wiarygodność
credible,wiarygodny
credit,kredyt
credit,kredyt
creep,pełzanie
crew,załoga
crime,przestępstwo
criminal,przestępca
criminal,przestępca
crisis,kryzys
criterion,kryterium
critic,krytyk
critical,krytyczny
critically,krytycznie
criticism,krytyka
criticize,krytykować
critique,krytyka
crop,uprawa
cross,krzyż
cross,krzyż
crowd,tłum
crowded,zatłoczony
crown,korona
crucial,kluczowy
crude,surowy
cruel,okrutny
cruise,rejs
cruise,rejs
crush,zmiażdżenie
cry,płacz
cry,płacz
crystal,kryształ
cue,wskazówka
cult,kultowy
cult,kultowy
cultivate,kultywować
cultural,kulturalny
culture,kultura
cup,filiżanka
cupboard,szafka
cure,wyleczenie
cure,wyleczenie
curiosity,ciekawość
curious,ciekawy
curly,kędzierzawy
currency,waluta
current,bieżący
current,bieżący
currently,obecnie
curriculum,program nauczania
curtain,kurtyna
curve,krzywa
curve,krzywa
curved,zakrzywiony
custody,opieka
custom,niestandardowy
customer,klient
cut,cięcie
cut,cięcie
cute,słodki
cutting,cięcie
cycle,cykl
cycle,cykl
cynical,cyniczny
dad,tata
daily,codzienny
daily,codzienny
dairy,nabiał
dairy,nabiał
dam,tama
damage,uszkodzenie
damage,uszkodzenie
damaging,szkodliwy
dance,taniec
dance,taniec
dancer,tancerz
dancing,taniec
danger,niebezpieczeństwo
dangerous,niebezpieczny
dare,odwaga
dark,ciemność
dark,ciemność
darkness,ciemność
data,dane
database,baza danych
date,data
date,data
daughter,córka
dawn,świt
day,dzień
dead,martwy
deadline,termin
deadly,śmiertelny
deal,transakcja
deal,transakcja
dealer,dealer
dear,drogi
dear,drogi
death,śmierć
debate,debata
debate,debata
debris,gruz
debt,dług
debut,debiut
decade,dekada
December,Grudzień
decent,przyzwoity
decide,decydować
decision,decyzja
decision-making,podejmowanie decyzji
decisive,decydujący
deck,pokład
declaration,deklaracja
declare,deklaracja
decline,spadek
decline,spadek
decorate,dekoracja
decoration,dekoracja
decrease,spadek
decrease,spadek
dedicated,dedykowany
dedication,poświęcenie
deed,czyn
deem,uważać
deep,głęboki
deep,głęboki
deeply,głęboko
default,domyślny
defeat,porażka
defeat,porażka
defect,wada
defence,obrona
defend,bronić
defender,obrońca
defensive,defensywny
deficiency,niedobór
deficit,deficyt
define,definiować
definite,określony
definitely,zdecydowanie
definition,definicja
defy,przeciwstawiać się
degree,stopień
delay,opóźnienie
delay,opóźnienie
delegate,delegat
delegation,delegacja
delete,usunąć
deliberate,celowy
deliberately,celowo
delicate,delikatny
delicious,pyszny
delight,rozkosz
delight,rozkosz
delighted,zachwycony
deliver,dostarczać
delivery,dostawa
demand,popyt
demand,popyt
democracy,demokracja
democratic,demokratyczny
demon,demon
demonstrate,demonstrować
demonstration,demonstracja
denial,zaprzeczenie
denounce,potępienie
dense,gęsty
density,gęstość
dentist,dentysta
deny,zaprzeczenie
depart,odlot
department,dział
departure,odlot
depend,zależność
dependence,zależność
dependent,zależny
depict,obraz
deploy,wdrożenie
deployment,wdrożenie
deposit,depozyt
deposit,depozyt
depressed,przygnębiony
depressing,przygnębiający
depression,depresja
deprive,pozbawiać
depth,głębokość
deputy,zastępca
derive,czerpać
descend,zejść
descent,zejście
describe,opisywać
description,opis
desert,pustynia
desert,pustynia
deserve,zasługa
design,projekt
design,projekt
designate,wyznaczyć
designer,projektant
desirable,pożądany
desire,pragnienie
desire,pragnienie
desk,biurko
desktop,pulpit
desperate,zdesperowany
desperately,rozpaczliwie
despite,pomimo
destination,miejsce docelowe
destroy,zniszczyć
destruction,zniszczenie
destructive,destrukcyjny
detail,szczegół
detail,szczegół
detailed,szczegółowy
detain,zatrzymanie
detect,wykrycie
detection,wykrywanie
detective,detektyw
detention,zatrzymanie
deteriorate,pogorszyć się
determination,determinacja
determine,określać
determined,określony
devastate,zniszczyć
develop,rozwijać się
development,rozwój
device,urządzenie
devil,diabeł
devise,obmyślać
devote,poświęcenie
diagnose,diagnoza
diagnosis,diagnoza
diagram,wykres
dialogue,dialog
diamond,diament
diary,pamiętnik
dictate,dyktować
dictator,dyktator
dictionary,słownik
die,umierać
diet,dieta
differ,różnić się
difference,różnica
different,inny
differentiate,rozróżniać
differently,inaczej
difficult,trudny
difficulty,trudność
dig,kopać
digital,cyfrowy
dignity,godność
dilemma,dylemat
dimension,wymiar
diminish,zmniejszać się
dinner,kolacja
dip,zanurzenie
diplomat,dyplomata
diplomatic,dyplomatyczny
direct,bezpośredni
direct,bezpośredni
direct,bezpośredni
direction,kierunek
directly,bezpośrednio
director,dyrektor
directory,katalog
dirt,brud
dirty,brudny
disability,niepełnosprawność
disabled,wyłączony
disadvantage,wada
disagree,nie zgadzać się
disagreement,niezgoda
disappear,zniknąć
disappoint,rozczarowanie
disappointed,rozczarowany
disappointing,rozczarowujący
disappointment,rozczarowanie
disaster,katastrofa
disastrous,katastrofalny
disc,dysk
discard,odrzut
discharge,absolutorium
discipline,dyscyplina
disclose,ujawniać
disclosure,ujawnienie
discount,rabat
discount,rabat
discourage,zniechęcać
discourse,dyskurs
discover,odkrycie
discovery,odkrycie
discretion,dyskrecja
discrimination,dyskryminacja
discuss,dyskutować
discussion,dyskusja
disease,choroba
dish,danie
dishonest,nieuczciwy
disk,dysk
dislike,niechęć
dislike,niechęć
dismiss,zwolnienie
dismissal,zwolnienie
disorder,zaburzenie
displace,wypierać
display,wyświetlacz
display,wyświetlacz
disposal,utylizacja
dispose,utylizacja
dispute,spór
dispute,spór
disrupt,zakłócać
disruption,zakłócenie
dissolve,rozpuszczać się
distance,odległość
distant,odległy
distinct,wyraźny
distinction,wyróżnienie
distinctive,charakterystyczny
distinguish,rozróżniać
distort,zniekształcenie
distract,rozproszenie
distress,niepokój
distress,niepokój
distribute,dystrybucja
distribution,dystrybucja
district,okręg
disturb,przeszkadzać
disturbing,niepokojący
dive,nurkowanie
dive,nurkowanie
diverse,zróżnicowany
diversity,różnorodność
divert,przekierowanie
divide,podział
divide,podział
divine,boski
division,podział
divorce,rozwód
divorce,rozwód
divorced,rozwiedziony
do,robić
do,robić
doctor,lekarz
doctrine,doktryna
document,dokument
document,dokument
documentary,dokument
documentation,dokumentacja
dog,pies
dollar,dolar
domain,domena
domestic,krajowy
dominance,dominacja
dominant,dominujący
dominate,dominować
donate,darowizna
donation,darowizna
donor,dawca
door,drzwi
dose,dawka
dot,kropka
double,podwójny
double,podwójny
double,podwójny
double,podwójny
double,podwójny
doubt,wątpliwość
doubt,wątpliwość
down,w dół
down,w dół
download,pobieranie
download,pobieranie
downstairs,na dole
downstairs,na dole
downtown,centrum miasta
downtown,centrum miasta
downtown,centrum miasta
downwards,w dół
dozen,tuzin
dozen,tuzin
draft,projekt
draft,projekt
drag,przeciąganie
drain,odpływ
drama,dramat
dramatic,dramatyczny
dramatically,dramatycznie
draw,losowanie
drawing,rysunek
dream,marzenie
dream,marzenie
dress,sukienka
dress,sukienka
dressed,ubrany
drift,dryf
drink,napój
drink,napój
drive,napęd
drive,napęd
driver,kierowca
driving,jazda
driving,jazda
drop,spadek
drop,spadek
drought,susza
drown,utonąć
drug,lek
drum,bęben
drunk,pijany
dry,suchy
dry,suchy
dual,podwójny
dub,dub
due,należny
dull,nudny
dumb,głupi
dump,wysypisko
duo,duet
duration,czas trwania
during,podczas
dust,pył
duty,obowiązek
DVD,DVD
dynamic,dynamiczny
dynamic,dynamiczny
each,każdy
each,każdy
each,każdy
eager,chętny
ear,ucho
early,wczesny
early,wczesny
earn,zarabiać
earnings,zarobki
earth,ziemia
earthquake,trzęsienie ziemi
ease,łatwość
ease,łatwość
easily,łatwo
east,wschód
east,wschód
east,wschód
eastern,wschodni
easy,łatwy
eat,jeść
echo,echo
echo,echo
ecological,ekologiczny
economic,ekonomiczny
economics,ekonomia
economist,ekonomista
economy,ekonomia
edge,krawędź
edit,edytować
edition,edycja
editor,redaktor
editorial,redakcyjny
educate,kształcić
educated,wykształcony
education,edukacja
educational,edukacyjny
educator,wychowawca
effect,efekt
effective,skuteczny
effectively,skutecznie
effectiveness,efektywność
efficiency,efektywność
efficient,skuteczny
efficiently,efektywnie
effort,wysiłek
egg,jajko
ego,ego
eight,osiem
eighteen,osiemnaście
eighty,osiemdziesiąt
either,albo
either,albo
either,albo
elaborate,opracowanie
elbow,łokieć
elderly,osoby starsze
elect,wybrany
election,wybory
electoral,wyborczy
electric,elektryczny
electrical,elektryczny
electricity,elektryczność
electronic,elektroniczny
electronics,elektronika
elegant,elegancki
element,element
elementary,elementarny
elephant,słoń
elevate,podnieść
eleven,jedenaście
eligible,uprawniony
eliminate,wyeliminować
elite,elita
else,inny
elsewhere,gdzie indziej
email,e-mail
email,e-mail
embark,embark
embarrassed,zakłopotany
embarrassing,kłopotliwy
embarrassment,zakłopotanie
embassy,ambasada
embed,osadzony
embody,ucieleśnienie
embrace,uścisk
emerge,pojawić się
emergence,pojawienie się
emergency,nagły wypadek
emission,emisja
emotion,emocja
emotional,emocjonalny
emotionally,emocjonalnie
emphasis,nacisk
emphasize,podkreślać
empire,imperium
empirical,empiryczny
employ,zatrudniać
employee,pracownik
employer,pracodawca
employment,zatrudnienie
empower,uprawnienie
empty,pusty
empty,pusty
enable,włączyć
enact,uchwalać
encompass,obejmować
encounter,spotkanie
encounter,spotkanie
encourage,zachęcać
encouragement,zachęta
encouraging,zachęcający
end,koniec
end,koniec
endeavour,wysiłek
ending,zakończenie
endless,nieskończony
endorse,poparcie
endorsement,poparcie
endure,wytrzymać
enemy,wróg
energy,energia
enforce,egzekwować
enforcement,egzekwowanie
engage,zaangażowanie
engaged,zaangażowany
engagement,zaangażowanie
engaging,angażujący
engine,silnik
engineer,inżynier
engineering,inżynieria
enhance,wzmocnienie
enjoy,cieszyć się
enjoyable,przyjemny
enormous,ogromny
enough,wystarczająco
enough,wystarczająco
enough,wystarczająco
enquire,zapytanie
enquiry,zapytanie
enrich,bogaty
enrol,zapisać się
ensue,kontynuować
ensure,zapewnić
enter,wejść
enterprise,przedsiębiorstwo
entertain,rozrywka
entertaining,rozrywka
entertainment,rozrywka
enthusiasm,entuzjazm
enthusiast,entuzjasta
enthusiastic,entuzjastyczny
entire,całość
entirely,całkowicie
entitle,tytuł
entity,podmiot
entrance,wejście
entrepreneur,przedsiębiorca
entry,wejście
envelope,koperta
environment,środowisko
environmental,środowiskowy
epidemic,epidemia
episode,odcinek
equal,równy
equal,równy
equal,równy
equality,równość
equally,jednakowo
equation,równanie
equip,wyposażenie
equipment,wyposażenie
equivalent,odpowiednik
equivalent,odpowiednik
era,era
erect,wyprostowany
error,błąd
erupt,wybuch
escalate,eskalować
escape,ucieczka
escape,ucieczka
especially,zwłaszcza
essay,esej
essence,istota
essential,niezbędny
essentially,zasadniczo
establish,ustanowienie
establishment,ustanowienie
estate,majątek
estimate,szacunek
estimate,szacunek
eternal,wieczny
ethic,etyka
ethical,etyczny
ethnic,etniczny
euro,euro
evacuate,ewakuować się
evaluate,oceniać
evaluation,ocena
even,nawet
even,nawet
evening,wieczór
event,wydarzenie
eventually,w końcu
ever,kiedykolwiek
every,każdy
everybody,wszyscy
everyday,codzienny
everyone,każdy
everything,wszystko
everywhere,wszędzie
evidence,dowód
evident,oczywisty
evil,zło
evil,zło
evoke,wywoływać
evolution,ewolucja
evolutionary,ewolucyjny
evolve,ewoluować
exact,dokładny
exactly,dokładnie
exaggerate,przesadzać
exam,egzamin
examination,badanie
examine,badanie
example,przykład
exceed,przekraczać
excellence,doskonałość
excellent,doskonały
except,z wyjątkiem
except,z wyjątkiem
exception,wyjątek
exceptional,wyjątkowy
excess,nadmiar
excess,nadmiar
excessive,nadmierny
exchange,wymiana
exchange,wymiana
excited,podekscytowany
excitement,podniecenie
exciting,ekscytujący
exclude,wykluczyć
exclusion,wykluczenie
exclusive,ekskluzywny
exclusively,wyłącznie
excuse,wymówka
excuse,wymówka
execute,wykonać
execution,wykonanie
executive,wykonawczy
executive,wykonawczy
exercise,ćwiczenie
exercise,ćwiczenie
exert,wywierać
exhibit,wystawa
exhibit,wystawa
exhibition,wystawa
exile,wygnanie
exist,istnieć
existence,istnienie
exit,wyjście
exit,wyjście
exotic,egzotyczny
expand,rozwinąć się
expansion,ekspansja
expect,oczekiwać
expectation,oczekiwanie
expected,oczekiwany
expedition,wyprawa
expenditure,wydatki
expense,wydatek
expensive,drogi
experience,doświadczenie
experience,doświadczenie
experienced,doświadczony
experiment,eksperyment
experiment,eksperyment
experimental,eksperymentalny
expert,ekspert
expert,ekspert
expertise,ekspertyza
expire,wygaśnięcie
explain,wyjaśniać
explanation,wyjaśnienie
explicit,wyraźny
explicitly,wyraźnie
explode,eksplodować
exploit,wykorzystanie
exploitation,eksploatacja
exploration,eksploracja
explore,odkrywać
explosion,wybuch
explosive,wybuchowy
explosive,wybuchowy
export,eksport
export,eksport
expose,ekspozycja
exposure,ekspozycja
express,ekspresowy
expression,wyrażenie
extend,rozszerzenie
extension,rozszerzenie
extensive,obszerny
extensively,szeroko
extent,zakres
external,zewnętrzny
extra,ekstra
extra,ekstra
extra,ekstra
extract,wyciąg
extract,wyciąg
extraordinary,nadzwyczajny
extreme,ekstremalny
extreme,ekstremalny
extremely,niezwykle
extremist,ekstremista
eye,oko
fabric,tkanina
fabulous,bajeczny
face,twarz
face,twarz
facilitate,ułatwienie
facility,obiekt
fact,fakt
faction,frakcja
factor,czynnik
factory,fabryka
faculty,wydział
fade,zanikanie
fail,zawieść
failed,nieudany
failure,awaria
fair,uczciwy
fairly,sprawiedliwie
fairness,sprawiedliwość
faith,wiara
fake,fałszywy
fall,spadek
fall,spadek
false,fałszywy
fame,sława
familiar,znajomy
family,rodzina
family,rodzina
famous,sławny
fan,fan
fancy,fantazyjny
fancy,fantazyjny
fantastic,fantastyczny
fantasy,fantazja
far,daleko
far,daleko
fare,taryfa
farm,farma
farm,farma
farmer,rolnik
farming,rolnictwo
fascinating,fascynujący
fashion,moda
fashionable,modny
fast,szybki
fast,szybki
fasten,zapięcie
fat,tłuszcz
fat,tłuszcz
fatal,fatalny
fate,los
father,ojciec
fault,błąd
favour,przysługa
favour,przysługa
favourable,korzystny
favourite,ulubiony
favourite,ulubiony
fear,strach
fear,strach
feat,wyczyn
feather,pióro
feature,cecha
feature,cecha
February,Luty
federal,federalny
fee,opłata
feed,pasza
feed,pasza
feedback,informacja zwrotna
feeding,karmienie
feel,odczucie
feel,odczucie
feeling,uczucie
fellow,kolega
female,kobieta
female,kobieta
feminist,feministka
feminist,feministka
fence,ogrodzenie
festival,festiwal
fever,gorączka
few,niewiele
few,niewiele
few,niewiele
fibre,włókno
fiction,fikcja
field,pole
fierce,zaciekły
fifteen,piętnaście
fifth,piąty
fifty,pięćdziesiąt
fight,walka
fight,walka
fighting,walka
figure,liczba
figure,liczba
file,plik
file,plik
fill,wypełnienie
film,film
film,film
film-maker,filmowiec
filter,filtr
filter,filtr
final,finał
final,finał
finally,w końcu
finance,finanse
finance,finanse
financial,finansowy
find,znaleźć
finding,odkrycie
fine,w porządku
fine,w porządku
fine,w porządku
finger,palec
finish,wykończenie
finish,wykończenie
fire,ogień
fire,ogień
firearm,broń palna
firefighter,strażak
firework,fajerwerk
firm,firma
firm,firma
firmly,zdecydowanie
first,pierwszy
first,pierwszy
first,pierwszy
first,pierwszy
firstly,po pierwsze
fish,ryba
fish,ryba
fishing,wędkarstwo
fit,dopasowanie
fit,dopasowanie
fit,dopasowanie
fitness,fitness
five,pięć
fix,poprawka
fix,poprawka
fixed,stały
fixture,mocowanie
flag,flaga
flame,płomień
flash,błysk
flash,błysk
flat,płaski
flat,płaski
flavour,smak
flaw,wada
flawed,wadliwy
flee,uciekać
fleet,flota
flesh,miąższ
flexibility,elastyczność
flexible,elastyczny
flight,lot
float,pływak
flood,powódź
flood,powódź
floor,podłoga
flour,mąka
flourish,rozkwitać
flow,przepływ
flow,przepływ
flower,kwiat
flu,grypa
fluid,płyn
fly,latać
fly,latać
flying,latanie
flying,latanie
focus,ostrość
focus,ostrość
fold,zagięcie
fold,zagięcie
folding,składanie
folk,ludowy
folk,ludowy
follow,śledzić
following,następujący
following,następujący
following,następujący
fond,pieszczota
food,jedzenie
fool,głupiec
foot,stopa
footage,materiał filmowy
football,piłka nożna
for,dla
forbid,zabronić
force,siła
force,siła
forecast,prognoza
forecast,prognoza
foreign,zagraniczny
foreigner,cudzoziemiec
forest,las
forever,na zawsze
forge,kuźnia
forget,zapomnieć
forgive,wybaczać
fork,widelec
form,forma
form,forma
formal,formalny
format,format
formation,formacja
former,były
formerly,dawniej
formula,formuła
formulate,formułować
forth,naprzód
forthcoming,nadchodzący
fortunate,szczęśliwy
fortunately,na szczęście
fortune,szczęście
forty,czterdzieści
forum,forum
forward,do przodu
forward,do przodu
fossil,skamielina
foster,zastępca
found,znaleziony
foundation,fundacja
founder,założyciel
four,cztery
fourteen,czternaście
fourth,czwarty
fraction,frakcja
fragile,delikatny
fragment,fragment
frame,ramka
frame,ramka
framework,ramy
franchise,franczyza
frankly,szczerze
fraud,oszustwo
free,darmowy
free,darmowy
free,darmowy
freedom,wolność
freely,swobodnie
freeze,zamrożenie
frequency,częstotliwość
frequent,częsty
frequently,często
fresh,świeży
Friday,Piątek
fridge,lodówka
friend,przyjaciel
friendly,przyjazny
friendship,przyjaźń
frighten,straszyć
frightened,przestraszony
frightening,przerażający
frog,żaba
from,z
front,przód
front,przód
frozen,zamrożony
fruit,owoc
frustrated,sfrustrowany
frustrating,frustrujący
frustration,frustracja
fry,narybek
fuel,paliwo
fuel,paliwo
fulfil,spełnienie
full,pełny
full-time,w pełnym wymiarze godzin
full-time,w pełnym wymiarze godzin
fully,w pełni
fun,zabawa
fun,zabawa
function,funkcja
function,funkcja
functional,funkcjonalny
fund,fundusz
fund,fundusz
fundamental,fundamentalny
fundamentally,zasadniczo
funding,finansowanie
fundraising,zbieranie funduszy
funeral,pogrzeb
funny,zabawny
fur,futro
furious,wściekły
furniture,meble
further,dalej
further,dalej
furthermore,ponadto
future,przyszłość
future,przyszłość
gain,zysk
gain,zysk
gallery,galeria
gallon,galon
gambling,hazard
game,gra
gaming,gra
gang,gang
gap,luka
garage,garaż
garden,ogród
gas,gaz
gate,brama
gather,gromadzić się
gathering,gromadzenie
gay,gej
gaze,spojrzenie
gaze,spojrzenie
gear,sprzęt
gender,płeć
gene,gen
general,ogólny
generally,ogólnie
generate,generować
generation,generacja
generic,ogólny
generous,hojny
genetic,genetyczny
genius,geniusz
genocide,ludobójstwo
genre,gatunek
gentle,łagodny
gentleman,dżentelmen
genuine,autentyczny
genuinely,rzeczywiście
geography,geografia
gesture,gest
get,uzyskać
ghost,duch
giant,gigant
giant,gigant
gift,prezent
gig,koncert
girl,dziewczyna
girlfriend,dziewczyna
give,dawać
glad,zadowolony
glance,spojrzenie
glance,spojrzenie
glass,szkło
glimpse,spojrzenie
global,globalny
globalization,globalizacja
globe,glob
glorious,chwalebny
glory,chwała
glove,rękawica
go,iść
go,iść
goal,cel
god,bóg
gold,złoto
gold,złoto
golden,złoty
golf,golf
good,dobry
good,dobry
goodbye,pożegnanie
goodbye,pożegnanie
goodness,dobroć
goods,towary
gorgeous,wspaniały
govern,rządzić
governance,zarządzanie
government,rząd
governor,gubernator
grab,chwyt
grace,łaska
grade,gatunek
grade,gatunek
gradually,stopniowo
graduate,absolwent
graduate,absolwent
grain,ziarno
grand,wielki
grandfather,dziadek
grandmother,babcia
grandparent,dziadek
grant,dotacja
grant,dotacja
graphic,grafika
graphics,grafika
grasp,chwyt
grasp,chwyt
grass,trawa
grateful,wdzięczny
grave,grób
grave,grób
gravity,grawitacja
great,świetny
greatly,znacznie
green,zielony
green,zielony
greenhouse,szklarnia
greet,pozdrowienie
grey,szary
grey,szary
grid,siatka
grief,żal
grin,uśmiech
grin,uśmiech
grind,szlifować
grip,przyczepność
grip,przyczepność
grocery,spożywczy
gross,brutto
ground,ziemia
group,grupa
grow,rosnąć
growth,wzrost
guarantee,gwarancja
guarantee,gwarancja
guard,strażnik
guard,strażnik
guerrilla,partyzantka
guess,przypuszczenie
guess,przypuszczenie
guest,gość
guidance,wytyczne
guide,przewodnik
guide,przewodnik
guideline,wytyczna
guilt,wina
guilty,winny
guitar,gitara
gun,pistolet
gut,jelito
guy,facet
gym,siłownia
habit,nawyk
habitat,siedlisko
hail,grad
hair,włosy
half,połowa
half,połowa
half,połowa
half,połowa
halfway,w połowie drogi
hall,hala
halt,zatrzymanie
halt,zatrzymanie
hand,ręka
hand,ręka
handful,garść
handle,uchwyt
handle,uchwyt
handling,obsługa
handy,poręczny
hang,wisieć
happen,zdarzyć się
happily,szczęśliwie
happiness,szczęście
happy,szczęśliwy
harassment,nękanie
harbour,port
hard,twardy
hard,twardy
hardly,mało
hardware,sprzęt
harm,krzywda
harm,krzywda
harmful,szkodliwy
harmony,harmonia
harsh,surowy
harvest,zbiory
harvest,zbiory
hat,kapelusz
hate,nienawiść
hate,nienawiść
hatred,nienawiść
haunt,nawiedzenie
have,mieć
have,mieć
have to,mieć
hazard,zagrożenie
he,on
head,głowa
head,głowa
headache,ból głowy
headline,nagłówek
headquarters,centrala
heal,leczyć
health,zdrowie
healthcare,opieka zdrowotna
healthy,zdrowy
hear,słyszeć
hearing,przesłuchanie
heart,serce
heat,ciepło
heat,ciepło
heating,ogrzewanie
heaven,niebo
heavily,mocno
heavy,ciężki
heel,pięta
height,wysokość
heighten,wzrost
helicopter,helikopter
hell,piekło
hello,cześć
hello,cześć
helmet,kask
help,pomoc
help,pomoc
helpful,pomocny
hence,stąd
her,ona
her,ona
herb,zioło
here,tutaj
heritage,dziedzictwo
hero,bohater
hers,ona
herself,ona sama
hesitate,wahać się
hey,hej
hi,cześć
hidden,ukryty
hide,ukrycie
hierarchy,hierarchia
high,wysoki
high,wysoki
high,wysoki
high-profile,głośny
highlight,wyróżnienie
highlight,wyróżnienie
highly,wysoko
highway,autostrada
hilarious,zabawny
hill,wzgórze
him,on
himself,sam
hint,wskazówka
hint,wskazówka
hip,biodro
hire,wynajem
hire,wynajem
his,jego
his,jego
historian,historyk
historic,historyczny
historical,historyczny
history,historia
hit,trafienie
hit,trafienie
hobby,hobby
hockey,hokej
hold,trzymać
hold,trzymać
hole,dziura
holiday,święto
hollow,zagłębienie
holy,święty
home,dom
home,dom
home,dom
homeland,ojczyzna
homeless,bezdomny
homework,praca domowa
honest,uczciwy
honesty,uczciwość
honour,honor
honour,honor
hook,hak
hook,hak
hope,nadzieja
hope,nadzieja
hopeful,pełen nadziei
hopefully,miejmy nadzieję
horizon,horyzont
horn,róg
horrible,okropny
horror,horror
horse,koń
hospital,szpital
host,gospodarz
host,gospodarz
hostage,zakładnik
hostile,wrogi
hostility,wrogość
hot,gorący
hotel,hotel
hour,godzina
house,dom
house,dom
household,gospodarstwo domowe
housing,obudowa
how,jak
however,jednak
huge,ogromny
human,człowiek
human,człowiek
humanitarian,humanitarny
humanity,człowieczeństwo
humble,skromny
humorous,humorystyczny
humour,humor
hundred,sto
hunger,głód
hungry,głodny
hunt,polowanie
hunt,polowanie
hunting,polowanie
hurricane,huragan
hurry,pośpiech
hurry,pośpiech
hurt,zraniony
hurt,zraniony
hurt,zraniony
husband,mąż
hydrogen,wodór
hypothesis,hipoteza
I,I
ice,lód
ice cream,lody
icon,ikona
ID,ID
idea,pomysł
ideal,idealny
ideal,idealny
identical,identyczny
identification,identyfikacja
identify,identyfikować
identity,tożsamość
ideological,ideologiczny
ideology,ideologia
idiot,idiota
if,jeśli
ignorance,ignorancja
ignore,ignorować
ill,chory
illegal,nielegalny
illness,choroba
illusion,iluzja
illustrate,zilustrować
illustration,ilustracja
image,obraz
imagery,obraz
imaginary,wyimaginowany
imagination,wyobraźnia
imagine,wyobrażać sobie
immediate,natychmiastowy
immediately,natychmiast
immense,ogromny
immigrant,imigrant
immigration,imigracja
imminent,nieuchronny
immune,odporność
impact,wpływ
impact,wpływ
impatient,niecierpliwy
implement,wdrożenie
implementation,wdrożenie
implication,implikacja
imply,sugerować
import,import
import,import
importance,znaczenie
important,ważny
impose,nakładać
impossible,niemożliwe
impress,imponować
impressed,pod wrażeniem
impression,wrażenie
impressive,imponujący
imprison,więzienie
imprisonment,pozbawienie wolności
improve,poprawa
improvement,poprawa
in,w
in,w
inability,niezdolność
inadequate,nieodpowiedni
inappropriate,nieodpowiedni
incentive,zachęta
inch,cal
incidence,występowanie
incident,incydent
inclined,skłonny
include,zawierać
included,w zestawie
including,w tym
inclusion,włączenie
income,dochód
incorporate,włączony
incorrect,nieprawidłowy
increase,wzrost
increase,wzrost
increasingly,coraz bardziej
incredible,niesamowity
incredibly,niewiarygodnie
incur,ponosić
indeed,rzeczywiście
independence,niezależność
independent,niezależny
index,indeks
indicate,wskazywać
indication,wskazanie
indicator,wskaźnik
indictment,akt oskarżenia
indigenous,rdzenny
indirect,pośredni
individual,indywidualny
individual,indywidualny
indoor,kryty
indoors,w pomieszczeniach
induce,indukować
indulge,pobłażać
industrial,przemysłowy
industry,przemysł
inequality,nierówność
inevitable,nieunikniony
inevitably,nieuchronnie
infamous,niesławny
infant,niemowlę
infect,infekować
infection,infekcja
infer,wnioskować
inflation,inflacja
inflict,zadawać
influence,wpływ
influence,wpływ
influential,wpływowy
info,info
inform,informacja
informal,nieformalny
information,informacja
infrastructure,infrastruktura
ingredient,składnik
inhabitant,mieszkaniec
inherent,nieodłączny
inherit,dziedziczyć
inhibit,hamować
initial,początkowy
initially,początkowo
initiate,inicjować
initiative,inicjatywa
inject,zastrzyk
injection,wtrysk
injure,zranić
injured,ranny
injury,uraz
injustice,niesprawiedliwość
ink,atrament
inmate,więzień
inner,wewnętrzny
innocent,niewinny
innovation,innowacja
innovative,innowacyjny
input,wkład
inquiry,zapytanie
insect,owad
insert,wkładka
insertion,wstawienie
inside,wewnątrz
inside,wewnątrz
inside,wewnątrz
inside,wewnątrz
insider,insider
insight,wgląd
insist,nalegać
inspect,kontrola
inspection,kontrola
inspector,inspektor
inspiration,inspiracja
inspire,inspirować
install,instalacja
installation,instalacja
instance,instancja
instant,natychmiastowy
instantly,natychmiast
instead,zamiast tego
instinct,instynkt
institute,instytut
institution,instytucja
institutional,instytucjonalny
instruct,instrukcja
instruction,instrukcja
instructor,instruktor
instrument,instrument
instrumental,instrumentalny
insufficient,niewystarczający
insult,obraza
insult,obraza
insurance,ubezpieczenie
intact,nienaruszony
intake,spożycie
integral,integralny
integrate,zintegrować
integrated,zintegrowany
integration,integracja
integrity,integralność
intellectual,intelektualny
intellectual,intelektualny
intelligence,inteligencja
intelligent,inteligentny
intend,zamierzony
intended,zamierzony
intense,intensywny
intensify,nasilać się
intensity,intensywność
intensive,intensywny
intent,zamiar
intention,zamiar
interact,interakcja
interaction,interakcja
interactive,interaktywny
interest,zainteresowanie
interest,zainteresowanie
interested,zainteresowany
interesting,interesujący
interface,interfejs
interfere,przeszkadzać
interference,ingerencja
interim,przejściowy
interior,wnętrze
interior,wnętrze
intermediate,pośredni
internal,wewnętrzny
international,międzynarodowy
internet,internet
interpret,interpretacja
interpretation,interpretacja
interrupt,przerwać
interval,interwał
intervene,interweniować
intervention,interwencja
interview,wywiad
interview,wywiad
intimate,intymny
into,do
intriguing,intrygujący
introduce,wprowadzenie
introduction,wprowadzenie
invade,inwazja
invasion,inwazja
invent,wymyślać
invention,wynalazek
invest,inwestować
investigate,zbadać
investigation,dochodzenie
investigator,badacz
investment,inwestycja
investor,inwestor
invisible,niewidoczny
invitation,zaproszenie
invite,zaproszenie
invoke,wywołanie
involve,obejmować
involved,zaangażowany
involvement,zaangażowanie
iron,żelazo
iron,żelazo
ironic,ironiczny
ironically,ironicznie
irony,ironia
irrelevant,nieistotny
island,wyspa
isolate,izolat
isolated,izolowany
isolation,izolacja
issue,wydanie
issue,wydanie
IT,IT
it,to
item,pozycja
its,jego
itself,sam
jacket,kurtka
jail,więzienie
jail,więzienie
jam,zacięcie
January,Styczeń
jazz,jazz
jeans,dżinsy
jet,strumień
jewellery,biżuteria
job,praca
join,dołączyć
joint,połączenie
joint,połączenie
joke,żart
joke,żart
journal,dziennik
journalism,dziennikarstwo
journalist,dziennikarz
journey,podróż
joy,radość
judge,sędzia
judge,sędzia
judgement,wyrok
judicial,sądowy
juice,sok
July,Lipiec
jump,skok
jump,skok
junction,połączenie
June,Czerwiec
junior,junior
jurisdiction,jurysdykcja
jury,jury
just,po prostu
just,po prostu
justice,sprawiedliwość
justification,uzasadnienie
justify,uzasadnienie
keen,zapalony
keep,zachować
key,klucz
key,klucz
key,klucz
keyboard,klawiatura
kick,kopnięcie
kick,kopnięcie
kid,dziecko
kidnap,porwanie
kidney,nerka
kill,zabić
killing,zabijanie
kilometre,kilometr
kind,rodzaj
kind,rodzaj
king,król
kingdom,królestwo
kiss,pocałunek
kiss,pocałunek
kit,zestaw
kitchen,kuchnia
knee,kolano
knife,nóż
knock,pukanie
knock,pukanie
know,wiedzieć
knowledge,wiedza
lab,laboratorium
label,etykieta
label,etykieta
laboratory,laboratorium
labour,praca
lack,brak
lack,brak
lad,chłopak
ladder,drabina
lady,dama
lake,jezioro
lamp,lampa
land,ziemia
land,ziemia
landing,lądowanie
landlord,właściciel
landmark,punkt orientacyjny
landscape,krajobraz
lane,pas ruchu
language,język
lap,okrążenie
laptop,laptop
large,duży
large-scale,na dużą skalę
largely,w dużej mierze
laser,laser
last,ostatni
last,ostatni
last,ostatni
last,ostatni
late,późno
late,późno
lately,ostatnio
later,później
later,później
latest,najnowszy
latest,najnowszy
latter,ten ostatni
latter,ten ostatni
laugh,śmiech
laugh,śmiech
laughter,śmiech
launch,start
launch,start
law,prawo
lawn,trawnik
lawsuit,pozew
lawyer,prawnik
lay,świecki
layer,warstwa
layout,układ
lazy,leniwy
lead,ołów
lead,ołów
leader,lider
leadership,przywództwo
leading,prowadzący
leaf,liść
leaflet,ulotka
league,liga
leak,wyciek
leak,wyciek
lean,chudy
leap,skok
leap,skok
learn,uczyć się
learning,nauka
least,najmniej
least,najmniej
least,najmniej
leather,skóra
leave,urlop
leave,urlop
lecture,wykład
lecture,wykład
left,lewy
left,lewy
left,lewy
leg,noga
legacy,dziedzictwo
legal,legalny
legend,legenda
legendary,legendarny
legislation,ustawodawstwo
legislative,legislacyjny
legislature,ustawodawca
legitimate,legalny
leisure,wypoczynek
lemon,cytryna
lend,pożyczka
length,długość
lengthy,długi
lens,obiektyw
lesbian,lesbijka
less,mniej
less,mniej
less,mniej
lesser,mniejszy
lesson,lekcja
let,niech
lethal,śmiertelny
letter,list
level,poziom
level,poziom
level,poziom
liable,odpowiedzialny
liberal,liberalny
liberal,liberalny
liberation,wyzwolenie
liberty,wolność
library,biblioteka
licence,licencja
license,licencja
lie,kłamstwo
lie,kłamstwo
lie,kłamstwo
life,życie
lifelong,przez całe życie
lifestyle,styl życia
lifetime,czas życia
lift,winda
lift,winda
light,światło
light,światło
light,światło
lighting,oświetlenie
like,jak
like,jak
like,jak
likelihood,prawdopodobieństwo
likely,prawdopodobny
likewise,podobnie
limb,kończyna
limit,limit
limit,limit
limitation,ograniczenie
limited,ograniczony
line,linia
line,linia
line-up,skład
linear,liniowy
linger,palec
link,link
link,link
lion,lew
lip,warga
liquid,płyn
liquid,płyn
list,lista
list,lista
listen,słuchać
listener,słuchacz
listing,notowanie
literacy,umiejętność czytania i pisania
literally,dosłownie
literary,literacki
literature,literatura
litre,litr
litter,śmieci
little,mało
little,mało
little,mało
little,mało
live,na żywo
live,na żywo
live,na żywo
lively,żywy
liver,wątroba
living,życie
living,życie
load,obciążenie
load,obciążenie
loan,pożyczka
lobby,lobby
lobby,lobby
local,lokalny
local,lokalny
locate,zlokalizować
located,zlokalizowany
location,lokalizacja
lock,blokada
lock,blokada
log,dziennik
log,dziennik
logic,logika
logical,logiczny
logo,logo
lonely,samotny
long,długi
long,długi
long-standing,długotrwały
long-term,długoterminowy
long-term,długoterminowy
long-time,długotrwały
look,wygląd
look,wygląd
loom,krosno
loop,pętla
loose,luźny
lord,władca
lorry,ciężarówka
lose,przegrać
loss,strata
lost,utracony
lot,partia
lot,partia
lot,partia
lottery,loteria
loud,głośny
loud,głośny
loudly,głośno
love,miłość
love,miłość
lovely,uroczy
low,niski
low,niski
low,niski
lower,niższy
loyal,lojalny
loyalty,lojalność
luck,szczęście
lucky,szczęście
lunch,lunch
lung,płuco
luxury,luksus
luxury,luksus
lyric,tekst
machine,maszyna
machinery,maszyny
mad,szalony
magazine,magazyn
magic,magia
magic,magia
magical,magiczny
magistrate,sędzia
magnetic,magnetyczny
magnificent,wspaniały
magnitude,wielkość
mail,poczta
mail,poczta
main,główny
mainland,kontynent
mainly,głównie
mainstream,główny nurt
mainstream,główny nurt
maintain,utrzymanie
maintenance,konserwacja
major,główny
major,główny
majority,większość
make,marka
make,marka
make-up,makijaż
making,tworzenie
male,mężczyzna
male,mężczyzna
mall,centrum handlowe
man,mężczyzna
manage,zarządzać
management,zarządzanie
manager,kierownik
mandate,mandat
mandatory,obowiązkowy
manifest,manifest
manipulate,manipulować
manipulation,manipulacja
manner,sposób
manufacture,produkcja
manufacturing,produkcja
manuscript,manuskrypt
many,wiele
many,wiele
map,mapa
map,mapa
marathon,maraton
March,Marzec
march,marsz
march,marsz
margin,margines
marginal,marginalny
marine,morski
mark,znak
mark,znak
marker,znacznik
market,rynek
market,rynek
marketing,marketing
marketplace,rynek
marriage,małżeństwo
married,żonaty
marry,małżeństwo
martial,wojenny
mask,maska
mass,masa
mass,masa
massacre,masakra
massive,masywny
master,mistrz
master,mistrz
match,mecz
match,mecz
matching,dopasowanie
mate,kolega
mate,kolega
material,materiał
material,materiał
mathematical,matematyczny
mathematics,matematyka
maths,matematyka
matter,sprawa
matter,sprawa
mature,dojrzały
mature,dojrzały
maximize,maksymalizować
maximum,maksimum
maximum,maksimum
May,Maj
may,może
maybe,może
mayor,burmistrz
me,ja
meal,posiłek
mean,średni
meaning,znaczenie
meaningful,znaczący
means,oznacza
meantime,w międzyczasie
meanwhile,w międzyczasie
measure,miara
measure,miara
measurement,pomiar
meat,mięso
mechanic,mechanik
mechanical,mechaniczny
mechanism,mechanizm
medal,medal
media,media
medical,medyczny
medication,lek
medicine,medycyna
medieval,średniowiecze
meditation,medytacja
medium,średni
medium,średni
meet,spotkanie
meeting,spotkanie
melody,melodia
melt,stopić się
member,członek
membership,członkostwo
memo,notatka
memoir,wspomnienie
memorable,niezapomniany
memorial,pomnik
memory,pamięć
mental,psychiczny
mention,wzmianka
mention,wzmianka
mentor,mentor
menu,menu
merchant,kupiec
mercy,miłosierdzie
mere,tylko
merely,tylko
merge,połączenie
merger,fuzja
merit,zasługa
mess,bałagan
message,wiadomość
metal,metal
metaphor,metafora
method,metoda
methodology,metodologia
metre,metr
middle,środek
middle,środek
midnight,północ
midst,środek
might,może
migration,migracja
mild,łagodny
mile,mila
militant,bojownik
militant,bojownik
military,wojskowy
military,wojskowy
militia,milicja
milk,mleko
mill,młyn
million,milion
mind,umysł
mind,umysł
mine,kopalnia
mine,kopalnia
miner,górnik
mineral,minerał
minimal,minimalny
minimize,zminimalizować
minimum,minimum
minimum,minimum
mining,górnictwo
minister,minister
ministry,ministerstwo
minor,nieletni
minority,mniejszość
minute,minuta
minute,minuta
miracle,cud
mirror,lustro
miserable,nieszczęśliwy
misery,nieszczęście
misleading,mylący
miss,tęsknota
missile,pocisk
missing,brakujący
mission,misja
mistake,błąd
mistake,błąd
mix,mieszanka
mix,mieszanka
mixed,mieszany
mixture,mieszanka
mob,tłum
mobile,mobilny
mobile,mobilny
mobility,mobilność
mobilize,mobilizować
mode,tryb
model,model
model,model
moderate,umiarkowany
modern,nowoczesny
modest,skromny
modification,modyfikacja
modify,modyfikować
moment,moment
momentum,rozmach
Monday,Poniedziałek
money,pieniądze
monitor,monitor
monitor,monitor
monk,mnich
monkey,małpa
monopoly,monopol
monster,potwór
month,miesiąc
monthly,miesięcznik
monument,zabytek
mood,nastrój
moon,księżyc
moral,moralny
moral,moralny
morality,moralność
more,więcej
more,więcej
more,więcej
moreover,ponadto
morning,poranek
mortgage,hipoteka
mosque,meczet
most,większość
most,większość
most,większość
mostly,głównie
mother,matka
motion,ruch
motivate,motywować
motivation,motywacja
motive,motyw
motor,silnik
motor,silnik
motorcycle,motocykl
motorist,kierowca
mount,mocowanie
mountain,góra
mouse,mysz
mouth,usta
move,ruch
move,ruch
movement,ruch
movie,film
moving,ruchomy
much,dużo
much,dużo
much,dużo
mud,błoto
multiple,wielokrotność
multiply,mnożyć się
mum,mama
municipal,miejski
murder,morderstwo
murder,morderstwo
muscle,mięsień
museum,muzeum
music,muzyka
musical,muzyczny
musical,muzyczny
musician,muzyk
must,musi
mutual,wzajemny
my,mój
myself,ja
mysterious,tajemniczy
mystery,tajemnica
myth,mit
nail,gwóźdź
naked,nagi
name,nazwa
name,nazwa
namely,mianowicie
narrative,narracja
narrative,narracja
narrow,wąski
narrow,wąski
nasty,paskudny
nation,naród
national,krajowy
national,krajowy
nationwide,w całym kraju
native,rodzimy
native,rodzimy
natural,naturalny
naturally,naturalnie
nature,natura
naval,marynarka wojenna
navigation,nawigacja
near,w pobliżu
near,w pobliżu
near,w pobliżu
nearby,w pobliżu
nearby,w pobliżu
nearly,prawie
neat,schludny
necessarily,koniecznie
necessary,niezbędny
necessity,konieczność
neck,szyja
need,potrzeba
need,potrzeba
need,potrzeba
needle,igła
negative,negatywny
negative,negatywny
neglect,zaniedbanie
neglect,zaniedbanie
negotiate,negocjować
negotiation,negocjacje
neighbour,sąsiad
neighbourhood,sąsiedztwo
neighbouring,sąsiadujący
neither,ani
neither,ani
neither,ani
nerve,nerw
nervous,zdenerwowany
nest,gniazdo
net,netto
net,netto
network,sieć
neutral,neutralny
never,nigdy
nevertheless,niemniej jednak
new,nowy
newly,nowo
news,wiadomości
newsletter,newsletter
newspaper,gazeta
next,następny
next,następny
next,następny
next to,obok
nice,miły
niche,nisza
night,noc
nightmare,koszmar
nine,dziewięć
nineteen,dziewiętnaście
ninety,dziewięćdziesiąt
no,nie
no,nie
no one,nikt
noble,szlachetny
nobody,nikt
nod,ukłon
noise,hałas
noisy,hałaśliwy
nominate,nominować
nomination,nominacja
nominee,nominowany
non-profit,non-profit
none,brak
nonetheless,niemniej jednak
nonsense,nonsens
noon,południe
nor,ani
nor,ani
norm,norma
normal,normalny
normal,normalny
normally,normalnie
north,północ
north,północ
north,północ
northern,północny
nose,nos
not,nie
notable,godny uwagi
notably,w szczególności
note,uwaga
note,uwaga
notebook,notatnik
nothing,nic
notice,zawiadomienie
notice,zawiadomienie
notify,powiadomienie
notion,pojęcie
notorious,notoryczny
novel,powieść
novel,powieść
novelist,powieściopisarz
November,Listopad
now,teraz
now,teraz
nowadays,w dzisiejszych czasach
nowhere,nigdzie
nuclear,jądrowy
number,liczba
number,liczba
numerous,liczny
nurse,pielęgniarka
nursery,szkółka
nursing,pielęgnacja
nut,nakrętka
nutrition,odżywianie
o'clock,godzina
obesity,otyłość
obey,posłuszeństwo
object,obiekt
object,obiekt
objection,sprzeciw
objective,cel
objective,cel
obligation,obowiązek
oblige,zobowiązywać
observation,obserwacja
observe,obserwować
observer,obserwator
obsess,obsesja
obsession,obsesja
obstacle,przeszkoda
obtain,uzyskać
obvious,oczywisty
obviously,oczywiście
occasion,okazja
occasional,okazjonalny
occasionally,okazjonalnie
occupation,zawód
occupy,zajmować
occur,występować
occurrence,wystąpienie
ocean,ocean
October,Październik
odd,nieparzysty
odds,kursy
of,z
off,wyłączony
off,wyłączony
offence,przestępstwo
offend,obrażać
offender,sprawca
offensive,ofensywa
offer,oferta
offer,oferta
offering,oferta
office,biuro
officer,oficer
official,oficjalny
official,oficjalny
offspring,potomstwo
often,często
oh,och
oil,olej
OK,OK
OK,OK
OK,OK
old,stary
old-fashioned,staroświecki
on,na
on,na
once,raz
once,raz
one,jeden
one,jeden
one,jeden
ongoing,na bieżąco
onion,cebula
online,online
online,online
only,tylko
only,tylko
onto,na
open,otwarty
open,otwarty
opening,otwarcie
openly,otwarcie
opera,opera
operate,działać
operation,działanie
operational,operacyjny
operator,operator
opinion,opinia
opponent,przeciwnik
opportunity,możliwość
oppose,sprzeciwiać się
opposed,przeciwny
opposite,naprzeciwko
opposite,naprzeciwko
opposite,naprzeciwko
opposite,naprzeciwko
opposition,opozycja
opt,opt
optical,optyczny
optimism,optymizm
optimistic,optymistyczny
option,opcja
or,lub
oral,ustny
orange,pomarańczowy
orange,pomarańczowy
orchestra,orkiestra
order,porządek
order,porządek
ordinary,zwykły
organ,organ
organic,organiczny
organization,organizacja
organizational,organizacyjny
organize,organizować
organized,zorganizowany
organizer,organizator
orientation,orientacja
origin,pochodzenie
original,oryginał
original,oryginał
originally,pierwotnie
originate,pochodzić
other,inne
other,inne
otherwise,inaczej
ought,powinien
our,nasz
ours,nasze
ourselves,sami
out,na zewnątrz
out,na zewnątrz
outbreak,wybuch
outcome,wynik
outdoor,na zewnątrz
outdoors,na zewnątrz
outer,zewnętrzny
outfit,strój
outing,wycieczka
outlet,wylot
outline,zarys
outline,zarys
outlook,perspektywa
output,wyjście
outrage,oburzenie
outrage,oburzenie
outside,na zewnątrz
outside,na zewnątrz
outside,na zewnątrz
outside,na zewnątrz
outsider,outsider
outstanding,wybitny
oven,piekarnik
over,nad
over,nad
overall,ogólny
overall,ogólny
overcome,pokonany
overlook,przeoczenie
overly,nadmiernie
overnight,z dnia na dzień
overseas,za granicą
overseas,za granicą
oversee,nadzór
overturn,obalenie
overwhelm,przytłaczać
overwhelming,przytłaczający
owe,zawdzięczać
own,własny
own,własny
own,własny
owner,właściciel
ownership,własność
oxygen,tlen
pace,tempo
pace,tempo
pack,opakowanie
pack,opakowanie
package,pakiet
package,pakiet
packet,pakiet
pad,podkładka
page,strona
pain,ból
painful,bolesny
paint,farba
paint,farba
painter,malarz
painting,malowanie
pair,para
palace,pałac
pale,blady
palm,dłoń
pan,patelnia
panel,panel
panic,panika
pants,spodnie
paper,papier
parade,parada
paragraph,paragraf
parallel,równoległy
parallel,równoległy
parameter,parametr
parent,rodzic
parental,rodzicielski
parish,parafia
park,park
park,park
parking,parking
parliament,parlament
parliamentary,parlamentarny
part,część
part-time,w niepełnym wymiarze godzin
partial,częściowy
partially,częściowo
participant,uczestnik
participate,uczestniczyć
participation,udział
particular,szczególny
particularly,w szczególności
partly,częściowo
partner,partner
partnership,partnerstwo
party,impreza
pass,przepustka
pass,przepustka
passage,przejście
passenger,pasażer
passing,przemijanie
passion,pasja
passionate,namiętny
passive,pasywny
passport,paszport
password,hasło
past,przeszłość
past,przeszłość
past,przeszłość
past,przeszłość
pastor,pastor
patch,łatka
patent,patent
path,ścieżka
pathway,ścieżka
patience,cierpliwość
patient,pacjent
patient,pacjent
patrol,patrol
patrol,patrol
patron,patron
pattern,wzór
pause,pauza
pause,pauza
pay,płaca
pay,płaca
payment,płatność
peace,pokój
peaceful,spokojny
peak,szczyt
peasant,chłop
peculiar,osobliwy
peer,rówieśnik
pen,pióro
penalty,kara
pencil,ołówek
penny,grosz
pension,emerytura
people,ludzie
pepper,pieprz
per,za
per cent,procent
per cent,procent
per cent,procent
perceive,dostrzegać
percentage,procent
perception,postrzeganie
perfect,doskonały
perfectly,doskonale
perform,występować
performance,wydajność
perhaps,być może
period,okres
permanent,stały
permanently,na stałe
permission,pozwolenie
permit,zezwolenie
permit,zezwolenie
persist,utrzymywać się
persistent,trwały
person,osoba
personal,osobisty
personality,osobowość
personally,osobiście
personnel,personel
perspective,perspektywa
persuade,przekonać
pet,zwierzak
petition,petycja
petrol,benzyna
phase,faza
phenomenon,zjawisko
philosopher,filozof
philosophical,filozoficzny
philosophy,filozofia
phone,telefon
phone,telefon
photo,zdjęcie
photograph,zdjęcie
photograph,zdjęcie
photographer,fotograf
photography,fotografia
phrase,fraza
physical,fizyczny
physician,lekarz
physics,fizyka
piano,pianino
pick,wybór
pick,wybór
picture,zdjęcie
picture,zdjęcie
piece,kawałek
pig,świnia
pile,stos
pile,stos
pill,pigułka
pilot,pilot
pin,szpilka
pin,szpilka
pink,różowy
pink,różowy
pioneer,pionier
pioneer,pionier
pipe,rura
pipeline,rurociąg
pirate,pirat
pit,dół
pitch,podziałka
pity,szkoda
place,miejsce
place,miejsce
placement,umieszczenie
plain,równina
plan,plan
plan,plan
plane,samolot
planet,planeta
planning,planowanie
plant,roślina
plant,roślina
plastic,plastik
plastic,plastik
plate,płyta
platform,platforma
play,grać
play,grać
player,gracz
plea,zarzut
plead,błagać
pleasant,przyjemny
please,proszę
please,proszę
pleased,zadowolony
pleasure,przyjemność
pledge,zobowiązanie
pledge,zobowiązanie
plenty,dużo
plot,działka
plot,działka
plug,wtyczka
plug,wtyczka
plunge,zanurzenie
plus,plus
plus,plus
plus,plus
plus,plus
pocket,kieszeń
poem,wiersz
poet,poeta
poetry,poezja
point,punkt
point,punkt
pointed,wskazany
poison,trucizna
poison,trucizna
poisonous,trujący
pole,słup
police,policja
policeman,policjant
policy,polityka
polite,uprzejmy
political,polityczny
politician,polityk
politics,polityka
poll,ankieta
pollution,zanieczyszczenie
pond,staw
pool,basen
poor,biedny
pop,pop
pop,pop
pop,pop
popular,popularny
popularity,popularność
population,populacja
port,port
portfolio,portfolio
portion,część
portrait,portret
portray,portret
pose,pozować
position,pozycja
position,pozycja
positive,pozytywny
positive,pozytywny
possess,posiadać
possession,posiadanie
possibility,możliwość
possible,możliwy
possibly,ewentualnie
post,stanowisko
post,stanowisko
post-war,powojenny
poster,plakat
postpone,odłożyć
pot,garnek
potato,ziemniak
potential,potencjał
potential,potencjał
potentially,potencjalnie
pound,funt
pour,lać
poverty,ubóstwo
powder,proszek
power,moc
power,moc
powerful,potężny
practical,praktyczny
practice,praktyka
practise,praktyka
practitioner,praktyk
praise,pochwała
praise,pochwała
pray,modlić się
prayer,modlitwa
preach,głosić
precede,poprzedzać
precedent,precedens
precious,cenny
precise,precyzyjny
precisely,dokładnie
precision,precyzja
predator,drapieżnik
predecessor,poprzednik
predict,przewidywać
predictable,przewidywalny
prediction,przewidywanie
predominantly,głównie
prefer,preferować
preference,preferencja
pregnancy,ciąża
pregnant,w ciąży
prejudice,uprzedzenie
preliminary,wstępny
premier,premier
premise,założenie
premium,premia
preparation,przygotowanie
prepare,przygotowanie
prepared,przygotowany
prescribe,przepisać
prescription,recepta
presence,obecność
present,obecny
present,obecny
present,obecny
presentation,prezentacja
presently,obecnie
preservation,ochrona
preserve,zachować
preside,przewodniczyć
presidency,przewodnictwo
president,prezes
presidential,prezydencki
press,prasa
press,prasa
pressure,ciśnienie
prestigious,prestiżowy
presumably,przypuszczalnie
presume,przypuszczać
pretend,udawać
pretty,ładny
pretty,ładny
prevail,przeważać
prevalence,rozpowszechnienie
prevent,zapobiegać
prevention,zapobieganie
previous,poprzedni
previously,wcześniej
prey,zdobycz
price,cena
price,cena
pride,duma
priest,ksiądz
primarily,przede wszystkim
primary,podstawowy
prime,pierwszorzędny
prince,książę
princess,księżniczka
principal,główny
principal,główny
principle,zasada
print,druk
print,druk
printer,drukarka
printing,druk
prior,wcześniejszy
priority,priorytet
prison,więzienie
prisoner,więzień
privacy,prywatność
private,prywatny
privatization,prywatyzacja
privilege,przywilej
prize,nagroda
probability,prawdopodobieństwo
probable,prawdopodobne
probably,prawdopodobnie
probe,sonda
probe,sonda
problem,problem
problematic,problematyczny
procedure,procedura
proceed,postępować
proceeding,postępowanie
proceeds,wpływy
process,proces
process,proces
processing,przetwarzanie
processor,procesor
proclaim,ogłoszenie
produce,produkować
produce,produkować
producer,producent
product,produkt
production,produkcja
productive,produktywny
productivity,wydajność
profession,zawód
professional,profesjonalista
professional,profesjonalista
professor,profesor
profile,profil
profit,zysk
profitable,opłacalny
profound,głęboki
program,program
program,program
programme,program
programming,programowanie
progress,postęp
progress,postęp
progressive,progresywny
prohibit,zakazać
project,projekt
project,projekt
projection,projekcja
prominent,wybitny
promise,obietnica
promise,obietnica
promising,obiecujący
promote,promować
promotion,promocja
prompt,podpowiedź
pronounce,wymawiać
pronounced,wyraźny
proof,dowód
propaganda,propaganda
proper,właściwy
properly,prawidłowo
property,własność
proportion,proporcja
proposal,propozycja
propose,propozycja
proposition,propozycja
prosecute,ścigać
prosecution,ściganie
prosecutor,prokurator
prospect,perspektywa
prospective,perspektywiczny
prosperity,dobrobyt
protect,ochrona
protection,ochrona
protective,ochronny
protein,białko
protest,protest
protest,protest
protester,protestujący
protocol,protokół
proud,dumny
prove,udowodnić
provide,zapewniać
province,prowincja
provincial,prowincjonalny
provision,przepis
provoke,prowokować
psychiatric,psychiatryczny
psychological,psychologiczny
psychologist,psycholog
psychology,psychologia
pub,pub
public,publiczny
public,publiczny
publication,publikacja
publicity,reklama
publish,publikować
publishing,publikowanie
pull,pociągnięcie
pull,pociągnięcie
pulse,puls
pump,pompa
pump,pompa
punch,cios
punch,cios
punish,kara
punishment,kara
punk,punk
pupil,uczeń
purchase,zakup
purchase,zakup
pure,czysty
purely,wyłącznie
purple,fioletowy
purple,fioletowy
purpose,cel
pursue,realizować
pursuit,pościg
push,pchnięcie
push,pchnięcie
put,umieścić
puzzle,układanka
qualification,kwalifikacja
qualified,wykwalifikowany
qualify,kwalifikować się
quality,jakość
quantity,ilość
quarter,kwartał
queen,królowa
query,zapytanie
quest,zadanie
question,pytanie
question,pytanie
questionnaire,kwestionariusz
queue,kolejka
queue,kolejka
quick,szybki
quickly,szybko
quiet,spokój
quietly,cicho
quit,odejść
quite,całkiem
quota,kwota
quotation,notowanie
quote,cytat
quote,cytat
race,wyścig
race,wyścig
racial,rasowy
racing,wyścigi
racism,rasizm
racist,rasista
racist,rasista
radar,radar
radiation,promieniowanie
radical,radykalny
radio,radio
rage,wściekłość
raid,nalot
raid,nalot
rail,szyna
railway,kolej
rain,deszcz
rain,deszcz
raise,podwyżka
rally,rajd
rally,rajd
random,losowy
range,zakres
range,zakres
rank,ranga
rank,ranga
ranking,ranking
rape,gwałt
rape,gwałt
rapid,szybki
rapidly,szybko
rare,rzadki
rarely,rzadko
rat,szczur
rate,stawka
rate,stawka
rather,raczej
rating,ocena
ratio,stosunek
rational,racjonalny
raw,surowy
ray,promień
reach,zasięg
reach,zasięg
react,reagować
reaction,reakcja
read,czytać
reader,czytelnik
readily,łatwo
reading,czytanie
ready,gotowy
real,prawdziwy
realistic,realistyczny
reality,rzeczywistość
realization,realizacja
realize,realizować
really,naprawdę
realm,sfera
rear,tył
rear,tył
reason,powód
reasonable,rozsądny
reasonably,rozsądnie
reasoning,uzasadnienie
reassure,uspokajać
rebel,buntownik
rebellion,bunt
rebuild,odbudowa
recall,wycofanie
receipt,paragon
receive,otrzymywać
receiver,odbiornik
recent,niedawny
recently,ostatnio
reception,odbiór
recession,recesja
recipe,przepis
recipient,odbiorca
reckon,liczyć
recognition,uznanie
recognize,rozpoznawać
recommend,rekomendacja
recommendation,zalecenie
reconstruction,rekonstrukcja
record,rekord
record,rekord
recording,nagrywanie
recount,przeliczenie
recover,odzyskać
recovery,odzyskiwanie
recruit,rekrutacja
recruit,rekrutacja
recruitment,rekrutacja
recycle,recykling
red,czerwony
red,czerwony
reduce,zmniejszać się
reduction,redukcja
refer,odniesienie
referee,sędzia
reference,odniesienie
referendum,referendum
reflect,odzwierciedlać
reflection,odbicie
reform,reforma
reform,reforma
refuge,schronienie
refugee,uchodźca
refusal,odmowa
refuse,odmowa
regain,odzysk
regard,uwzględnienie
regard,uwzględnienie
regardless,niezależnie
regime,reżim
region,region
regional,regionalny
register,rejestr
register,rejestr
registration,rejestracja
regret,żal
regret,żal
regular,regularny
regularly,regularnie
regulate,regulować
regulation,regulacja
regulator,regulator
regulatory,regulacyjny
rehabilitation,rehabilitacja
reign,panowanie
reign,panowanie
reinforce,wzmocnienie
reject,odrzucenie
rejection,odrzucenie
relate,odnosić się
related,powiązany
relation,relacja
relationship,relacja
relative,względny
relative,względny
relatively,stosunkowo
relax,relaks
relaxed,zrelaksowany
relaxing,relaksujący
release,zwolnienie
release,zwolnienie
relevance,znaczenie
relevant,istotny
reliability,niezawodność
reliable,niezawodny
relief,ulga
relieve,ulga
relieved,odciążony
religion,religia
religious,religijny
reluctant,niechętny
rely,polegać
remain,pozostać
remainder,pozostać
remains,pozostałości
remark,uwaga
remark,uwaga
remarkable,niezwykły
remarkably,niezwykle
remedy,środek zaradczy
remember,pamiętać
remind,przypomnienie
reminder,przypomnienie
remote,zdalny
removal,usunięcie
remove,usunąć
render,render
renew,odnawiać się
renowned,renomowany
rent,wynajem
rent,wynajem
rental,wynajem
repair,naprawa
repair,naprawa
repeat,powtórzenie
repeat,powtórzenie
repeated,powtórzony
replace,zastąpić
replacement,zamiennik
reply,odpowiedź
reply,odpowiedź
report,raport
report,raport
reportedly,podobno
reporter,reporter
reporting,raportowanie
represent,reprezentować
representation,reprezentacja
representative,przedstawiciel
representative,przedstawiciel
reproduce,reprodukcja
reproduction,reprodukcja
republic,republika
reputation,reputacja
request,żądanie
request,żądanie
require,wymagać
requirement,wymóg
rescue,ratunek
rescue,ratunek
research,badania
research,badania
researcher,badacz
resemble,przypominać
reservation,rezerwacja
reserve,rezerwa
reserve,rezerwa
reside,rezydencja
residence,miejsce zamieszkania
resident,mieszkaniec
resident,mieszkaniec
residential,mieszkalny
residue,pozostałość
resign,zrezygnować
resignation,rezygnacja
resist,opór
resistance,odporność
resolution,rozdzielczość
resolve,rozwiązanie
resort,ośrodek
resource,zasób
respect,szacunek
respect,szacunek
respective,odpowiedni
respectively,odpowiednio
respond,odpowiedź
response,odpowiedź
responsibility,odpowiedzialność
responsible,odpowiedzialny
rest,odpoczynek
rest,odpoczynek
restaurant,restauracja
restoration,przywrócenie
restore,przywrócenie
restraint,powściągliwość
restrict,ograniczenie
restriction,ograniczenie
result,wynik
result,wynik
resume,wznowienie
retail,detaliczny
retain,zatrzymanie
retire,odejść na emeryturę
retired,na emeryturze
retirement,emerytura
retreat,odwrót
retreat,odwrót
retrieve,pobieranie
return,powrót
return,powrót
reveal,ujawniać
revelation,objawienie
revenge,zemsta
revenue,przychód
reverse,odwrócony
reverse,odwrócony
reverse,odwrócony
review,przegląd
review,przegląd
revise,zrewidować
revision,przegląd
revival,ożywienie
revive,ożywienie
revolution,rewolucja
revolutionary,rewolucyjny
reward,nagroda
reward,nagroda
rhetoric,retoryka
rhythm,rytm
rice,ryż
rich,bogaty
rid,pozbyć się
ride,jazda
ride,jazda
ridiculous,niedorzeczny
rifle,karabin
right,prawo
right,prawo
right,prawo
ring,pierścień
ring,pierścień
riot,zamieszki
rip,rip
rise,wzrost
rise,wzrost
risk,ryzyko
risk,ryzyko
risky,ryzykowny
ritual,rytuał
rival,rywal
rival,rywal
river,rzeka
road,droga
rob,rob
robbery,napad
robot,robot
robust,solidny
rock,skała
rock,skała
rocket,rakieta
rod,pręt
role,rola
roll,rolka
roll,rolka
romance,romans
romantic,romantyczny
roof,dach
room,pokój
root,korzeń
rope,lina
rose,róża
rotate,obracać się
rotation,obrót
rough,szorstki
roughly,mniej więcej
round,runda
round,runda
round,runda
round,runda
route,trasa
routine,rutyna
routine,rutyna
row,rząd
royal,królewski
rub,pocierać
rubber,guma
rubber,guma
rubbish,śmieci
rude,nieuprzejmy
rugby,rugby
ruin,ruina
ruin,ruina
rule,reguła
rule,reguła
ruling,orzeczenie
rumour,plotka
run,bieg
run,bieg
runner,biegacz
running,bieganie
rural,wiejski
rush,pośpiech
rush,pośpiech
sack,worek
sacred,święty
sacrifice,poświęcenie
sacrifice,poświęcenie
sad,smutny
sadly,smutno
safe,bezpieczny
safety,bezpieczeństwo
sail,żagiel
sail,żagiel
sailing,żeglarstwo
sailor,żeglarz
saint,święty
sake,sake
salad,sałatka
salary,wynagrodzenie
sale,sprzedaż
salt,sól
same,ten sam
same,ten sam
same,ten sam
sample,próbka
sample,próbka
sanction,sankcja
sand,piasek
sandwich,kanapka
satellite,satelita
satisfaction,satysfakcja
satisfied,zadowolony
satisfy,satysfakcja
Saturday,Sobota
sauce,sos
save,oszczędzać
saving,oszczędność
say,powiedzieć
say,powiedzieć
scale,skala
scan,skan
scandal,skandal
scare,strach
scare,strach
scared,przestraszony
scary,przerażający
scattered,rozproszony
scenario,scenariusz
scene,scena
sceptical,sceptyczny
schedule,harmonogram
schedule,harmonogram
scheme,schemat
scholar,uczony
scholarship,stypendium
school,szkoła
science,nauka
scientific,naukowy
scientist,naukowiec
scope,zakres
score,wynik
score,wynik
scratch,zarysowanie
scratch,zarysowanie
scream,krzyk
scream,krzyk
screen,ekran
screen,ekran
screening,projekcja
screw,śruba
screw,śruba
script,scenariusz
scrutiny,kontrola
sculpture,rzeźba
sea,morze
seal,pieczęć
seal,pieczęć
search,wyszukiwanie
search,wyszukiwanie
season,sezon
seat,siedziba
seat,siedziba
second,drugi
second,drugi
second,drugi
second,drugi
secondary,drugorzędny
secondly,po drugie
secret,sekret
secret,sekret
secretary,sekretarz
section,sekcja
sector,sektor
secular,świecki
secure,bezpieczny
secure,bezpieczny
security,bezpieczeństwo
see,zob.
seed,nasiona
seek,poszukiwanie
seeker,poszukiwacz
seem,wydawać się
seemingly,pozornie
segment,segment
seize,chwytać
seldom,rzadko
select,wybór
selection,wybór
selective,selektywny
self,jaźń
sell,sprzedawać
seminar,seminarium
senator,senator
send,wysyłać
senior,senior
sensation,sensacja
sense,sens
sense,sens
sensible,rozsądny
sensitive,wrażliwy
sensitivity,wrażliwość
sentence,zdanie
sentence,zdanie
sentiment,sentyment
separate,oddzielny
separate,oddzielny
separation,separacja
September,Wrzesień
sequence,sekwencja
serial,serial
series,seria
serious,poważny
seriously,poważnie
servant,sługa
serve,służyć
service,usługa
session,sesja
set,zestaw
set,zestaw
set-up,konfiguracja
setting,ustawienie
settle,rozliczenie
settlement,rozliczenie
settler,osadnik
seven,siedem
seventeen,siedemnaście
seventy,siedemdziesiąt
several,kilka
several,kilka
severe,poważny
severely,poważnie
sex,seks
sexual,seksualny
sexuality,seksualność
sexy,seksowny
shade,odcień
shadow,cień
shake,wstrząsnąć
shake,wstrząsnąć
shall,powinien
shallow,płytki
shame,wstyd
shape,kształt
shape,kształt
shaped,ukształtowany
share,udział
share,udział
shareholder,udziałowiec
sharp,ostry
shatter,roztrzaskany
she,ona
shed,szopa
sheep,owca
sheer,czysty
sheet,arkusz
shelf,półka
shell,powłoka
shelter,schronienie
shelter,schronienie
shift,zmiana
shift,zmiana
shine,połysk
shiny,błyszczący
ship,statek
ship,statek
shipping,wysyłka
shirt,koszulka
shock,szok
shock,szok
shocked,zszokowany
shocking,szokujący
shoe,but
shoot,strzelać
shoot,strzelać
shooting,strzelanie
shop,sklep
shop,sklep
shopping,zakupy
shore,brzeg
short,krótki
short-term,krótkoterminowy
shortage,niedobór
shortly,krótko
shot,strzał
should,powinien
shoulder,ramię
shout,krzyk
shout,krzyk
show,pokaz
show,pokaz
shower,prysznic
shrink,kurczyć się
shrug,wzruszenie ramionami
shut,zamknięcie
shut,zamknięcie
shy,nieśmiały
sibling,rodzeństwo
sick,chory
side,strona
sigh,westchnienie
sigh,westchnienie
sight,widok
sign,znak
sign,znak
signal,sygnał
signal,sygnał
signature,podpis
significance,znaczenie
significant,znaczący
significantly,znacząco
silence,cisza
silent,cichy
silk,jedwab
silly,głupi
silver,srebro
silver,srebro
similar,podobny
similarity,podobieństwo
similarly,podobnie
simple,prosty
simply,po prostu
simulate,symulować
simulation,symulacja
simultaneously,jednocześnie
sin,grzech
since,od
since,od
since,od
sincere,szczery
sing,śpiewać
singer,piosenkarz
singing,śpiew
single,pojedynczy
single,pojedynczy
sink,zlew
sir,pan
sister,siostra
sit,siedzieć
site,strona
situated,położony
situation,sytuacja
six,sześć
sixteen,szesnaście
sixty,sześćdziesiąt
size,rozmiar
sketch,szkic
ski,narty
ski,narty
ski,narty
skiing,narciarstwo
skill,umiejętność
skilled,wykwalifikowany
skin,skóra
skip,skip
skirt,spódnica
skull,czaszka
sky,niebo
slam,trzask
slap,policzek
slash,ukośnik
slave,niewolnik
slavery,niewolnictwo
sleep,sen
sleep,sen
slice,plasterek
slice,plasterek
slide,slajd
slide,slajd
slight,niewielki
slightly,nieznacznie
slip,poślizg
slogan,slogan
slope,nachylenie
slope,nachylenie
slot,gniazdo
slow,powolny
slow,powolny
slowly,powoli
small,mały
smart,inteligentny
smartphone,smartfon
smash,rozbicie
smell,zapach
smell,zapach
smile,uśmiech
smile,uśmiech
smoke,dym
smoke,dym
smoking,palenie
smooth,gładki
snake,wąż
snap,zatrzask
snow,śnieg
snow,śnieg
so,więc
so,więc
so-called,tzw.
soak,nasiąkać
soap,mydło
soar,szybować
soccer,piłka nożna
social,społeczny
socialist,socjalista
society,społeczeństwo
sock,skarpeta
soft,miękki
software,oprogramowanie
soil,gleba
solar,słoneczny
soldier,żołnierz
sole,podeszwa
solely,wyłącznie
solicitor,radca prawny
solid,solidny
solid,solidny
solidarity,solidarność
solo,solo
solo,solo
solution,rozwiązanie
solve,rozwiązanie
some,niektóre
some,niektóre
somebody,ktoś
somehow,jakoś
someone,ktoś
something,coś
sometime,kiedyś
sometimes,czasami
somewhat,nieco
somewhere,gdzieś
somewhere,gdzieś
son,syn
song,piosenka
soon,wkrótce
sophisticated,wyrafinowany
sorry,przepraszam
sorry,przepraszam
sort,rodzaj
sort,rodzaj
soul,dusza
sound,dźwięk
sound,dźwięk
sound,dźwięk
soup,zupa
source,źródło
south,południe
south,południe
south,południe
southern,południowy
sovereignty,suwerenność
space,przestrzeń
spam,spam
span,rozpiętość
span,rozpiętość
spare,zapasowy
spare,zapasowy
spark,iskra
speak,mówić
speaker,głośnik
special,specjalny
specialist,specjalista
specialist,specjalista
specialize,specjalizować się
specialized,wyspecjalizowany
species,gatunek
specific,specyficzny
specifically,w szczególności
specification,specyfikacja
specify,określać
specimen,próbka
spectacle,spektakl
spectacular,spektakularny
spectator,widz
spectrum,widmo
speculate,spekulować
speculation,spekulacja
speech,przemówienie
speed,prędkość
speed,prędkość
spell,zaklęcie
spell,zaklęcie
spelling,pisownia
spend,wydawać
spending,wydatki
sphere,sfera
spice,przyprawa
spicy,pikantny
spider,pająk
spill,wyciek
spin,spin
spin,spin
spine,kręgosłup
spirit,duch
spiritual,duchowy
spite,złośliwość
split,podział
split,podział
spoil,psuć
spoken,mówiony
spokesman,rzecznik
spokesperson,rzecznik
spokeswoman,rzeczniczka
sponsor,sponsor
sponsor,sponsor
sponsorship,sponsoring
spoon,łyżka
sport,sport
sporting,sportowy
spot,miejsce
spot,miejsce
spotlight,reflektor
spouse,małżonek
spread,rozprzestrzeniać się
spread,rozprzestrzeniać się
spring,wiosna
spring,wiosna
spy,szpieg
spy,szpieg
squad,skład
square,kwadrat
square,kwadrat
squeeze,ściskanie
stab,dźgnięcie
stability,stabilność
stabilize,ustabilizować się
stable,stabilny
stadium,stadion
staff,personel
stage,etap
stage,etap
stair,schody
stake,stawka
stall,stragan
stamp,znaczek
stance,stanowisko
stand,stać
stand,stać
standard,standard
standard,standard
standing,stojący
star,gwiazda
star,gwiazda
stare,gapić się
stark,gwiazda
start,start
start,start
starve,głodować
state,stan
state,stan
state,stan
statement,oświadczenie
station,stacja
statistic,statystyka
statistical,statystyczny
statue,statua
status,status
stay,pobyt
stay,pobyt
steadily,stale
steady,stały
steal,kradzież
steam,para
steel,stal
steep,stromy
steer,sterować
stem,łodyga
stem,łodyga
step,krok
step,krok
stereotype,stereotyp
stick,kij
stick,kij
sticky,lepki
stiff,sztywny
still,wciąż
still,wciąż
stimulate,stymulować
stimulus,bodziec
stir,mieszać
stock,zapas
stomach,żołądek
stone,kamień
stop,stop
stop,stop
storage,przechowywanie
store,sklep
store,sklep
storm,burza
story,historia
straight,prosty
straight,prosty
straightforward,proste
strain,obciążenie
strand,nić
strange,dziwny
stranger,nieznajomy
strategic,strategiczny
strategy,strategia
stream,strumień
street,ul.
strength,siła
strengthen,wzmocnienie
stress,stres
stress,stres
stretch,odcinek
stretch,odcinek
strict,surowy
strictly,ściśle
strike,strajk
strike,strajk
striking,uderzający
string,ciąg
strip,pasek
strip,pasek
strive,starać się
stroke,udar
strong,silny
strongly,mocno
structural,strukturalny
structure,struktura
structure,struktura
struggle,walka
struggle,walka
student,uczeń
studio,studio
study,badanie
study,badanie
stuff,rzeczy
stuff,rzeczy
stumble,potknięcie
stun,ogłuszenie
stunning,oszałamiający
stupid,głupi
style,styl
subject,podmiot
subject,podmiot
submission,zgłoszenie
submit,przedkładać
subscriber,abonent
subscription,subskrypcja
subsequent,późniejszy
subsequently,następnie
subsidy,subsydium
substance,substancja
substantial,istotny
substantially,zasadniczo
substitute,substytut
substitute,substytut
substitution,substytucja
subtle,subtelny
suburb,przedmieście
suburban,podmiejski
succeed,odnieść sukces
success,sukces
successful,udany
successfully,z powodzeniem
succession,sukcesja
successive,sukcesywny
successor,następca
such,taki
such,taki
suck,ssać
sudden,nagły
suddenly,nagle
sue,pozew
suffer,cierpieć
suffering,cierpienie
sufficient,wystarczający
sufficiently,wystarczająco
sugar,cukier
suggest,sugerować
suggestion,sugestia
suicide,samobójstwo
suit,garnitur
suit,garnitur
suitable,odpowiedni
suite,apartament
sum,suma
sum,suma
summarize,podsumowanie
summary,podsumowanie
summer,lato
summit,szczyt
sun,słońce
Sunday,Niedziela
super,super
superb,znakomity
superior,przełożony
supermarket,supermarket
supervise,nadzorować
supervision,nadzór
supervisor,nadzorca
supplement,dodatek
supplement,dodatek
supply,dostawa
supply,dostawa
support,wsparcie
support,wsparcie
supporter,zwolennik
supportive,wspierający
suppose,przypuszczać
supposedly,rzekomo
suppress,tłumić
supreme,najwyższy
sure,pewny
sure,pewny
surely,na pewno
surface,powierzchnia
surge,wzrost
surge,wzrost
surgeon,chirurg
surgery,operacja
surgical,chirurgiczny
surplus,nadwyżka
surprise,niespodzianka
surprise,niespodzianka
surprised,zaskoczony
surprising,zaskakujący
surrender,poddanie się
surround,otoczenie
surrounding,otoczenie
surveillance,nadzór
survey,badanie
survey,badanie
survival,przetrwanie
survive,przetrwać
survivor,ocalały
suspect,podejrzany
suspect,podejrzany
suspend,zawieszenie
suspension,zawieszenie
suspicion,podejrzenie
suspicious,podejrzany
sustain,trwałość
sustainable,zrównoważony
swallow,jaskółka
swear,przysięga
sweater,sweter
sweep,zamiatać
sweet,słodki
sweet,słodki
swim,pływać
swim,pływać
swimming,pływanie
swing,huśtawka
swing,huśtawka
switch,przełącznik
switch,przełącznik
sword,miecz
symbol,symbol
symbolic,symboliczny
sympathetic,sympatyczny
sympathy,sympatia
symptom,objaw
syndrome,zespół
synthesis,synteza
system,system
systematic,systematyczny
T-shirt,Koszulka
table,tabela
tablet,tablet
tackle,walka
tackle,walka
tactic,taktyka
tactical,taktyczny
tag,tag
tag,tag
tail,ogon
take,brać
tale,opowieść
talent,talent
talented,utalentowany
talk,rozmowa
talk,rozmowa
tall,wysoki
tank,zbiornik
tap,kran
tap,kran
tape,taśma
target,cel
target,cel
task,zadanie
taste,smak
taste,smak
tax,podatek
tax,podatek
taxi,taksówka
taxpayer,podatnik
tea,herbata
teach,uczyć
teacher,nauczyciel
teaching,nauczanie
team,zespół
tear,rozdarcie
tear,rozdarcie
technical,techniczny
technique,technika
technological,technologiczny
technology,technologia
teenage,nastolatek
teenager,nastolatek
teens,nastolatki
telephone,telefon
telephone,telefon
television,telewizja
tell,powiedzieć
temperature,temperatura
temple,świątynia
temporarily,tymczasowo
temporary,tymczasowy
tempt,pokusa
ten,dziesięć
tenant,najemca
tend,tendencja
tendency,tendencja
tender,przetarg
tennis,tenis
tension,napięcie
tent,namiot
tenure,kadencja
term,termin
term,termin
terminal,terminal
terminal,terminal
terminate,zakończyć
terms,warunki
terrain,teren
terrible,straszny
terribly,strasznie
terrific,przerażający
terrify,przerażać
territory,terytorium
terror,terror
terrorism,terroryzm
terrorist,terrorysta
test,test
test,test
testify,zeznawać
testimony,świadectwo
testing,testowanie
text,tekst
text,tekst
textbook,podręcznik
texture,tekstura
than,niż
than,niż
thank,dziękuję
thankfully,na szczęście
thanks,dzięki
thanks,dzięki
that,że
that,że
that,że
that,że
the,w
theatre,teatr
theatrical,teatralny
theft,kradzież
their,ich
theirs,ich
them,oni
theme,temat
themselves,sami
then,następnie
theology,teologia
theoretical,teoretyczny
theory,teoria
therapist,terapeuta
therapy,terapia
there,tam
thereafter,później
thereby,tym samym
therefore,w związku z tym
thesis,teza
they,oni
thick,gruby
thief,złodziej
thin,cienki
thing,rzecz
think,myśleć
thinking,myślenie
third,trzeci
third,trzeci
thirsty,spragniony
thirteen,trzynaście
thirty,trzydzieści
this,to
this,to
this,to
thorough,dokładny
thoroughly,dokładnie
though,choć
though,choć
thought,myśl
thought-provoking,prowokujący do myślenia
thoughtful,przemyślany
thousand,tysiąc
thread,wątek
threat,zagrożenie
threaten,grozić
three,trzy
threshold,próg
thrilled,zachwycony
thrive,rozwijać się
throat,gardło
through,poprzez
through,poprzez
throughout,przez cały czas
throughout,przez cały czas
throw,rzut
thumb,kciuk
Thursday,Czwartek
thus,w ten sposób
ticket,bilet
tide,przypływ
tidy,schludny
tidy,schludny
tie,remis
tie,remis
tight,napięty
tighten,dokręcić
till,do
till,do
timber,drewno
time,czas
time,czas
timely,na czas
timing,czas
tin,cyna
tiny,malutki
tip,wskazówka
tip,wskazówka
tired,zmęczony
tissue,tkanka
title,tytuł
title,tytuł
to,do
to,do
tobacco,tytoń
today,dzisiaj
today,dzisiaj
toe,palec
together,razem
toilet,toaleta
tolerance,tolerancja
tolerate,tolerować
toll,opłata
tomato,pomidor
tomorrow,jutro
tomorrow,jutro
ton,tona
tone,ton
tongue,język
tonight,dziś wieczorem
tonight,dziś wieczorem
tonne,tona
too,też
tool,narzędzie
tooth,ząb
top,top
top,top
top,top
topic,temat
torture,tortury
torture,tortury
toss,rzut
total,całkowity
total,całkowity
total,całkowity
totally,całkowicie
touch,dotyk
touch,dotyk
tough,twardy
tour,trasa
tour,trasa
tourism,turystyka
tourist,turysta
tournament,turniej
towards,w kierunku
towel,ręcznik
tower,wieża
town,miasto
toxic,toksyczny
toy,zabawka
toy,zabawka
trace,ślad
trace,ślad
track,ścieżka
track,ścieżka
trade,handel
trade,handel
trademark,znak towarowy
trading,handel
tradition,tradycja
traditional,tradycyjny
traffic,ruch
tragedy,tragedia
tragic,tragiczny
trail,szlak
trail,szlak
trailer,przyczepa
train,pociąg
train,pociąg
trainer,trener
training,szkolenie
trait,cecha
transaction,transakcja
transcript,transkrypcja
transfer,transfer
transfer,transfer
transform,przekształcenie
transformation,transformacja
transit,tranzyt
transition,przejście
translate,tłumaczyć
translation,tłumaczenie
transmission,transmisja
transmit,transmisja
transparency,przejrzystość
transparent,przejrzysty
transport,transport
transport,transport
transportation,transport
trap,pułapka
trap,pułapka
trauma,uraz
travel,podróż
travel,podróż
traveller,podróżnik
treasure,skarb
treat,traktować
treatment,leczenie
treaty,traktat
tree,drzewo
tremendous,ogromny
trend,trend
trial,próba
tribal,plemienny
tribe,plemię
tribunal,trybunał
tribute,hołd
trick,sztuczka
trick,sztuczka
trigger,spust
trigger,spust
trillion,bilion
trio,trio
trip,podróż
trip,podróż
triumph,triumf
troop,oddział
trophy,trofeum
tropical,tropikalny
trouble,kłopoty
trouble,kłopoty
troubled,niespokojny
trousers,spodnie
truck,ciężarówka
true,prawda
truly,naprawdę
trust,zaufanie
trust,zaufanie
trustee,powiernik
truth,prawda
try,próba
try,próba
tsunami,tsunami
tube,tuba
Tuesday,Wtorek
tuition,czesne
tune,melodia
tunnel,tunel
turn,obrót
turn,obrót
turnout,frekwencja
turnover,obrót
TV,TV
twelve,dwanaście
twenty,dwadzieścia
twice,dwa razy
twin,bliźniak
twin,bliźniak
twist,skręt
twist,skręt
two,dwa
type,typ
type,typ
typical,typowy
typically,zazwyczaj
tyre,opona
ugly,brzydki
ultimate,ostateczny
ultimately,ostatecznie
umbrella,parasol
unable,niezdolny
unacceptable,niedopuszczalne
uncertainty,niepewność
uncle,wujek
uncomfortable,niewygodny
unconscious,nieprzytomny
under,pod
under,pod
undergo,przechodzić
undergraduate,licencjat
underground,podziemny
underground,podziemny
underlying,bazowy
undermine,podważać
understand,rozumieć
understanding,zrozumienie
undertake,podejmować
underwear,bielizna
undoubtedly,niewątpliwie
unemployed,bezrobotny
unemployment,bezrobocie
unexpected,nieoczekiwany
unfair,nieuczciwy
unfold,rozwijać się
unfortunate,niefortunny
unfortunately,niestety
unhappy,nieszczęśliwy
uniform,mundur
unify,ujednolicenie
union,związek
unique,wyjątkowy
unit,jednostka
unite,zjednoczenie
united,zjednoczony
unity,jedność
universal,uniwersalny
universe,wszechświat
university,uniwersytet
unknown,nieznany
unless,chyba że
unlike,w przeciwieństwie do
unlikely,mało prawdopodobne
unnecessary,niepotrzebny
unpleasant,nieprzyjemny
unprecedented,bezprecedensowy
until,do
until,do
unusual,niezwykły
unveil,odsłonić
up,w górę
up,w górę
upcoming,nadchodzący
update,aktualizacja
update,aktualizacja
upgrade,aktualizacja
upgrade,aktualizacja
uphold,podtrzymanie
upon,na
upper,górny
upset,zdenerwowany
upset,zdenerwowany
upstairs,na górze
upstairs,na górze
upwards,w górę
urban,miejski
urge,pęd
urgent,pilny
us,my
usage,użycie
use,użycie
use,użycie
used,używany
used to,używany do
useful,użyteczny
useless,bezużyteczny
user,użytkownik
usual,zwykły
usually,zazwyczaj
utility,użyteczność
utilize,wykorzystywać
utterly,całkowicie
vacation,wakacje
vacuum,próżnia
vague,niejasny
valid,ważny
validity,ważność
valley,dolina
valuable,wartościowy
value,wartość
value,wartość
van,van
vanish,zniknąć
variable,zmienny
variable,zmienny
variation,wariacja
varied,zróżnicowany
variety,różnorodność
various,różne
vary,różnić się
vast,rozległy
vegetable,warzywo
vehicle,pojazd
vein,żyła
venture,przedsięwzięcie
venture,przedsięwzięcie
venue,miejsce
verbal,słowny
verdict,werdykt
verify,weryfikacja
verse,werset
version,wersja
versus,kontra
vertical,pionowy
very,bardzo
very,bardzo
vessel,statek
veteran,weteran
via,za pośrednictwem
viable,opłacalny
vibrant,żywy
vice,imadło
vicious,złośliwy
victim,ofiara
victory,zwycięstwo
video,wideo
view,widok
view,widok
viewer,przeglądarka
viewpoint,punkt widzenia
village,wieś
villager,wieśniak
violate,naruszać
violation,naruszenie
violence,przemoc
violent,gwałtowny
virtual,wirtualny
virtue,cnota
virus,wirus
visa,wiza
visible,widoczny
vision,wizja
visit,wizyta
visit,wizyta
visitor,gość
visual,wizualny
vital,istotny
vitamin,witamina
vocal,wokal
voice,głos
volume,objętość
voluntary,dobrowolny
volunteer,wolontariusz
volunteer,wolontariusz
vote,głosowanie
vote,głosowanie
voting,głosowanie
vow,ślub
vulnerability,podatność
vulnerable,wrażliwy
wage,wynagrodzenie
wait,czekać
wait,czekać
waiter,kelner
wake,przebudzenie
walk,spacer
walk,spacer
wall,ściana
wander,wędrówka
want,chcieć
war,wojna
ward,oddział
warehouse,magazyn
warfare,działania wojenne
warm,ciepły
warm,ciepły
warming,ocieplenie
warn,ostrzeżenie
warning,ostrzeżenie
warrant,nakaz
warrant,nakaz
warrior,wojownik
wash,pranie
wash,pranie
washing,mycie
waste,odpady
waste,odpady
waste,odpady
watch,zegarek
watch,zegarek
water,woda
water,woda
wave,fala
wave,fala
way,sposób
way,sposób
we,my
weak,słaby
weaken,osłabienie
weakness,słabość
wealth,bogactwo
wealthy,bogaty
weapon,broń
wear,zużycie
weather,pogoda
weave,splot
web,sieć
website,strona internetowa
wedding,ślub
Wednesday,Środa
weed,chwast
week,tydzień
weekend,weekend
weekly,tygodnik
weigh,waga
weight,waga
weird,dziwny
welcome,powitanie
welcome,powitanie
welcome,powitanie
welcome,powitanie
welfare,dobrobyt
well,dobrze
well,dobrze
well,dobrze
well,dobrze
well-being,dobre samopoczucie
west,zachód
west,zachód
west,zachód
western,zachodni
wet,mokry
what,co
what,co
whatever,cokolwiek
whatever,cokolwiek
whatever,cokolwiek
whatsoever,cokolwiek
wheat,pszenica
wheel,koło
when,kiedy
when,kiedy
when,kiedy
whenever,kiedykolwiek
where,gdzie
where,gdzie
whereas,"mając na uwadze, że"
whereby,przy czym
wherever,gdziekolwiek
whether,czy
which,który
which,który
while,podczas gdy
while,podczas gdy
whilst,podczas gdy
whip,bat
whisper,szept
whisper,szept
white,biały
white,biały
who,kto
whoever,ktokolwiek
whole,całość
whole,całość
wholly,całkowicie
whom,który
whose,którego
whose,którego
why,dlaczego
wide,szeroki
widely,szeroko
widen,poszerzać się
widespread,rozpowszechniony
widow,wdowa
width,szerokość
wife,żona
wild,dziki
wildlife,dzika przyroda
will,będzie
will,będzie
willing,chętny
willingness,chęć
win,zwycięstwo
win,zwycięstwo
wind,wiatr
wind,wiatr
window,okno
wine,wino
wing,skrzydło
winner,zwycięzca
winter,zima
wipe,chusteczka
wire,przewód
wisdom,mądrość
wise,mądry
wish,życzenie
wish,życzenie
wit,dowcip
with,z
withdraw,wycofanie
withdrawal,wycofanie
within,w ramach
without,bez
witness,świadek
witness,świadek
woman,kobieta
wonder,cud
wonder,cud
wonderful,wspaniały
wood,drewno
wooden,drewniany
wool,wełna
word,słowo
work,praca
work,praca
worker,pracownik
workforce,siła robocza
working,praca
workout,trening
workplace,miejsce pracy
workshop,warsztat
world,świat
worldwide,na całym świecie
worldwide,na całym świecie
worm,robak
worried,zmartwiony
worry,zmartwienie
worry,zmartwienie
worse,gorszy
worse,gorszy
worse,gorszy
worship,kult
worship,kult
worst,najgorszy
worst,najgorszy
worst,najgorszy
worth,wartość
worth,wartość
worthwhile,opłacalny
worthy,godny
would,byłby
wound,rana
wound,rana
wow,wow
wrap,owijka
wrist,nadgarstek
write,pisać
writer,pisarz
writing,pisanie
written,napisany
wrong,niewłaściwy
wrong,niewłaściwy
wrong,niewłaściwy
yard,podwórko
yeah,tak
year,rok
yell,krzyk
yellow,żółty
yellow,żółty
yes,tak
yesterday,wczoraj
yesterday,wczoraj
yet,jeszcze
yet,jeszcze
yield,wydajność
yield,wydajność
you,ty
young,młody
young,młody
youngster,młodzik
your,twój
yours,twój
yourself,sam
youth,młodzież
zero,zero
zone,strefa
conversely,odwrotnie
mediation,mediacja
cherry,wiśniowy
testword,słowo testowe
