English,Italian
a,a
abandon,abbandonare
ability,capacità
able,in grado di
abolish,abolire
abortion,aborto
about,circa
about,circa
above,sopra
above,sopra
abroad,all'estero
absence,assenza
absent,assente
absolute,assoluto
absolutely,assolutamente
absorb,assorbire
abstract,astratto
absurd,assurdo
abundance,abbondanza
abuse,abuso
abuse,abuso
academic,accademico
academic,accademico
academy,accademia
accelerate,accelerare
accent,accento
accept,accettare
acceptable,accettabile
acceptance,accettazione
access,accesso
access,accesso
accessible,accessibile
accident,incidente
accidentally,accidentalmente
accommodate,ospitare
accommodation,alloggio
accompany,accompagnare
accomplish,realizzare
accomplishment,realizzazione
accordance,conformità
according to,secondo
accordingly,di conseguenza
account,conto
account,conto
accountability,responsabilità
accountable,responsabile
accountant,contabile
accounting,contabilità
accumulate,accumulare
accumulation,accumulo
accuracy,precisione
accurate,accurata
accurately,accuratamente
accusation,accusa
accuse,accusare
accused,accusato
achieve,raggiungere
achievement,realizzazione
acid,acido
acid,acido
acknowledge,riconoscimento
acquire,acquisire
acquisition,acquisizione
acre,acro
across,attraverso
across,attraverso
act,atto
act,atto
action,azione
activate,attivare
activation,attivazione
active,attivo
activist,attivista
activity,attività
actor,attore
actress,attrice
actual,effettivo
actually,in realtà
acute,acuto
ad,annuncio
adapt,adattarsi
adaptation,adattamento
add,aggiungere
addiction,dipendenza
addition,aggiunta
additional,aggiuntivo
additionally,Inoltre
address,indirizzo
address,indirizzo
adequate,adeguato
adequately,adeguatamente
adhere,aderire
adjacent,adiacente
adjust,regolare
adjustment,regolazione
administer,amministrare
administration,amministrazione
administrative,amministrativo
administrator,amministratore
admire,ammirare
admission,ammissione
admit,ammettere
adolescent,adolescente
adopt,adottare
adoption,adozione
adult,adulto
adult,adulto
advance,anticipo
advance,anticipo
advance,anticipo
advanced,avanzato
advantage,vantaggio
adventure,avventura
adverse,avverso
advertise,pubblicizzare
advertisement,pubblicità
advertising,pubblicità
advice,consiglio
advise,consigliare
advocate,sostenitore
advocate,sostenitore
aesthetic,estetica
affair,relazione
affect,affliggere
affection,affetto
afford,permettersi
affordable,accessibile
afraid,paura
after,dopo
after,dopo
after,dopo
aftermath,dopo
afternoon,pomeriggio
afterwards,in seguito
again,di nuovo
against,contro
age,età
age,età
aged,invecchiato
agency,agenzia
agenda,ordine del giorno
agent,agente
aggression,aggressione
aggressive,aggressivo
ago,fa
agree,concordare
agreement,accordo
agricultural,agricolo
agriculture,agricoltura
ah,ah
ahead,avanti
aid,aiuto
aid,aiuto
aide,aiutante
AIDS,AIDS
aim,scopo
aim,scopo
air,aria
aircraft,aereo
airline,linea aerea
airport,aeroporto
alarm,allarme
alarm,allarme
albeit,anche se
album,album
alcohol,alcool
alcoholic,alcolico
alert,allarme
alert,allarme
alert,allarme
alien,alieno
alien,alieno
align,allineare
alignment,allineamento
alike,simile
alike,simile
alive,vivo
all,tutti
all,tutti
all,tutti
all right,Va bene
all right,Va bene
all right,Va bene
allegation,asserzione
allege,asserire
allegedly,presumibilmente
alliance,alleanza
allocate,allocare
allocation,assegnazione
allow,consentire
allowance,indennità
ally,alleato
almost,quasi
alone,solo
alone,solo
along,lungo
along,lungo
alongside,a fianco
already,già
also,anche
alter,alterare
alternative,alternativo
alternative,alternativo
although,anche se
altogether,complessivamente
aluminium,alluminio
always,sempre
amateur,amatoriale
amateur,amatoriale
amazed,stupito
amazing,sorprendente
ambassador,ambasciatore
ambition,ambizione
ambitious,ambizioso
ambulance,ambulanza
amend,modificare
amendment,modifica
amid,in mezzo
among,tra
amount,importo
amount,importo
amusing,divertente
analogy,analogia
analyse,analizzare
analysis,analisi
analyst,analista
ancestor,antenato
anchor,ancora
ancient,antico
and,e
angel,angelo
anger,rabbia
angle,angolo
angrily,con rabbia
angry,arrabbiato
animal,animale
animation,animazione
ankle,caviglia
anniversary,anniversario
announce,annuncio
announcement,annuncio
annoy,fastidioso
annoyed,infastidito
annoying,fastidioso
annual,annuale
annually,annualmente
anonymous,anonimo
another,un altro
another,un altro
answer,risposta
answer,risposta
anticipate,anticipare
anxiety,ansia
anxious,ansioso
any,qualsiasi
any,qualsiasi
any,qualsiasi
any more,di più
anybody,chiunque
anyone,chiunque
anything,qualsiasi cosa
anyway,comunque
anywhere,ovunque
anywhere,ovunque
apart,a parte
apartment,appartamento
apologize,chiedere scusa
apology,scuse
app,app
apparatus,apparecchio
apparent,apparente
apparently,apparentemente
appeal,appello
appeal,appello
appealing,attraente
appear,apparire
appearance,aspetto
appetite,appetito
applaud,applaudire
apple,mela
applicable,applicabile
applicant,richiedente
application,applicazione
apply,applicare
appoint,nominare
appointment,appuntamento
appreciate,apprezzare
appreciation,apprezzamento
approach,approccio
approach,approccio
appropriate,appropriato
appropriately,opportunamente
approval,approvazione
approve,approvare
approximately,circa
April,Aprile
arbitrary,arbitrario
architect,architetto
architectural,architettonico
architecture,architettura
archive,archivio
area,area
arena,arena
arguably,probabilmente
argue,argomentare
argument,argomento
arise,sorgere
arm,braccio
arm,braccio
armed,armato
arms,armi
army,esercito
around,intorno
around,intorno
arrange,organizzare
arrangement,disposizione
array,array
arrest,arresto
arrest,arresto
arrival,arrivo
arrive,arrivare
arrow,freccia
art,arte
article,articolo
articulate,articolare
artificial,artificiale
artist,artista
artistic,artistico
artwork,opera d'arte
as,come
as,come
as,come
ash,cenere
ashamed,vergognoso
aside,da parte
ask,chiedere
asleep,addormentato
aspect,aspetto
aspiration,aspirazione
aspire,aspirare
assassination,assassinio
assault,assalto
assault,assalto
assemble,assemblare
assembly,assemblea
assert,affermare
assertion,affermazione
assess,valutare
assessment,valutazione
asset,attività
assign,assegnare
assignment,assegnazione
assist,assistere
assistance,assistenza
assistant,assistente
assistant,assistente
associate,associato
associated,associato
association,associazione
assume,assumere
assumption,ipotesi
assurance,assicurazione
assure,assicurare
astonishing,sorprendente
asylum,asilo
at,a
athlete,atleta
atmosphere,atmosfera
atrocity,atrocità
attach,allegare
attachment,attaccamento
attack,attacco
attack,attacco
attain,raggiungere
attempt,tentativo
attempt,tentativo
attend,partecipare
attendance,presenza
attention,attenzione
attention,attenzione
attitude,atteggiamento
attorney,avvocato
attract,attrarre
attraction,attrazione
attractive,attraente
attribute,attributo
attribute,attributo
auction,asta
audience,pubblico
audio,audio
audit,revisione contabile
August,Agosto
aunt,zia
authentic,autentico
author,autore
authority,autorità
authorize,autorizzare
auto,auto
automatic,automatico
automatically,automaticamente
autonomy,autonomia
autumn,autunno
availability,disponibilità
available,disponibile
average,media
average,media
average,media
avoid,evitare
await,attendere
award,premio
award,premio
aware,consapevole
awareness,consapevolezza
away,via
awful,terribile
awkward,imbarazzante
baby,bambino
back,indietro
back,indietro
back,indietro
back,indietro
backdrop,sfondo
background,sfondo
backing,supporto
backup,backup
backwards,all'indietro
bacteria,batteri
bad,cattivo
badge,distintivo
badly,male
bag,borsa
bail,cauzione
bake,infornare
balance,equilibrio
balance,equilibrio
balanced,equilibrato
ball,palla
ballet,balletto
balloon,palloncino
ballot,scrutinio
ban,divieto
ban,divieto
banana,banana
band,banda
bank,banca
banner,bandiera
bar,bar
bar,bar
bare,nudo
barely,appena
bargain,affare
barrel,barile
barrier,barriera
base,base
base,base
baseball,baseball
based,basato
basement,seminterrato
basic,di base
basically,fondamentalmente
basis,base
basket,cestino
basketball,pallacanestro
bass,basso
bat,mazza
bat,mazza
bath,bagno
bathroom,bagno
battery,batteria
battle,battaglia
battle,battaglia
battlefield,campo di battaglia
bay,baia
be,essere
be,essere
beach,spiaggia
beam,fascio di luce
bean,fagiolo
bear,orso
bear,orso
beast,bestia
beat,battere
beat,battere
beautiful,bella
beauty,bellezza
because,perché
become,diventare
bed,letto
bedroom,camera da letto
bee,ape
beef,manzo
beer,birra
before,prima
before,prima
before,prima
beg,inizio
begin,iniziare
beginning,inizio
behalf,nome
behave,comportarsi
behaviour,comportamento
behind,dietro
behind,dietro
being,essere
belief,credenza
believe,credere
bell,campana
belong,appartenere
beloved,amato
below,sotto
below,sotto
belt,cintura
bench,panchina
benchmark,parametro di riferimento
bend,curva
bend,curva
beneath,sotto
beneficial,vantaggioso
beneficiary,beneficiario
benefit,beneficio
benefit,beneficio
bent,piegato
beside,accanto
besides,oltre a
besides,oltre a
best,migliore
best,migliore
best,migliore
bet,scommessa
bet,scommessa
betray,tradurre
better,meglio
better,meglio
better,meglio
between,tra
between,tra
beyond,oltre
beyond,oltre
bias,sbieco
bicycle,bicicletta
bid,offerta
bid,offerta
big,grande
bike,bicicletta
bill,disegno di legge
bill,disegno di legge
billion,miliardo
bin,bidone
bind,legare
biography,biografia
biological,biologico
biology,biologia
bird,uccello
birth,nascita
birthday,compleanno
biscuit,biscotto
bishop,vescovo
bit,bit
bite,morso
bite,morso
bitter,amaro
bizarre,bizzarro
black,nero
black,nero
blade,lama
blame,colpa
blame,colpa
blank,vuoto
blank,vuoto
blanket,coperta
blast,esplosione
blast,esplosione
bleed,sanguinare
blend,miscela
blend,miscela
bless,benedire
blessing,benedizione
blind,cieco
block,blocco
block,blocco
blog,blog
blonde,bionda
blood,sangue
blow,soffio
blow,soffio
blue,blu
blue,blu
board,bordo
board,bordo
boast,vanto
boat,barca
body,corpo
boil,bollire
bold,audace
bomb,bomba
bomb,bomba
bombing,bombardamento
bond,legame
bone,osso
bonus,bonus
book,libro
book,libro
booking,prenotazione
boom,boom
boost,spinta
boost,spinta
boot,stivale
border,confine
border,confine
bored,annoiato
boring,noioso
born,nato
borrow,prendere in prestito
boss,capo
both,entrambi
both,entrambi
bother,fastidio
bottle,bottiglia
bottom,fondo
bottom,fondo
bounce,rimbalzo
bound,vincolato
boundary,confine
bow,fiocco
bow,fiocco
bowl,ciotola
box,scatola
boy,ragazzo
boyfriend,ragazzo
brain,cervello
branch,ramo
brand,marchio
brand,marchio
brave,coraggioso
breach,violazione
breach,violazione
bread,pane
break,pausa
break,pausa
breakdown,ripartizione
breakfast,colazione
breakthrough,sfondamento
breast,seno
breath,respiro
breathe,respirare
breathing,respirazione
breed,razza
breed,razza
brick,mattone
bride,sposa
bridge,ponte
brief,breve
briefly,brevemente
bright,luminoso
brilliant,brillante
bring,portare
broad,ampio
broadband,banda larga
broadcast,trasmissione
broadcast,trasmissione
broadcaster,emittente
broadly,ampiamente
broken,rotto
brother,fratello
brown,marrone
brown,marrone
browser,browser
brush,pennello
brush,pennello
brutal,brutale
bubble,bolla
buck,dollaro
buddy,amico
budget,bilancio
buffer,tampone
bug,bug
build,costruire
building,edificio
bulk,alla rinfusa
bullet,proiettile
bunch,mazzo
burden,onere
bureaucracy,burocrazia
burial,sepoltura
burn,bruciare
burn,bruciare
burst,scoppio
bury,interramento
bus,autobus
bush,cespuglio
business,attività commerciale
businessman,uomo d'affari
busy,occupato
but,ma
but,ma
butter,burro
button,pulsante
buy,acquistare
by,da
by,da
bye,Ciao
cabin,cabina
cabinet,mobile
cable,cavo
cafe,caffè
cake,torta
calculate,calcolare
calculation,calcolo
call,chiamata
call,chiamata
calm,calma
calm,calma
calm,calma
camera,macchina fotografica
camp,campo
camp,campo
campaign,campagna
campaign,campagna
camping,campeggio
campus,campus
can,può
can,può
canal,canale
cancel,annullare
cancer,cancro
candidate,candidato
candle,candela
cannot,non può
canvas,tela
cap,tappo
capability,capacità
capable,in grado di
capacity,capacità
capital,capitale
capital,capitale
capitalism,il capitalismo
capitalist,capitalista
captain,capitano
capture,cattura
capture,cattura
car,auto
carbon,carbone
card,scheda
care,cura
care,cura
career,carriera
careful,attento
carefully,con attenzione
careless,disattenzione
cargo,carico
carpet,tappeto
carriage,carrozza
carrot,carota
carry,trasportare
cartoon,cartone animato
carve,scolpire
case,caso
cash,contanti
casino,casinò
cast,getto
cast,getto
castle,castello
casual,casuale
casualty,incidente
cat,gatto
catalogue,catalogo
catch,cattura
catch,cattura
category,categoria
cater,cater
cattle,bestiame
cause,causa
cause,causa
caution,cautela
cautious,prudente
cave,grotta
CD,CD
cease,cessare
ceiling,soffitto
celebrate,festeggiare
celebration,celebrazione
celebrity,celebrità
cell,cella
cemetery,cimitero
cent,centesimo
central,centrale
centre,centro
centre,centro
century,secolo
ceremony,cerimonia
certain,certo
certainly,certamente
certainty,certezza
certificate,certificato
chain,catena
chain,catena
chair,sedia
chair,sedia
chairman,presidente
challenge,sfida
challenge,sfida
challenging,impegnativo
chamber,camera
champion,campione
championship,campionato
chance,possibilità
change,cambiamento
change,cambiamento
channel,canale
chaos,caos
chapter,capitolo
character,carattere
characteristic,caratteristica
characteristic,caratteristica
characterize,caratterizzare
charge,carica
charge,carica
charity,beneficenza
charm,fascino
charming,affascinante
chart,grafico
chart,grafico
charter,carta
chase,inseguimento
chase,inseguimento
chat,chat
chat,chat
cheap,economico
cheap,economico
cheat,barare
cheat,barare
check,controllo
check,controllo
cheek,guancia
cheer,tifo
cheer,tifo
cheerful,allegro
cheese,formaggio
chef,cuoco
chemical,chimico
chemical,chimico
chemistry,chimica
chest,petto
chicken,pollo
chief,capo
chief,capo
child,bambino
childhood,infanzia
chip,chip
chocolate,cioccolato
choice,scelta
choir,coro
choose,scegliere
chop,braciola
chronic,cronico
chunk,tronco
church,chiesa
cigarette,sigaretta
cinema,cinema
circle,cerchio
circle,cerchio
circuit,circuito
circulate,circolare
circulation,circolazione
circumstance,circostanza
cite,citare
citizen,cittadino
citizenship,cittadinanza
city,città
civic,civico
civil,civile
civilian,civile
civilian,civile
civilization,civiltà
claim,reclamo
claim,reclamo
clarify,chiarire
clarity,chiarezza
clash,scontro
class,classe
classic,classico
classic,classico
classical,classico
classification,classificazione
classify,classificare
classroom,aula
clause,clausola
clean,pulire
clean,pulire
cleaning,pulizia
clear,chiaro
clear,chiaro
clearly,chiaramente
clerk,impiegato
clever,intelligente
click,clicca
click,clicca
client,cliente
cliff,scogliera
climate,clima
climb,salita
climb,salita
cling,aggrapparsi
clinic,clinica
clinical,clinico
clip,clip
clock,orologio
close,chiudere
close,chiudere
close,chiudere
close,chiudere
closed,chiuso
closely,da vicino
closure,chiusura
cloth,tessuto
clothes,vestiti
clothing,abbigliamento
cloud,nuvola
club,club
clue,indizio
cluster,cluster
coach,allenatore
coach,allenatore
coal,carbone
coalition,coalizione
coast,costa
coastal,costiero
coat,cappotto
cocktail,cocktail
code,codice
coffee,caffè
cognitive,cognitivo
coin,moneta
coincide,coincidere
coincidence,coincidenza
cold,freddo
cold,freddo
collaborate,collaborare
collaboration,collaborazione
collapse,crollo
collapse,crollo
colleague,collega
collect,raccogliere
collection,collezione
collective,collettivo
collector,collettore
college,università
collision,collisione
colonial,coloniale
colony,colonia
colour,colore
coloured,colorato
colourful,colorato
column,colonna
columnist,editorialista
combat,combattimento
combat,combattimento
combination,combinazione
combine,combinare
come,venire
comedy,commedia
comfort,comfort
comfort,comfort
comfortable,confortevole
comic,fumetto
comic,fumetto
command,comando
command,comando
commander,comandante
commence,inizio
comment,commento
comment,commento
commentary,commento
commentator,commentatore
commerce,commercio
commercial,commerciale
commercial,commerciale
commission,commissione
commission,commissione
commissioner,commissario
commit,impegnarsi
commitment,impegno
committee,comitato
commodity,merce
common,comune
commonly,comunemente
communicate,comunicare
communication,comunicazione
communist,comunista
community,comunità
companion,compagno
company,azienda
comparable,comparabile
comparative,comparativo
compare,confrontare
comparison,confronto
compassion,compassione
compel,obbligare
compelling,avvincente
compensate,compensare
compensation,risarcimento
compete,competere
competence,competenza
competent,competente
competition,concorso
competitive,competitivo
competitor,concorrente
compile,compilare
complain,lamentarsi
complaint,reclamo
complement,complemento
complete,completo
complete,completo
completely,completamente
completion,completamento
complex,complesso
complex,complesso
complexity,complessità
compliance,conformità
complicated,complicato
complication,complicazione
comply,rispettare
component,componente
compose,comporre
composer,compositore
composition,composizione
compound,composto
comprehensive,completo
comprise,comprendere
compromise,compromesso
compromise,compromesso
compulsory,obbligatorio
compute,calcolare
computer,computer
conceal,nascondere
concede,concedere
conceive,concepire
concentrate,concentrarsi
concentration,concentrazione
concept,concetto
conception,concezione
concern,preoccupazione
concern,preoccupazione
concerned,interessato
concert,concerto
concession,concessione
conclude,concludere
conclusion,conclusione
concrete,cemento armato
concrete,cemento armato
condemn,condannare
condition,condizione
conduct,condotta
conduct,condotta
confer,conferire
conference,conferenza
confess,confessare
confession,confessione
confidence,fiducia
confident,fiducioso
configuration,configurazione
confine,confinare
confirm,confermare
confirmation,conferma
conflict,conflitto
conflict,conflitto
confront,confrontarsi con
confrontation,confronto
confuse,confondere
confused,confuso
confusing,confuso
confusion,confusione
congratulate,congratularsi
congregation,congregazione
congressional,congressuale
connect,collegare
connected,collegato
connection,connessione
conquer,conquistare
conscience,coscienza
conscious,consapevole
consciousness,coscienza
consecutive,consecutiva
consensus,consenso
consent,consenso
consent,consenso
consequence,conseguenza
consequently,di conseguenza
conservation,conservazione
conservative,conservativo
conservative,conservativo
conserve,conservare
consider,considerare
considerable,considerevole
considerably,notevolmente
consideration,considerazione
consist,consistente
consistency,coerenza
consistent,coerente
consistently,coerentemente
consolidate,consolidare
conspiracy,cospirazione
constant,costante
constantly,costantemente
constituency,circoscrizione elettorale
constitute,costituire
constitution,costituzione
constitutional,costituzionale
constraint,vincolo
construct,costruire
construction,costruzione
consult,consultare
consultant,consulente
consultation,consultazione
consume,consumare
consumer,consumatore
consumption,consumo
contact,contatto
contact,contatto
contain,contenere
container,contenitore
contemplate,contemplare
contemporary,contemporaneo
contempt,disprezzo
contend,contendere
contender,contendente
content,contenuto
content,contenuto
contention,contesa
contest,concorso
contest,concorso
context,contesto
continent,continente
continually,continuamente
continue,continuare
continuous,continuo
contract,contratto
contract,contratto
contractor,appaltatore
contradiction,contraddizione
contrary,contrario
contrary,contrario
contrast,contrasto
contrast,contrasto
contribute,contribuire
contribution,contributo
contributor,collaboratore
control,controllo
control,controllo
controversial,controverso
controversy,controversia
convenience,convenienza
convenient,conveniente
convention,convenzione
conventional,convenzionale
conversation,conversazione
conversion,conversione
convert,convertire
convey,trasmettere
convict,detenuto
conviction,convinzione
convince,convincere
convinced,convinto
convincing,convincente
cook,cuoco
cook,cuoco
cooker,fornello
cooking,cottura
cool,fresco
cool,fresco
cooperate,collaborare
cooperative,cooperativa
coordinate,coordinare
coordination,coordinamento
coordinator,coordinatore
cop,poliziotto
cope,piviale
copper,rame
copy,copia
copy,copia
copyright,copyright
core,nucleo
core,nucleo
corner,angolo
corporate,aziendale
corporation,società
correct,corretto
correct,corretto
correction,correzione
correctly,correttamente
correlate,correlare
correlation,correlazione
correspond,corrispondere
correspondence,corrispondenza
correspondent,corrispondente
corresponding,corrispondente
corridor,corridoio
corrupt,corrotto
corruption,corruzione
cost,costo
cost,costo
costly,costoso
costume,costume
cottage,cottage
cotton,cotone
could,potrebbe
council,Consiglio
councillor,consigliere
counselling,consulenza
counsellor,consulente
count,conteggio
count,conteggio
counter,contatore
counter,contatore
counterpart,controparte
countless,innumerevoli
country,Paese
countryside,campagna
county,contea
coup,colpo di stato
couple,coppia
courage,coraggio
course,corso
court,tribunale
courtesy,cortesia
cousin,cugino
cover,copertura
cover,copertura
coverage,copertura
covered,coperto
cow,mucca
crack,crepa
crack,crepa
craft,artigianato
craft,artigianato
crash,incidente
crash,incidente
crawl,strisciare
crazy,pazzo
cream,crema
cream,crema
create,creare
creation,creazione
creative,creativo
creativity,creatività
creator,creatore
creature,creatura
credibility,credibilità
credible,credibile
credit,credito
credit,credito
creep,strisciante
crew,equipaggio
crime,crimine
criminal,criminale
criminal,criminale
crisis,crisi
criterion,criterio
critic,critico
critical,critico
critically,criticamente
criticism,critica
criticize,criticare
critique,critica
crop,raccolto
cross,croce
cross,croce
crowd,folla
crowded,affollato
crown,corona
crucial,cruciale
crude,grezzo
cruel,crudele
cruise,crociera
cruise,crociera
crush,cotta
cry,piangere
cry,piangere
crystal,cristallo
cue,spunto
cult,culto
cult,culto
cultivate,coltivare
cultural,culturale
culture,cultura
cup,tazza
cupboard,armadio
cure,cura
cure,cura
curiosity,curiosità
curious,curioso
curly,riccio
currency,valuta
current,corrente
current,corrente
currently,attualmente
curriculum,curriculum
curtain,tenda
curve,curva
curve,curva
curved,curvo
custody,custodia
custom,personalizzato
customer,cliente
cut,taglio
cut,taglio
cute,carino
cutting,taglio
cycle,ciclo
cycle,ciclo
cynical,cinico
dad,papà
daily,giornaliero
daily,giornaliero
dairy,caseificio
dairy,caseificio
dam,diga
damage,danni
damage,danni
damaging,dannoso
dance,danza
dance,danza
dancer,ballerina
dancing,danza
danger,pericolo
dangerous,pericoloso
dare,osare
dark,scuro
dark,scuro
darkness,buio
data,dati
database,database
date,data
date,data
daughter,figlia
dawn,alba
day,giorno
dead,morto
deadline,scadenza
deadly,mortale
deal,accordo
deal,accordo
dealer,rivenditore
dear,caro
dear,caro
death,morte
debate,dibattito
debate,dibattito
debris,detriti
debt,debito
debut,debutto
decade,decennio
December,Dicembre
decent,decente
decide,decidere
decision,decisione
decision-making,processo decisionale
decisive,decisivo
deck,ponte
declaration,dichiarazione
declare,dichiarare
decline,declino
decline,declino
decorate,decorare
decoration,decorazione
decrease,diminuzione
decrease,diminuzione
dedicated,dedicato
dedication,dedizione
deed,atto
deem,ritenere
deep,profondo
deep,profondo
deeply,profondamente
default,predefinito
defeat,sconfitta
defeat,sconfitta
defect,difetto
defence,difesa
defend,difendere
defender,difensore
defensive,difensivo
deficiency,carenza
deficit,deficit
define,definire
definite,definito
definitely,definitivamente
definition,definizione
defy,sfidare
degree,grado
delay,ritardo
delay,ritardo
delegate,delegato
delegation,delegazione
delete,cancellare
deliberate,deliberato
deliberately,deliberatamente
delicate,delicato
delicious,delizioso
delight,delizia
delight,delizia
delighted,deliziato
deliver,consegnare
delivery,consegna
demand,domanda
demand,domanda
democracy,democrazia
democratic,democratico
demon,demone
demonstrate,dimostrare
demonstration,dimostrazione
denial,negazione
denounce,denunciare
dense,denso
density,densità
dentist,dentista
deny,negare
depart,partire
department,reparto
departure,partenza
depend,dipendere
dependence,dipendenza
dependent,dipendente
depict,raffigurare
deploy,schierarsi
deployment,dispiegamento
deposit,deposito
deposit,deposito
depressed,depresso
depressing,deprimente
depression,depressione
deprive,privare
depth,profondità
deputy,deputato
derive,derivare
descend,scendere
descent,discesa
describe,descrivere
description,descrizione
desert,deserto
desert,deserto
deserve,meriti
design,design
design,design
designate,designare
designer,designer
desirable,desiderabile
desire,desiderio
desire,desiderio
desk,scrivania
desktop,desktop
desperate,disperato
desperately,disperatamente
despite,nonostante
destination,destinazione
destroy,distruggere
destruction,distruzione
destructive,distruttivo
detail,dettaglio
detail,dettaglio
detailed,dettagliato
detain,trattenere
detect,rilevare
detection,rilevamento
detective,detective
detention,detenzione
deteriorate,deteriorarsi
determination,determinazione
determine,determinare
determined,determinato
devastate,devastare
develop,sviluppare
development,sviluppo
device,dispositivo
devil,diavolo
devise,ideare
devote,dedicare
diagnose,diagnosticare
diagnosis,diagnosi
diagram,diagramma
dialogue,dialogo
diamond,diamante
diary,diario
dictate,dettare
dictator,dittatore
dictionary,dizionario
die,dado
diet,dieta
differ,diverso
difference,differenza
different,diverso
differentiate,differenziare
differently,diversamente
difficult,difficile
difficulty,difficoltà
dig,scavare
digital,digitale
dignity,dignità
dilemma,dilemma
dimension,dimensione
diminish,diminuire
dinner,cena
dip,immersione
diplomat,diplomatico
diplomatic,diplomatico
direct,diretto
direct,diretto
direct,diretto
direction,direzione
directly,direttamente
director,direttore
directory,elenco
dirt,sporco
dirty,sporco
disability,disabilità
disabled,disabilitato
disadvantage,svantaggio
disagree,in disaccordo
disagreement,disaccordo
disappear,scomparire
disappoint,deludere
disappointed,deluso
disappointing,deludente
disappointment,delusione
disaster,disastro
disastrous,disastroso
disc,disco
discard,scartare
discharge,scarico
discipline,disciplina
disclose,rivelare
disclosure,divulgazione
discount,sconto
discount,sconto
discourage,scoraggiare
discourse,discorso
discover,scoprire
discovery,scoperta
discretion,discrezione
discrimination,discriminazione
discuss,discutere
discussion,discussione
disease,malattia
dish,piatto
dishonest,disonesto
disk,disco
dislike,antipatia
dislike,antipatia
dismiss,licenziamento
dismissal,licenziamento
disorder,disordine
displace,spostare
display,display
display,display
disposal,smaltimento
dispose,smaltire
dispute,controversia
dispute,controversia
disrupt,interrompere
disruption,interruzione
dissolve,dissolversi
distance,distanza
distant,distante
distinct,distinto
distinction,distinzione
distinctive,distintivo
distinguish,distinguere
distort,distorcere
distract,distrarsi
distress,angoscia
distress,angoscia
distribute,distribuire
distribution,distribuzione
district,distretto
disturb,disturbare
disturbing,inquietante
dive,immersione
dive,immersione
diverse,diverso
diversity,diversità
divert,deviare
divide,dividere
divide,dividere
divine,divino
division,divisione
divorce,divorzio
divorce,divorzio
divorced,divorziato
do,fare
do,fare
doctor,medico
doctrine,dottrina
document,documento
document,documento
documentary,documentario
documentation,documentazione
dog,cane
dollar,dollaro
domain,dominio
domestic,domestico
dominance,dominio
dominant,dominante
dominate,dominare
donate,donare
donation,donazione
donor,donatore
door,porta
dose,dose
dot,punto
double,doppio
double,doppio
double,doppio
double,doppio
double,doppio
doubt,dubbio
doubt,dubbio
down,giù
down,giù
download,scaricare
download,scaricare
downstairs,al piano di sotto
downstairs,al piano di sotto
downtown,centro città
downtown,centro città
downtown,centro città
downwards,verso il basso
dozen,dozzina
dozen,dozzina
draft,bozza
draft,bozza
drag,trascinare
drain,scarico
drama,dramma
dramatic,drammatico
dramatically,drammaticamente
draw,sorteggio
drawing,disegno
dream,sogno
dream,sogno
dress,abito
dress,abito
dressed,vestito
drift,deriva
drink,bevanda
drink,bevanda
drive,guida
drive,guida
driver,autista
driving,guida
driving,guida
drop,goccia
drop,goccia
drought,siccità
drown,annegare
drug,farmaco
drum,tamburo
drunk,ubriaco
dry,asciutto
dry,asciutto
dual,doppio
dub,doppiare
due,dovuto
dull,noioso
dumb,muto
dump,discarica
duo,duo
duration,durata
during,durante
dust,polvere
duty,dovere
DVD,DVD
dynamic,dinamico
dynamic,dinamico
each,ciascuno
each,ciascuno
each,ciascuno
eager,desideroso
ear,orecchio
early,presto
early,presto
earn,guadagnare
earnings,guadagni
earth,terra
earthquake,terremoto
ease,facilità
ease,facilità
easily,facilmente
east,est
east,est
east,est
eastern,orientale
easy,facile
eat,mangiare
echo,eco
echo,eco
ecological,ecologico
economic,economico
economics,economia
economist,economista
economy,economia
edge,bordo
edit,modifica
edition,edizione
editor,editore
editorial,editoriale
educate,educare
educated,educato
education,educazione
educational,educativo
educator,educatore
effect,effetto
effective,efficace
effectively,efficacemente
effectiveness,efficacia
efficiency,efficienza
efficient,efficiente
efficiently,in modo efficiente
effort,sforzo
egg,uovo
ego,ego
eight,otto
eighteen,diciotto
eighty,ottanta
either,o
either,o
either,o
elaborate,elaborare
elbow,gomito
elderly,anziani
elect,eleggere
election,elezione
electoral,elettorale
electric,elettrico
electrical,elettrico
electricity,elettricità
electronic,elettronica
electronics,elettronica
elegant,elegante
element,elemento
elementary,elementare
elephant,elefante
elevate,elevare
eleven,undici
eligible,ammissibile
eliminate,eliminare
elite,elite
else,altro
elsewhere,altrove
email,e-mail
email,e-mail
embark,imbarcarsi
embarrassed,imbarazzato
embarrassing,imbarazzante
embarrassment,imbarazzo
embassy,ambasciata
embed,incorporato
embody,incarnare
embrace,abbraccio
emerge,emergere
emergence,emergenza
emergency,emergenza
emission,emissione
emotion,emozione
emotional,emozionale
emotionally,emotivamente
emphasis,enfasi
emphasize,enfatizzare
empire,impero
empirical,empirico
employ,impieghi
employee,dipendente
employer,datore di lavoro
employment,occupazione
empower,potenziamento
empty,vuoto
empty,vuoto
enable,abilitazione
enact,emanare
encompass,comprendere
encounter,incontro
encounter,incontro
encourage,incoraggiare
encouragement,incoraggiamento
encouraging,incoraggiante
end,fine
end,fine
endeavour,impegno
ending,fine
endless,infinito
endorse,approvare
endorsement,approvazione
endure,sopportare
enemy,nemico
energy,energia
enforce,applicazione
enforcement,applicazione
engage,impegnarsi
engaged,impegnato
engagement,impegno
engaging,coinvolgente
engine,motore
engineer,ingegnere
engineering,ingegneria
enhance,migliorare
enjoy,godere
enjoyable,piacevole
enormous,enorme
enough,abbastanza
enough,abbastanza
enough,abbastanza
enquire,informarsi
enquiry,richiesta di informazioni
enrich,arricchire
enrol,iscriversi
ensue,seguire
ensure,garantire
enter,entrare
enterprise,impresa
entertain,divertirsi
entertaining,divertente
entertainment,intrattenimento
enthusiasm,entusiasmo
enthusiast,entusiasta
enthusiastic,entusiasta
entire,intero
entirely,interamente
entitle,titolo
entity,entità
entrance,ingresso
entrepreneur,imprenditore
entry,ingresso
envelope,busta
environment,ambiente
environmental,ambientale
epidemic,epidemia
episode,episodio
equal,uguale
equal,uguale
equal,uguale
equality,uguaglianza
equally,ugualmente
equation,equazione
equip,equipaggiamento
equipment,attrezzature
equivalent,equivalente
equivalent,equivalente
era,epoca
erect,eretto
error,errore
erupt,erompere
escalate,aumentare
escape,fuga
escape,fuga
especially,soprattutto
essay,saggio
essence,essenza
essential,essenziale
essentially,essenzialmente
establish,stabilire
establishment,stabilimento
estate,tenuta
estimate,stima
estimate,stima
eternal,eterno
ethic,etica
ethical,etico
ethnic,etnico
euro,euro
evacuate,evacuare
evaluate,valutare
evaluation,valutazione
even,anche
even,anche
evening,sera
event,evento
eventually,eventualmente
ever,mai
every,ogni
everybody,tutti
everyday,tutti i giorni
everyone,tutti
everything,tutto
everywhere,ovunque
evidence,prove
evident,evidente
evil,male
evil,male
evoke,evocare
evolution,evoluzione
evolutionary,evolutivo
evolve,evolversi
exact,esatto
exactly,esattamente
exaggerate,esagerare
exam,esame
examination,esame
examine,esaminare
example,esempio
exceed,superare
excellence,eccellenza
excellent,eccellente
except,tranne
except,tranne
exception,eccezione
exceptional,eccezionale
excess,eccesso
excess,eccesso
excessive,eccessivo
exchange,scambio
exchange,scambio
excited,eccitato
excitement,eccitazione
exciting,eccitante
exclude,escludere
exclusion,esclusione
exclusive,esclusivo
exclusively,esclusivamente
excuse,scusa
excuse,scusa
execute,eseguire
execution,esecuzione
executive,esecutivo
executive,esecutivo
exercise,esercizio
exercise,esercizio
exert,esercitare
exhibit,esposizione
exhibit,esposizione
exhibition,mostra
exile,esilio
exist,esistere
existence,esistenza
exit,uscita
exit,uscita
exotic,esotico
expand,espandere
expansion,espansione
expect,aspettarsi
expectation,aspettativa
expected,previsto
expedition,spedizione
expenditure,spese
expense,spese
expensive,costoso
experience,esperienza
experience,esperienza
experienced,esperto
experiment,esperimento
experiment,esperimento
experimental,sperimentale
expert,esperto
expert,esperto
expertise,competenza
expire,scadere
explain,spiegare
explanation,spiegazione
explicit,esplicito
explicitly,esplicitamente
explode,esplodere
exploit,sfruttare
exploitation,sfruttamento
exploration,esplorazione
explore,esplorare
explosion,esplosione
explosive,esplosivo
explosive,esplosivo
export,esportazione
export,esportazione
expose,esporre
exposure,esposizione
express,espresso
expression,espressione
extend,estendere
extension,estensione
extensive,estensivo
extensively,estensivamente
extent,misura
external,esterno
extra,extra
extra,extra
extra,extra
extract,estratto
extract,estratto
extraordinary,straordinario
extreme,estremo
extreme,estremo
extremely,estremamente
extremist,estremista
eye,occhio
fabric,tessuto
fabulous,favoloso
face,viso
face,viso
facilitate,facilitare
facility,struttura
fact,fatto
faction,fazione
factor,fattore
factory,fabbrica
faculty,facoltà
fade,dissolvenza
fail,fallire
failed,fallito
failure,fallimento
fair,equo
fairly,equamente
fairness,equità
faith,fede
fake,falso
fall,caduta
fall,caduta
false,falso
fame,fama
familiar,familiare
family,famiglia
family,famiglia
famous,famoso
fan,ventilatore
fancy,fantasia
fancy,fantasia
fantastic,fantastico
fantasy,fantasia
far,lontano
far,lontano
fare,tariffa
farm,azienda agricola
farm,azienda agricola
farmer,agricoltore
farming,agricoltura
fascinating,affascinante
fashion,moda
fashionable,alla moda
fast,veloce
fast,veloce
fasten,fissare
fat,grasso
fat,grasso
fatal,fatale
fate,destino
father,padre
fault,difetto
favour,favore
favour,favore
favourable,favorevole
favourite,preferito
favourite,preferito
fear,paura
fear,paura
feat,impresa
feather,piuma
feature,caratteristica
feature,caratteristica
February,Febbraio
federal,federale
fee,tassa
feed,alimentazione
feed,alimentazione
feedback,feedback
feeding,alimentazione
feel,sentire
feel,sentire
feeling,sentimento
fellow,compagno
female,femminile
female,femminile
feminist,femminista
feminist,femminista
fence,recinzione
festival,festival
fever,febbre
few,pochi
few,pochi
few,pochi
fibre,fibra
fiction,narrativa
field,campo
fierce,feroce
fifteen,quindici
fifth,quinto
fifty,cinquanta
fight,lotta
fight,lotta
fighting,combattimento
figure,figura
figure,figura
file,file
file,file
fill,riempire
film,film
film,film
film-maker,regista
filter,filtro
filter,filtro
final,finale
final,finale
finally,finalmente
finance,finanza
finance,finanza
financial,finanziario
find,trovare
finding,trovare
fine,fine
fine,fine
fine,fine
finger,dito
finish,finitura
finish,finitura
fire,incendio
fire,incendio
firearm,arma da fuoco
firefighter,pompiere
firework,fuoco d'artificio
firm,ditta
firm,ditta
firmly,saldamente
first,prima
first,prima
first,prima
first,prima
firstly,in primo luogo
fish,pesce
fish,pesce
fishing,pesca
fit,in forma
fit,in forma
fit,in forma
fitness,fitness
five,cinque
fix,fissare
fix,fissare
fixed,fisso
fixture,apparecchio
flag,bandiera
flame,fiamma
flash,flash
flash,flash
flat,piatto
flat,piatto
flavour,sapore
flaw,difetto
flawed,imperfetto
flee,fuggire
fleet,flotta
flesh,carne
flexibility,flessibilità
flexible,flessibile
flight,volo
float,galleggiante
flood,alluvione
flood,alluvione
floor,pavimento
flour,farina
flourish,prosperare
flow,flusso
flow,flusso
flower,fiore
flu,influenza
fluid,fluido
fly,mosca
fly,mosca
flying,volare
flying,volare
focus,focus
focus,focus
fold,piega
fold,piega
folding,ripiegamento
folk,folk
folk,folk
follow,seguire
following,a seguire
following,a seguire
following,a seguire
fond,affezionato
food,cibo
fool,sciocco
foot,piede
footage,filmati
football,calcio
for,per
forbid,vietare
force,forza
force,forza
forecast,previsione
forecast,previsione
foreign,estero
foreigner,straniero
forest,foresta
forever,per sempre
forge,Fucina
forget,dimenticare
forgive,perdonare
fork,forcella
form,forma
form,forma
formal,formale
format,formato
formation,formazione
former,precedente
formerly,in precedenza
formula,formula
formulate,formulare
forth,avanti
forthcoming,prossimamente
fortunate,fortunato
fortunately,fortunatamente
fortune,fortuna
forty,quaranta
forum,forum
forward,in avanti
forward,in avanti
fossil,fossile
foster,affidatario
found,trovato
foundation,fondazione
founder,fondatore
four,quattro
fourteen,quattordici
fourth,quarto
fraction,frazione
fragile,fragile
fragment,frammento
frame,telaio
frame,telaio
framework,quadro
franchise,franchising
frankly,francamente
fraud,frode
free,libero
free,libero
free,libero
freedom,libertà
freely,liberamente
freeze,congelamento
frequency,frequenza
frequent,frequente
frequently,frequentemente
fresh,fresco
Friday,Venerdì
fridge,frigorifero
friend,amico
friendly,amichevole
friendship,amicizia
frighten,spaventare
frightened,spaventato
frightening,spaventoso
frog,rana
from,da
front,fronte
front,fronte
frozen,congelato
fruit,frutta
frustrated,frustrato
frustrating,frustrante
frustration,frustrazione
fry,friggere
fuel,carburante
fuel,carburante
fulfil,adempiere
full,completo
full-time,a tempo pieno
full-time,a tempo pieno
fully,completamente
fun,divertimento
fun,divertimento
function,funzione
function,funzione
functional,funzionale
fund,fondo
fund,fondo
fundamental,fondamentale
fundamentally,fondamentalmente
funding,finanziamento
fundraising,raccolta fondi
funeral,funerale
funny,divertente
fur,pelliccia
furious,furioso
furniture,mobili
further,ulteriormente
further,ulteriormente
furthermore,inoltre
future,futuro
future,futuro
gain,guadagno
gain,guadagno
gallery,galleria
gallon,gallone
gambling,gioco d'azzardo
game,gioco
gaming,gioco
gang,banda
gap,divario
garage,garage
garden,giardino
gas,gas
gate,cancello
gather,riunirsi
gathering,raccolta
gay,gay
gaze,sguardo
gaze,sguardo
gear,ingranaggio
gender,genere
gene,gene
general,generale
generally,in generale
generate,generare
generation,generazione
generic,generico
generous,generoso
genetic,genetico
genius,genio
genocide,genocidio
genre,genere
gentle,dolce
gentleman,gentiluomo
genuine,genuino
genuinely,genuinamente
geography,geografia
gesture,gesto
get,ottenere
ghost,fantasma
giant,gigante
giant,gigante
gift,regalo
gig,calesse
girl,ragazza
girlfriend,fidanzata
give,dare
glad,contento
glance,sguardo
glance,sguardo
glass,vetro
glimpse,intravedere
global,globale
globalization,globalizzazione
globe,globo
glorious,glorioso
glory,gloria
glove,guanto
go,andare
go,andare
goal,obiettivo
god,Dio
gold,oro
gold,oro
golden,d'oro
golf,golf
good,buono
good,buono
goodbye,addio
goodbye,addio
goodness,bontà
goods,merci
gorgeous,splendido
govern,governare
governance,governance
government,governo
governor,governatore
grab,afferrare
grace,grazia
grade,grado
grade,grado
gradually,gradualmente
graduate,laureato
graduate,laureato
grain,grano
grand,grande
grandfather,nonno
grandmother,nonna
grandparent,nonno
grant,sovvenzione
grant,sovvenzione
graphic,grafico
graphics,grafica
grasp,cogliere
grasp,cogliere
grass,erba
grateful,grato
grave,tomba
grave,tomba
gravity,gravità
great,grande
greatly,molto
green,verde
green,verde
greenhouse,serra
greet,saluto
grey,grigio
grey,grigio
grid,griglia
grief,dolore
grin,sorriso
grin,sorriso
grind,macinare
grip,impugnatura
grip,impugnatura
grocery,drogheria
gross,lordo
ground,terra
group,gruppo
grow,crescere
growth,crescita
guarantee,garanzia
guarantee,garanzia
guard,guardia
guard,guardia
guerrilla,guerriglia
guess,indovinare
guess,indovinare
guest,ospite
guidance,guida
guide,guida
guide,guida
guideline,linea guida
guilt,senso di colpa
guilty,colpevole
guitar,chitarra
gun,pistola
gut,budello
guy,ragazzo
gym,palestra
habit,abitudine
habitat,habitat
hail,grandine
hair,capelli
half,metà
half,metà
half,metà
half,metà
halfway,a metà strada
hall,sala
halt,alt
halt,alt
hand,mano
hand,mano
handful,maneggevole
handle,maniglia
handle,maniglia
handling,manipolazione
handy,a portata di mano
hang,appendere
happen,accadere
happily,felicemente
happiness,felicità
happy,felice
harassment,molestie
harbour,porto
hard,duro
hard,duro
hardly,difficilmente
hardware,hardware
harm,danno
harm,danno
harmful,dannoso
harmony,armonia
harsh,duro
harvest,raccolto
harvest,raccolto
hat,cappello
hate,odio
hate,odio
hatred,odio
haunt,caccia
have,avere
have,avere
have to,devono
hazard,pericolo
he,lui
head,testa
head,testa
headache,mal di testa
headline,Titolo
headquarters,sede centrale
heal,guarire
health,salute
healthcare,assistenza sanitaria
healthy,sano
hear,sentire
hearing,udienza
heart,cuore
heat,calore
heat,calore
heating,riscaldamento
heaven,cielo
heavily,pesantemente
heavy,pesante
heel,tallone
height,altezza
heighten,aumentare
helicopter,elicottero
hell,inferno
hello,ciao
hello,ciao
helmet,casco
help,Aiuto
help,Aiuto
helpful,utile
hence,quindi
her,lei
her,lei
herb,erba
here,qui
heritage,patrimonio
hero,eroe
hers,il suo
herself,se stessa
hesitate,esitare
hey,Ehi
hi,Ciao
hidden,nascosto
hide,nascondersi
hierarchy,gerarchia
high,alto
high,alto
high,alto
high-profile,alto profilo
highlight,Evidenziare
highlight,Evidenziare
highly,altamente
highway,autostrada
hilarious,esilarante
hill,collina
him,lui
himself,stesso
hint,suggerimento
hint,suggerimento
hip,anca
hire,noleggio
hire,noleggio
his,il suo
his,il suo
historian,storico
historic,storico
historical,storico
history,storia
hit,colpito
hit,colpito
hobby,hobby
hockey,hockey
hold,tenere
hold,tenere
hole,buco
holiday,vacanza
hollow,cava
holy,santo
home,casa
home,casa
home,casa
homeland,patria
homeless,senza fissa dimora
homework,compiti a casa
honest,onesto
honesty,onestà
honour,onore
honour,onore
hook,gancio
hook,gancio
hope,speranza
hope,speranza
hopeful,speranzoso
hopefully,Si spera
horizon,orizzonte
horn,corno
horrible,orribile
horror,orrore
horse,cavallo
hospital,ospedale
host,ospite
host,ospite
hostage,ostaggio
hostile,ostile
hostility,ostilità
hot,caldo
hotel,albergo
hour,ora
house,casa
house,casa
household,famiglia
housing,abitazione
how,come
however,tuttavia
huge,enorme
human,umano
human,umano
humanitarian,umanitario
humanity,umanità
humble,umile
humorous,umoristico
humour,umorismo
hundred,cento
hunger,fame
hungry,affamato
hunt,caccia
hunt,caccia
hunting,caccia
hurricane,uragano
hurry,fretta
hurry,fretta
hurt,ferito
hurt,ferito
hurt,ferito
husband,marito
hydrogen,idrogeno
hypothesis,ipotesi
I,I
ice,ghiaccio
ice cream,gelato
icon,icona
ID,ID
idea,idea
ideal,ideale
ideal,ideale
identical,identico
identification,identificazione
identify,identificare
identity,identità
ideological,ideologico
ideology,ideologia
idiot,idiota
if,se
ignorance,ignoranza
ignore,ignorare
ill,malato
illegal,illegale
illness,malattia
illusion,illusione
illustrate,illustrare
illustration,illustrazione
image,immagine
imagery,immagini
imaginary,immaginario
imagination,immaginazione
imagine,immaginare
immediate,immediato
immediately,immediatamente
immense,immenso
immigrant,immigrato
immigration,immigrazione
imminent,imminente
immune,immune
impact,impatto
impact,impatto
impatient,impaziente
implement,implementare
implementation,implementazione
implication,implicazione
imply,implicitamente
import,Importazione
import,Importazione
importance,importanza
important,importante
impose,imporre
impossible,impossibile
impress,impressionare
impressed,impressionato
impression,impressione
impressive,impressionante
imprison,carcere
imprisonment,reclusione
improve,migliorare
improvement,miglioramento
in,in
in,in
inability,incapacità
inadequate,inadeguato
inappropriate,inopportuno
incentive,incentivo
inch,pollice
incidence,incidenza
incident,incidente
inclined,inclinato
include,includere
included,incluso
including,compreso
inclusion,inclusione
income,reddito
incorporate,incorporare
incorrect,non corretto
increase,aumento
increase,aumento
increasingly,sempre più
incredible,incredibile
incredibly,incredibilmente
incur,incorrere
indeed,infatti
independence,indipendenza
independent,indipendente
index,indice
indicate,indicare
indication,indicazione
indicator,indicatore
indictment,imputazione
indigenous,indigena
indirect,indiretto
individual,individuale
individual,individuale
indoor,interno
indoors,all'interno
induce,indurre
indulge,assecondare
industrial,industriale
industry,industria
inequality,disuguaglianza
inevitable,inevitabile
inevitably,inevitabilmente
infamous,infame
infant,neonato
infect,infetto
infection,infezione
infer,dedurre
inflation,inflazione
inflict,infliggere
influence,influenza
influence,influenza
influential,influente
info,info
inform,informare
informal,informale
information,informazioni
infrastructure,infrastruttura
ingredient,ingrediente
inhabitant,abitante
inherent,inerente
inherit,ereditare
inhibit,inibire
initial,iniziale
initially,inizialmente
initiate,iniziare
initiative,iniziativa
inject,iniettare
injection,iniezione
injure,ferire
injured,ferito
injury,infortunio
injustice,ingiustizia
ink,inchiostro
inmate,detenuto
inner,interno
innocent,innocente
innovation,innovazione
innovative,innovativo
input,ingresso
inquiry,inchiesta
insect,insetto
insert,inserto
insertion,inserimento
inside,all'interno
inside,all'interno
inside,all'interno
inside,all'interno
insider,insider
insight,intuizione
insist,insistere
inspect,ispezionare
inspection,ispezione
inspector,ispettore
inspiration,ispirazione
inspire,ispirare
install,installare
installation,installazione
instance,istanza
instant,istantaneo
instantly,istantaneamente
instead,invece
instinct,istinto
institute,Istituto
institution,istituzione
institutional,istituzionale
instruct,istruire
instruction,istruzione
instructor,istruttore
instrument,strumento
instrumental,strumentale
insufficient,insufficiente
insult,insulto
insult,insulto
insurance,assicurazione
intact,intatto
intake,assunzione
integral,integrale
integrate,integrare
integrated,integrato
integration,integrazione
integrity,integrità
intellectual,intellettuale
intellectual,intellettuale
intelligence,intelligenza
intelligent,intelligente
intend,intendere
intended,inteso
intense,intenso
intensify,intensificare
intensity,intensità
intensive,intensivo
intent,intento
intention,intenzione
interact,interagire
interaction,interazione
interactive,interattivo
interest,interesse
interest,interesse
interested,interessato
interesting,interessante
interface,interfaccia
interfere,interferire
interference,interferenza
interim,intermedio
interior,interno
interior,interno
intermediate,intermedio
internal,interno
international,internazionale
internet,internet
interpret,interpretare
interpretation,interpretazione
interrupt,interrompere
interval,intervallo
intervene,intervenire
intervention,intervento
interview,intervista
interview,intervista
intimate,intimo
into,in
intriguing,intrigante
introduce,introdurre
introduction,introduzione
invade,invadere
invasion,invasione
invent,inventare
invention,invenzione
invest,investire
investigate,indagare
investigation,indagine
investigator,investigatore
investment,investimento
investor,investitore
invisible,invisibile
invitation,invito
invite,invito
invoke,invocare
involve,coinvolgere
involved,coinvolto
involvement,coinvolgimento
iron,ferro
iron,ferro
ironic,ironico
ironically,ironicamente
irony,ironia
irrelevant,irrilevante
island,isola
isolate,isolare
isolated,isolato
isolation,isolamento
issue,questione
issue,questione
IT,IT
it,esso
item,articolo
its,il suo
itself,stesso
jacket,giacca
jail,carcere
jail,carcere
jam,marmellata
January,Gennaio
jazz,jazz
jeans,jeans
jet,getto
jewellery,gioielli
job,lavoro
join,unirsi
joint,congiunto
joint,congiunto
joke,scherzo
joke,scherzo
journal,diario
journalism,giornalismo
journalist,giornalista
journey,viaggio
joy,gioia
judge,giudice
judge,giudice
judgement,giudizio
judicial,giudiziario
juice,succo di frutta
July,Luglio
jump,salto
jump,salto
junction,giunzione
June,Giugno
junior,junior
jurisdiction,giurisdizione
jury,giuria
just,solo
just,solo
justice,giustizia
justification,giustificazione
justify,giustificare
keen,appassionato
keep,tenere
key,chiave
key,chiave
key,chiave
keyboard,tastiera
kick,calcio
kick,calcio
kid,bambino
kidnap,rapimento
kidney,rene
kill,uccidere
killing,uccisione
kilometre,chilometro
kind,tipo
kind,tipo
king,re
kingdom,regno
kiss,bacio
kiss,bacio
kit,kit
kitchen,cucina
knee,Ginocchio
knife,coltello
knock,bussare
knock,bussare
know,conoscere
knowledge,conoscenza
lab,laboratorio
label,etichetta
label,etichetta
laboratory,laboratorio
labour,lavoro
lack,mancanza
lack,mancanza
lad,ragazzo
ladder,scala
lady,signora
lake,lago
lamp,lampada
land,terra
land,terra
landing,atterraggio
landlord,padrone di casa
landmark,punto di riferimento
landscape,paesaggio
lane,corsia
language,lingua
lap,giro
laptop,portatile
large,grande
large-scale,su larga scala
largely,in gran parte
laser,laser
last,ultimo
last,ultimo
last,ultimo
last,ultimo
late,in ritardo
late,in ritardo
lately,Ultimamente
later,più tardi
later,più tardi
latest,ultimo
latest,ultimo
latter,quest'ultimo
latter,quest'ultimo
laugh,ridere
laugh,ridere
laughter,risate
launch,lancio
launch,lancio
law,legge
lawn,prato
lawsuit,causa
lawyer,avvocato
lay,laico
layer,strato
layout,layout
lazy,pigro
lead,piombo
lead,piombo
leader,leader
leadership,leadership
leading,leader
leaf,foglia
leaflet,foglietto illustrativo
league,campionato
leak,perdita
leak,perdita
lean,magro
leap,salto
leap,salto
learn,imparare
learning,apprendimento
least,meno
least,meno
least,meno
leather,pelle
leave,congedo
leave,congedo
lecture,lezione
lecture,lezione
left,sinistra
left,sinistra
left,sinistra
leg,gamba
legacy,eredità
legal,legale
legend,leggenda
legendary,leggendario
legislation,legislazione
legislative,legislativo
legislature,legislatura
legitimate,legittimo
leisure,tempo libero
lemon,limone
lend,Prestare
length,lunghezza
lengthy,lungo
lens,lente
lesbian,lesbica
less,meno
less,meno
less,meno
lesser,minore
lesson,lezione
let,lasciare che
lethal,letale
letter,lettera
level,livello
level,livello
level,livello
liable,responsabile
liberal,liberale
liberal,liberale
liberation,liberazione
liberty,libertà
library,biblioteca
licence,licenza
license,licenza
lie,bugia
lie,bugia
lie,bugia
life,vita
lifelong,per tutta la vita
lifestyle,stile di vita
lifetime,durata della vita
lift,ascensore
lift,ascensore
light,luce
light,luce
light,luce
lighting,illuminazione
like,come
like,come
like,come
likelihood,probabilità
likely,probabile
likewise,Allo stesso modo
limb,arto
limit,limite
limit,limite
limitation,limitazione
limited,limitato
line,linea
line,linea
line-up,formazione
linear,lineare
linger,zenzero
link,link
link,link
lion,leone
lip,labbro
liquid,liquido
liquid,liquido
list,elenco
list,elenco
listen,ascoltare
listener,ascoltatore
listing,quotazione
literacy,alfabetizzazione
literally,letteralmente
literary,letterario
literature,letteratura
litre,litro
litter,lettiera
little,poco
little,poco
little,poco
little,poco
live,dal vivo
live,dal vivo
live,dal vivo
lively,vivace
liver,fegato
living,vivere
living,vivere
load,carico
load,carico
loan,prestito
lobby,lobby
lobby,lobby
local,locale
local,locale
locate,individuare
located,situato
location,posizione
lock,serratura
lock,serratura
log,log
log,log
logic,logica
logical,logico
logo,logo
lonely,solitario
long,lungo
long,lungo
long-standing,di lunga data
long-term,a lungo termine
long-term,a lungo termine
long-time,a lungo
look,sguardo
look,sguardo
loom,telaio
loop,anello
loose,sciolto
lord,Signore
lorry,camion
lose,perdere
loss,perdita
lost,perso
lot,lotto
lot,lotto
lot,lotto
lottery,lotteria
loud,forte
loud,forte
loudly,ad alta voce
love,amore
love,amore
lovely,bella
low,basso
low,basso
low,basso
lower,inferiore
loyal,leale
loyalty,fedeltà
luck,fortuna
lucky,fortunato
lunch,pranzo
lung,polmone
luxury,lusso
luxury,lusso
lyric,lirica
machine,macchina
machinery,macchinari
mad,pazzo
magazine,rivista
magic,magia
magic,magia
magical,magico
magistrate,magistrato
magnetic,magnetico
magnificent,magnifico
magnitude,magnitudo
mail,posta
mail,posta
main,principale
mainland,terraferma
mainly,principalmente
mainstream,mainstream
mainstream,mainstream
maintain,mantenere
maintenance,manutenzione
major,maggiore
major,maggiore
majority,maggioranza
make,fare
make,fare
make-up,trucco
making,realizzazione
male,maschile
male,maschile
mall,centro commerciale
man,uomo
manage,gestire
management,gestione
manager,manager
mandate,mandato
mandatory,obbligatorio
manifest,manifesto
manipulate,manipolare
manipulation,manipolazione
manner,modo
manufacture,fabbricazione
manufacturing,produzione
manuscript,manoscritto
many,molti
many,molti
map,mappa
map,mappa
marathon,maratona
March,Marzo
march,marcia
march,marcia
margin,margine
marginal,marginale
marine,marino
mark,marchio
mark,marchio
marker,marcatore
market,mercato
market,mercato
marketing,marketing
marketplace,mercato
marriage,matrimonio
married,sposato
marry,sposarsi
martial,marziale
mask,maschera
mass,massa
mass,massa
massacre,massacro
massive,massiccio
master,maestro
master,maestro
match,partita
match,partita
matching,abbinamento
mate,compagno
mate,compagno
material,materiale
material,materiale
mathematical,matematico
mathematics,matematica
maths,matematica
matter,materia
matter,materia
mature,maturo
mature,maturo
maximize,massimizzare
maximum,massimo
maximum,massimo
May,Maggio
may,può
maybe,forse
mayor,sindaco
me,me
meal,pasto
mean,media
meaning,significato
meaningful,significativo
means,mezzi
meantime,nel frattempo
meanwhile,nel frattempo
measure,misura
measure,misura
measurement,misura
meat,carne
mechanic,meccanico
mechanical,meccanico
mechanism,meccanismo
medal,medaglia
media,media
medical,medico
medication,farmaci
medicine,medicina
medieval,medievale
meditation,meditazione
medium,medio
medium,medio
meet,incontrarsi
meeting,riunione
melody,melodia
melt,fondere
member,membro
membership,appartenenza
memo,promemoria
memoir,memoriale
memorable,memorabile
memorial,memoriale
memory,memoria
mental,mentale
mention,menzione
mention,menzione
mentor,mentore
menu,menu
merchant,commerciante
mercy,misericordia
mere,semplice
merely,semplicemente
merge,fusione
merger,fusione
merit,merito
mess,disordine
message,messaggio
metal,metallo
metaphor,metafora
method,metodo
methodology,metodologia
metre,metro
middle,centrale
middle,centrale
midnight,mezzanotte
midst,a metà strada
might,potrebbe
migration,migrazione
mild,mite
mile,miglio
militant,militante
militant,militante
military,militare
military,militare
militia,milizia
milk,latte
mill,mulino
million,milioni di euro
mind,mente
mind,mente
mine,miniera
mine,miniera
miner,minatore
mineral,minerale
minimal,minimo
minimize,minimizzare
minimum,minimo
minimum,minimo
mining,estrazione mineraria
minister,ministro
ministry,ministero
minor,minore
minority,minoranza
minute,minuto
minute,minuto
miracle,miracolo
mirror,specchio
miserable,miserabile
misery,infelicità
misleading,fuorviante
miss,miss
missile,missile
missing,mancante
mission,missione
mistake,errore
mistake,errore
mix,miscela
mix,miscela
mixed,misto
mixture,miscela
mob,folla
mobile,mobile
mobile,mobile
mobility,mobilità
mobilize,mobilitare
mode,modalità
model,modello
model,modello
moderate,moderato
modern,moderno
modest,modesto
modification,modifica
modify,modificare
moment,momento
momentum,momento
Monday,Lunedì
money,denaro
monitor,monitor
monitor,monitor
monk,monaco
monkey,scimmia
monopoly,monopolio
monster,mostro
month,mese
monthly,mensile
monument,monumento
mood,umore
moon,luna
moral,morale
moral,morale
morality,moralità
more,di più
more,di più
more,di più
moreover,inoltre
morning,mattina
mortgage,ipoteca
mosque,moschea
most,più
most,più
most,più
mostly,per lo più
mother,madre
motion,movimento
motivate,motivare
motivation,motivazione
motive,motivo
motor,motore
motor,motore
motorcycle,motocicletta
motorist,automobilista
mount,montare
mountain,montagna
mouse,topo
mouth,bocca
move,muoversi
move,muoversi
movement,movimento
movie,film
moving,in movimento
much,molto
much,molto
much,molto
mud,fango
multiple,multiplo
multiply,moltiplicare
mum,mamma
municipal,comunale
murder,omicidio
murder,omicidio
muscle,muscolare
museum,museo
music,musica
musical,musicale
musical,musicale
musician,musicista
must,mosto
mutual,reciproco
my,mio
myself,me stesso
mysterious,misterioso
mystery,mistero
myth,mito
nail,chiodo
naked,nudo
name,nome
name,nome
namely,ovvero
narrative,narrativa
narrative,narrativa
narrow,stretto
narrow,stretto
nasty,brutto
nation,nazione
national,nazionale
national,nazionale
nationwide,a livello nazionale
native,nativo
native,nativo
natural,naturale
naturally,naturalmente
nature,natura
naval,navale
navigation,navigazione
near,vicino
near,vicino
near,vicino
nearby,nelle vicinanze
nearby,nelle vicinanze
nearly,quasi
neat,pulito
necessarily,necessariamente
necessary,necessario
necessity,necessità
neck,collo
need,necessità
need,necessità
need,necessità
needle,ago
negative,negativo
negative,negativo
neglect,trascuratezza
neglect,trascuratezza
negotiate,negoziare
negotiation,negoziazione
neighbour,vicino
neighbourhood,quartiere
neighbouring,vicino
neither,né
neither,né
neither,né
nerve,nervo
nervous,nervoso
nest,nido
net,rete
net,rete
network,rete
neutral,neutro
never,mai
nevertheless,tuttavia
new,nuovo
newly,di recente
news,notizie
newsletter,newsletter
newspaper,giornale
next,prossimo
next,prossimo
next,prossimo
next to,accanto a
nice,bello
niche,nicchia
night,notte
nightmare,incubo
nine,nove
nineteen,diciannove
ninety,novanta
no,no
no,no
no one,nessuno
noble,nobile
nobody,nessuno
nod,annuire
noise,rumore
noisy,rumoroso
nominate,nominare
nomination,nomina
nominee,candidato
non-profit,senza scopo di lucro
none,nessuno
nonetheless,tuttavia
nonsense,insensato
noon,mezzogiorno
nor,né
nor,né
norm,norma
normal,normale
normal,normale
normally,normalmente
north,nord
north,nord
north,nord
northern,Nord
nose,naso
not,non
notable,notevole
notably,in particolare
note,nota
note,nota
notebook,taccuino
nothing,nulla
notice,avviso
notice,avviso
notify,notificare
notion,nozione
notorious,famigerato
novel,romanzo
novel,romanzo
novelist,romanziere
November,Novembre
now,ora
now,ora
nowadays,al giorno d'oggi
nowhere,da nessuna parte
nuclear,nucleare
number,numero
number,numero
numerous,numerosi
nurse,infermiera
nursery,vivaio
nursing,infermieristica
nut,dado
nutrition,alimentazione
o'clock,ore
obesity,obesità
obey,obbedire
object,oggetto
object,oggetto
objection,obiezione
objective,obiettivo
objective,obiettivo
obligation,obbligo
oblige,obbligare
observation,osservazione
observe,osservare
observer,osservatore
obsess,ossessionare
obsession,ossessione
obstacle,ostacolo
obtain,ottenere
obvious,evidente
obviously,ovviamente
occasion,occasione
occasional,occasionale
occasionally,occasionalmente
occupation,occupazione
occupy,occupare
occur,verificarsi
occurrence,evento
ocean,oceano
October,Ottobre
odd,strano
odds,quote
of,di
off,spento
off,spento
offence,reato
offend,offendere
offender,trasgressore
offensive,offensivo
offer,offerta
offer,offerta
offering,offerta
office,ufficio
officer,ufficiale
official,ufficiale
official,ufficiale
offspring,prole
often,spesso
oh,oh
oil,olio
OK,OK
OK,OK
OK,OK
old,vecchio
old-fashioned,all'antica
on,su
on,su
once,una volta
once,una volta
one,uno
one,uno
one,uno
ongoing,in corso
onion,cipolla
online,online
online,online
only,solo
only,solo
onto,su
open,aperto
open,aperto
opening,apertura
openly,apertamente
opera,opera
operate,operare
operation,operazione
operational,operativo
operator,operatore
opinion,parere
opponent,avversario
opportunity,opportunità
oppose,opporsi
opposed,contrario
opposite,di fronte
opposite,di fronte
opposite,di fronte
opposite,di fronte
opposition,opposizione
opt,optare
optical,ottico
optimism,ottimismo
optimistic,ottimista
option,opzione
or,o
oral,orale
orange,arancione
orange,arancione
orchestra,orchestra
order,ordine
order,ordine
ordinary,ordinario
organ,organo
organic,organico
organization,organizzazione
organizational,organizzativo
organize,organizzare
organized,organizzato
organizer,organizzatore
orientation,orientamento
origin,origine
original,originale
original,originale
originally,originariamente
originate,origine
other,altro
other,altro
otherwise,altrimenti
ought,Dovrebbe
our,nostro
ours,nostro
ourselves,noi stessi
out,fuori
out,fuori
outbreak,focolaio
outcome,risultato
outdoor,all'aperto
outdoors,all'aperto
outer,esterno
outfit,abito
outing,gita
outlet,uscita
outline,contorno
outline,contorno
outlook,prospettive
output,uscita
outrage,oltraggio
outrage,oltraggio
outside,all'esterno
outside,all'esterno
outside,all'esterno
outside,all'esterno
outsider,estraneo
outstanding,eccezionale
oven,forno
over,oltre
over,oltre
overall,complessivo
overall,complessivo
overcome,superato
overlook,trascurare
overly,eccessivamente
overnight,notte
overseas,all'estero
overseas,all'estero
oversee,sorvegliare
overturn,ribaltare
overwhelm,travolgere
overwhelming,travolgente
owe,dovere
own,proprio
own,proprio
own,proprio
owner,proprietario
ownership,proprietà
oxygen,ossigeno
pace,ritmo
pace,ritmo
pack,pacchetto
pack,pacchetto
package,pacchetto
package,pacchetto
packet,pacchetto
pad,cuscinetto
page,pagina
pain,dolore
painful,doloroso
paint,vernice
paint,vernice
painter,pittore
painting,pittura
pair,coppia
palace,palazzo
pale,pallido
palm,palma
pan,padella
panel,pannello
panic,panico
pants,pantaloni
paper,carta
parade,parata
paragraph,paragrafo
parallel,parallelo
parallel,parallelo
parameter,parametro
parent,genitore
parental,genitoriale
parish,parrocchia
park,parco
park,parco
parking,parcheggio
parliament,Parlamento
parliamentary,parlamentare
part,parte
part-time,part-time
partial,parziale
partially,parzialmente
participant,partecipante
participate,partecipare
participation,partecipazione
particular,particolare
particularly,in particolare
partly,in parte
partner,partner
partnership,partnership
party,partito
pass,passaggio
pass,passaggio
passage,passaggio
passenger,passeggero
passing,passaggio
passion,passione
passionate,appassionato
passive,passivo
passport,passaporto
password,password
past,passato
past,passato
past,passato
past,passato
pastor,pastore
patch,toppa
patent,brevetto
path,percorso
pathway,percorso
patience,pazienza
patient,paziente
patient,paziente
patrol,pattuglia
patrol,pattuglia
patron,patrono
pattern,modello
pause,pausa
pause,pausa
pay,retribuzione
pay,retribuzione
payment,pagamento
peace,pace
peaceful,pacifico
peak,picco
peasant,contadino
peculiar,particolare
peer,pari
pen,penna
penalty,pena
pencil,matita
penny,centesimo
pension,pensione
people,persone
pepper,pepe
per,per
per cent,per cento
per cent,per cento
per cent,per cento
perceive,percepire
percentage,percentuale
perception,percezione
perfect,perfetto
perfectly,perfettamente
perform,eseguire
performance,prestazioni
perhaps,forse
period,periodo
permanent,permanente
permanently,permanentemente
permission,permesso
permit,permesso
permit,permesso
persist,persistere
persistent,persistente
person,persona
personal,personale
personality,personalità
personally,personalmente
personnel,personale
perspective,prospettiva
persuade,persuadere
pet,animale domestico
petition,petizione
petrol,benzina
phase,fase
phenomenon,fenomeno
philosopher,filosofo
philosophical,filosofico
philosophy,filosofia
phone,telefono
phone,telefono
photo,foto
photograph,fotografia
photograph,fotografia
photographer,fotografo
photography,fotografia
phrase,frase
physical,fisico
physician,medico
physics,fisica
piano,pianoforte
pick,scegliere
pick,scegliere
picture,immagine
picture,immagine
piece,pezzo
pig,maiale
pile,pila
pile,pila
pill,pillola
pilot,pilota
pin,spillo
pin,spillo
pink,rosa
pink,rosa
pioneer,pioniere
pioneer,pioniere
pipe,tubo
pipeline,conduttura
pirate,pirata
pit,pozzo
pitch,passo
pity,pietà
place,luogo
place,luogo
placement,posizionamento
plain,semplice
plan,piano
plan,piano
plane,aereo
planet,pianeta
planning,pianificazione
plant,impianto
plant,impianto
plastic,plastica
plastic,plastica
plate,piastra
platform,piattaforma
play,gioco
play,gioco
player,giocatore
plea,supplica
plead,supplicare
pleasant,piacevole
please,per favore
please,per favore
pleased,soddisfatto
pleasure,piacere
pledge,pegno
pledge,pegno
plenty,abbondanza
plot,trama
plot,trama
plug,spina
plug,spina
plunge,tuffo
plus,più
plus,più
plus,più
plus,più
pocket,tasca
poem,poesia
poet,poeta
poetry,poesia
point,punto
point,punto
pointed,appuntito
poison,veleno
poison,veleno
poisonous,velenoso
pole,palo
police,polizia
policeman,poliziotto
policy,politica
polite,educato
political,politico
politician,politico
politics,politica
poll,sondaggio
pollution,inquinamento
pond,stagno
pool,piscina
poor,povero
pop,pop
pop,pop
pop,pop
popular,popolare
popularity,popolarità
population,popolazione
port,porto
portfolio,portafoglio
portion,porzione
portrait,ritratto
portray,ritratto
pose,posa
position,posizione
position,posizione
positive,positivo
positive,positivo
possess,possedere
possession,possesso
possibility,possibilità
possible,possibile
possibly,eventualmente
post,posta
post,posta
post-war,dopoguerra
poster,manifesto
postpone,rinviare
pot,vaso
potato,patata
potential,potenziale
potential,potenziale
potentially,potenzialmente
pound,sterlina
pour,versare
poverty,povertà
powder,polvere
power,potenza
power,potenza
powerful,potente
practical,pratico
practice,pratica
practise,esercitarsi
practitioner,praticante
praise,elogio
praise,elogio
pray,pregare
prayer,preghiera
preach,predicare
precede,precedere
precedent,precedente
precious,prezioso
precise,preciso
precisely,precisamente
precision,precisione
predator,predatore
predecessor,predecessore
predict,prevedere
predictable,prevedibile
prediction,Previsione
predominantly,prevalentemente
prefer,preferiscono
preference,preferenza
pregnancy,gravidanza
pregnant,incinta
prejudice,pregiudizio
preliminary,preliminare
premier,premier
premise,premessa
premium,premio
preparation,preparazione
prepare,preparare
prepared,preparato
prescribe,prescrivere
prescription,prescrizione
presence,presenza
present,presente
present,presente
present,presente
presentation,presentazione
presently,attualmente
preservation,conservazione
preserve,preservare
preside,presiedere
presidency,presidenza
president,presidente
presidential,presidenziale
press,stampa
press,stampa
pressure,pressione
prestigious,prestigioso
presumably,presumibilmente
presume,presumere
pretend,fingere
pretty,bella
pretty,bella
prevail,prevalere
prevalence,prevalenza
prevent,prevenire
prevention,prevenzione
previous,precedente
previously,in precedenza
prey,preda
price,prezzo
price,prezzo
pride,orgoglio
priest,sacerdote
primarily,principalmente
primary,primario
prime,primo
prince,principe
princess,principessa
principal,principale
principal,principale
principle,principio
print,stampa
print,stampa
printer,stampante
printing,stampa
prior,precedente
priority,priorità
prison,prigione
prisoner,prigioniero
privacy,privacy
private,privato
privatization,privatizzazione
privilege,privilegio
prize,premio
probability,probabilità
probable,probabile
probably,probabilmente
probe,sonda
probe,sonda
problem,problema
problematic,problematico
procedure,procedura
proceed,procedere
proceeding,procedere
proceeds,proventi
process,processo
process,processo
processing,elaborazione
processor,processore
proclaim,proclamare
produce,produrre
produce,produrre
producer,produttore
product,prodotto
production,produzione
productive,produttivo
productivity,produttività
profession,professione
professional,professionale
professional,professionale
professor,professore
profile,profilo
profit,profitto
profitable,redditizio
profound,profondo
program,programma
program,programma
programme,programma
programming,programmazione
progress,progresso
progress,progresso
progressive,progressivo
prohibit,vietare
project,progetto
project,progetto
projection,proiezione
prominent,importante
promise,promessa
promise,promessa
promising,promettente
promote,promuovere
promotion,promozione
prompt,tempestivamente
pronounce,pronunciarsi
pronounced,pronunciato
proof,prova
propaganda,propaganda
proper,corretto
properly,correttamente
property,proprietà
proportion,proporzione
proposal,proposta
propose,proporre
proposition,proposta
prosecute,perseguire
prosecution,azione penale
prosecutor,procuratore
prospect,prospettiva
prospective,prospettico
prosperity,prosperità
protect,proteggere
protection,protezione
protective,protettivo
protein,proteina
protest,protesta
protest,protesta
protester,manifestante
protocol,protocollo
proud,orgoglioso
prove,dimostrare
provide,fornire
province,provincia
provincial,provinciale
provision,disposizione
provoke,provocare
psychiatric,psichiatrico
psychological,psicologico
psychologist,psicologo
psychology,psicologia
pub,pub
public,pubblico
public,pubblico
publication,pubblicazione
publicity,pubblicità
publish,pubblicare
publishing,editoria
pull,tirare
pull,tirare
pulse,impulso
pump,pompa
pump,pompa
punch,pugno
punch,pugno
punish,punire
punishment,punizione
punk,punk
pupil,alunno
purchase,acquisto
purchase,acquisto
pure,puro
purely,puramente
purple,viola
purple,viola
purpose,scopo
pursue,perseguire
pursuit,inseguimento
push,spingere
push,spingere
put,mettere
puzzle,puzzle
qualification,qualifica
qualified,qualificato
qualify,qualificarsi
quality,qualità
quantity,quantità
quarter,trimestre
queen,regina
query,interrogazione
quest,ricerca
question,domanda
question,domanda
questionnaire,questionario
queue,coda
queue,coda
quick,veloce
quickly,rapidamente
quiet,tranquillo
quietly,tranquillamente
quit,abbandonare
quite,abbastanza
quota,quota
quotation,quotazione
quote,citazione
quote,citazione
race,gara
race,gara
racial,razziale
racing,corsa
racism,razzismo
racist,razzista
racist,razzista
radar,radar
radiation,irradiazione
radical,radicale
radio,radio
rage,rabbia
raid,incursione
raid,incursione
rail,ferrovia
railway,ferrovia
rain,pioggia
rain,pioggia
raise,aumento
rally,rally
rally,rally
random,casuale
range,gamma
range,gamma
rank,rango
rank,rango
ranking,classifica
rape,stupro
rape,stupro
rapid,rapido
rapidly,rapidamente
rare,raro
rarely,raramente
rat,ratto
rate,tasso
rate,tasso
rather,piuttosto
rating,valutazione
ratio,rapporto
rational,razionale
raw,grezzo
ray,raggio
reach,raggiungere
reach,raggiungere
react,reagire
reaction,reazione
read,leggere
reader,lettore
readily,prontamente
reading,lettura
ready,pronto
real,reale
realistic,realistico
reality,realtà
realization,realizzazione
realize,realizzare
really,davvero
realm,regno
rear,posteriore
rear,posteriore
reason,motivo
reasonable,ragionevole
reasonably,ragionevolmente
reasoning,ragionamento
reassure,rassicurare
rebel,ribelle
rebellion,ribellione
rebuild,ricostruire
recall,richiamo
receipt,Ricevuta
receive,ricevere
receiver,ricevitore
recent,recente
recently,recentemente
reception,ricevimento
recession,recessione
recipe,ricetta
recipient,destinatario
reckon,fare i conti
recognition,riconoscimento
recognize,riconoscere
recommend,raccomandare
recommendation,raccomandazione
reconstruction,ricostruzione
record,record
record,record
recording,registrazione
recount,riconteggio
recover,recuperare
recovery,recupero
recruit,reclutamento
recruit,reclutamento
recruitment,reclutamento
recycle,riciclare
red,rosso
red,rosso
reduce,ridurre
reduction,riduzione
refer,riferimento
referee,arbitro
reference,riferimento
referendum,referendum
reflect,riflettere
reflection,riflessione
reform,riforma
reform,riforma
refuge,rifugio
refugee,rifugiato
refusal,rifiuto
refuse,Rifiuto
regain,Riprendere
regard,riguardo
regard,riguardo
regardless,indipendentemente
regime,regime
region,regione
regional,regionale
register,registro
register,registro
registration,registrazione
regret,rammarico
regret,rammarico
regular,regolare
regularly,regolarmente
regulate,regolare
regulation,regolamento
regulator,regolatore
regulatory,regolatore
rehabilitation,riabilitazione
reign,regno
reign,regno
reinforce,rinforzo
reject,scarto
rejection,rifiuto
relate,relazionarsi
related,correlati
relation,relazione
relationship,relazione
relative,relativo
relative,relativo
relatively,relativamente
relax,relax
relaxed,rilassato
relaxing,rilassante
release,rilascio
release,rilascio
relevance,rilevanza
relevant,rilevante
reliability,affidabilità
reliable,affidabile
relief,sollievo
relieve,alleviare
relieved,sollevato
religion,religione
religious,religioso
reluctant,riluttante
rely,affidarsi
remain,rimanere
remainder,resto
remains,resti
remark,osservazione
remark,osservazione
remarkable,notevole
remarkably,notevolmente
remedy,rimedio
remember,ricordare
remind,ricordare
reminder,promemoria
remote,remoto
removal,rimozione
remove,rimuovere
render,rendering
renew,rinnovare
renowned,rinomato
rent,affitto
rent,affitto
rental,noleggio
repair,riparazione
repair,riparazione
repeat,ripetizione
repeat,ripetizione
repeated,ripetuto
replace,sostituire
replacement,sostituzione
reply,risposta
reply,risposta
report,rapporto
report,rapporto
reportedly,secondo quanto riferito
reporter,giornalista
reporting,segnalazione
represent,rappresentare
representation,rappresentazione
representative,rappresentante
representative,rappresentante
reproduce,riprodurre
reproduction,riproduzione
republic,Repubblica
reputation,reputazione
request,richiesta
request,richiesta
require,richiedere
requirement,requisito
rescue,soccorso
rescue,soccorso
research,ricerca
research,ricerca
researcher,ricercatore
resemble,assomigliare
reservation,prenotazione
reserve,riserva
reserve,riserva
reside,risiedere
residence,residenza
resident,residente
resident,residente
residential,residenziale
residue,residuo
resign,dimettersi
resignation,dimissioni
resist,resistere
resistance,resistenza
resolution,risoluzione
resolve,risolvere
resort,località
resource,risorsa
respect,rispetto
respect,rispetto
respective,rispettivo
respectively,rispettivamente
respond,rispondere
response,risposta
responsibility,responsabilità
responsible,responsabile
rest,riposo
rest,riposo
restaurant,ristorante
restoration,restauro
restore,ripristino
restraint,costrizione
restrict,limitare
restriction,restrizione
result,risultato
result,risultato
resume,curriculum vitae
retail,vendita al dettaglio
retain,mantenere
retire,ritirarsi
retired,in pensione
retirement,pensionamento
retreat,ritiro
retreat,ritiro
retrieve,recuperare
return,ritorno
return,ritorno
reveal,rivelare
revelation,rivelazione
revenge,vendetta
revenue,entrate
reverse,inverso
reverse,inverso
reverse,inverso
review,recensione
review,recensione
revise,rivedere
revision,revisione
revival,rinascita
revive,rivivere
revolution,rivoluzione
revolutionary,rivoluzionario
reward,premio
reward,premio
rhetoric,retorica
rhythm,ritmo
rice,riso
rich,ricco
rid,cavalcare
ride,cavalcata
ride,cavalcata
ridiculous,ridicolo
rifle,fucile
right,diritto
right,diritto
right,diritto
ring,anello
ring,anello
riot,sommossa
rip,strappo
rise,aumento
rise,aumento
risk,rischio
risk,rischio
risky,rischioso
ritual,rituale
rival,rivale
rival,rivale
river,fiume
road,strada
rob,robot
robbery,rapina
robot,robot
robust,robusto
rock,roccia
rock,roccia
rocket,razzo
rod,asta
role,ruolo
roll,rotolo
roll,rotolo
romance,romanticismo
romantic,romantico
roof,tetto
room,camera
root,radice
rope,corda
rose,rosa
rotate,ruotare
rotation,rotazione
rough,grezzo
roughly,approssimativamente
round,rotondo
round,rotondo
round,rotondo
round,rotondo
route,percorso
routine,routine
routine,routine
row,fila
royal,reale
rub,strofinare
rubber,gomma
rubber,gomma
rubbish,spazzatura
rude,scortese
rugby,rugby
ruin,rovina
ruin,rovina
rule,regola
rule,regola
ruling,sentenza
rumour,voce
run,corsa
run,corsa
runner,corridore
running,corsa
rural,rurale
rush,corsa
rush,corsa
sack,sacco
sacred,sacro
sacrifice,sacrificio
sacrifice,sacrificio
sad,triste
sadly,tristemente
safe,sicuro
safety,sicurezza
sail,vela
sail,vela
sailing,vela
sailor,marinaio
saint,Santo
sake,sake
salad,insalata
salary,stipendio
sale,vendita
salt,sale
same,stesso
same,stesso
same,stesso
sample,campione
sample,campione
sanction,sanzione
sand,sabbia
sandwich,panino
satellite,satellite
satisfaction,soddisfazione
satisfied,soddisfatto
satisfy,soddisfare
Saturday,Sabato
sauce,salsa
save,salvare
saving,risparmio
say,dire
say,dire
scale,scala
scan,scansione
scandal,scandalo
scare,spaventare
scare,spaventare
scared,spaventato
scary,spaventoso
scattered,sparsi
scenario,scenario
scene,scena
sceptical,scettico
schedule,programma
schedule,programma
scheme,schema
scholar,studioso
scholarship,borsa di studio
school,scuola
science,scienza
scientific,scientifico
scientist,scienziato
scope,ambito di applicazione
score,punteggio
score,punteggio
scratch,graffio
scratch,graffio
scream,urlare
scream,urlare
screen,schermo
screen,schermo
screening,screening
screw,vite
screw,vite
script,sceneggiatura
scrutiny,esame
sculpture,scultura
sea,mare
seal,sigillo
seal,sigillo
search,ricerca
search,ricerca
season,stagione
seat,sede
seat,sede
second,secondo
second,secondo
second,secondo
second,secondo
secondary,secondario
secondly,in secondo luogo
secret,segreto
secret,segreto
secretary,segretario
section,sezione
sector,settore
secular,secolare
secure,sicuro
secure,sicuro
security,sicurezza
see,vedere
seed,seme
seek,cercare
seeker,cercatore
seem,sembrare
seemingly,apparentemente
segment,segmento
seize,sequestrare
seldom,raramente
select,selezionare
selection,selezione
selective,selettivo
self,sé
sell,vendere
seminar,seminario
senator,senatore
send,inviare
senior,senior
sensation,sensazione
sense,senso
sense,senso
sensible,sensibile
sensitive,sensibile
sensitivity,sensibilità
sentence,frase
sentence,frase
sentiment,sentimento
separate,separato
separate,separato
separation,separazione
September,Settembre
sequence,sequenza
serial,seriale
series,serie
serious,serio
seriously,seriamente
servant,servitore
serve,servire
service,servizio
session,sessione
set,set
set,set
set-up,allestimento
setting,impostazione
settle,risolvere
settlement,insediamento
settler,colono
seven,sette
seventeen,diciassette
seventy,settanta
several,diversi
several,diversi
severe,grave
severely,severamente
sex,sesso
sexual,sessuale
sexuality,sessualità
sexy,sexy
shade,ombra
shadow,ombra
shake,scuotere
shake,scuotere
shall,deve
shallow,superficiale
shame,vergogna
shape,forma
shape,forma
shaped,modellato
share,quota
share,quota
shareholder,azionista
sharp,affilato
shatter,frantumarsi
she,lei
shed,capannone
sheep,pecora
sheer,a picco
sheet,foglio
shelf,scaffale
shell,conchiglia
shelter,rifugio
shelter,rifugio
shift,turno
shift,turno
shine,brillare
shiny,lucido
ship,nave
ship,nave
shipping,spedizione
shirt,camicia
shock,shock
shock,shock
shocked,scioccato
shocking,scioccante
shoe,scarpa
shoot,sparare
shoot,sparare
shooting,ripresa
shop,negozio
shop,negozio
shopping,shopping
shore,riva
short,breve
short-term,a breve termine
shortage,carenza
shortly,a breve
shot,colpo
should,dovrebbe
shoulder,spalla
shout,grido
shout,grido
show,mostra
show,mostra
shower,doccia
shrink,strizzacervelli
shrug,alzata di spalle
shut,chiuso
shut,chiuso
shy,timido
sibling,fratello
sick,malato
side,lato
sigh,sospiro
sigh,sospiro
sight,vista
sign,segno
sign,segno
signal,segnale
signal,segnale
signature,firma
significance,significato
significant,significativo
significantly,significativamente
silence,silenzio
silent,silenzioso
silk,seta
silly,sciocco
silver,argento
silver,argento
similar,simile
similarity,somiglianza
similarly,Allo stesso modo
simple,semplice
simply,semplicemente
simulate,simulare
simulation,simulazione
simultaneously,contemporaneamente
sin,peccato
since,da
since,da
since,da
sincere,sincero
sing,cantare
singer,cantante
singing,canto
single,singolo
single,singolo
sink,lavello
sir,Signore
sister,sorella
sit,sedersi
site,sito
situated,situato
situation,situazione
six,sei
sixteen,sedici
sixty,sessanta
size,dimensione
sketch,schizzo
ski,sci
ski,sci
ski,sci
skiing,sci
skill,abilità
skilled,qualificato
skin,pelle
skip,saltare
skirt,gonna
skull,cranio
sky,cielo
slam,sbattere
slap,schiaffo
slash,slash
slave,schiavo
slavery,schiavitù
sleep,dormire
sleep,dormire
slice,fetta
slice,fetta
slide,diapositiva
slide,diapositiva
slight,leggero
slightly,leggermente
slip,slittamento
slogan,slogan
slope,pendenza
slope,pendenza
slot,slot
slow,lento
slow,lento
slowly,lentamente
small,piccolo
smart,intelligente
smartphone,smartphone
smash,smash
smell,odore
smell,odore
smile,sorriso
smile,sorriso
smoke,fumo
smoke,fumo
smoking,fumare
smooth,liscio
snake,serpente
snap,scatto
snow,neve
snow,neve
so,così
so,così
so-called,cosiddetto
soak,ammollo
soap,sapone
soar,impennarsi
soccer,calcio
social,sociale
socialist,socialista
society,società
sock,calzino
soft,morbido
software,software
soil,suolo
solar,solare
soldier,soldato
sole,suola
solely,solo
solicitor,avvocato
solid,solido
solid,solido
solidarity,solidarietà
solo,solo
solo,solo
solution,soluzione
solve,risolvere
some,alcuni
some,alcuni
somebody,qualcuno
somehow,in qualche modo
someone,qualcuno
something,qualcosa
sometime,qualche volta
sometimes,a volte
somewhat,in qualche modo
somewhere,da qualche parte
somewhere,da qualche parte
son,figlio
song,canzone
soon,presto
sophisticated,sofisticato
sorry,dispiacere
sorry,dispiacere
sort,tipo
sort,tipo
soul,anima
sound,suono
sound,suono
sound,suono
soup,zuppa
source,fonte
south,sud
south,sud
south,sud
southern,sud
sovereignty,sovranità
space,spazio
spam,spam
span,campata
span,campata
spare,di scorta
spare,di scorta
spark,scintilla
speak,parlare
speaker,altoparlante
special,speciale
specialist,specialista
specialist,specialista
specialize,specializzarsi
specialized,specializzato
species,specie
specific,specifico
specifically,in particolare
specification,specifiche
specify,specificare
specimen,campione
spectacle,occhiali
spectacular,spettacolare
spectator,spettatore
spectrum,spettro
speculate,ipotizzare
speculation,speculazione
speech,discorso
speed,velocità
speed,velocità
spell,incantesimo
spell,incantesimo
spelling,ortografia
spend,spendere
spending,spesa
sphere,sfera
spice,spezia
spicy,piccante
spider,ragno
spill,fuoriuscita
spin,rotazione
spin,rotazione
spine,spina dorsale
spirit,spirito
spiritual,spirituale
spite,dispetto
split,spaccatura
split,spaccatura
spoil,rovinare
spoken,parlato
spokesman,portavoce
spokesperson,portavoce
spokeswoman,portavoce
sponsor,sponsor
sponsor,sponsor
sponsorship,sponsorizzazione
spoon,cucchiaio
sport,sport
sporting,sportivo
spot,spot
spot,spot
spotlight,riflettore
spouse,coniuge
spread,diffusione
spread,diffusione
spring,primavera
spring,primavera
spy,spia
spy,spia
squad,squadra
square,piazza
square,piazza
squeeze,spremere
stab,pugnalare
stability,stabilità
stabilize,stabilizzare
stable,stabile
stadium,stadio
staff,personale
stage,palcoscenico
stage,palcoscenico
stair,scala
stake,paletto
stall,bancarella
stamp,timbro
stance,posizione
stand,stand
stand,stand
standard,standard
standard,standard
standing,in piedi
star,stella
star,stella
stare,fissare
stark,stellare
start,inizio
start,inizio
starve,morire di fame
state,Stato
state,Stato
state,Stato
statement,dichiarazione
station,stazione
statistic,statistica
statistical,statistica
statue,statua
status,stato
stay,soggiorno
stay,soggiorno
steadily,costantemente
steady,costante
steal,rubare
steam,vapore
steel,acciaio
steep,ripido
steer,manzo
stem,stelo
stem,stelo
step,passo
step,passo
stereotype,stereotipo
stick,bastone
stick,bastone
sticky,appiccicoso
stiff,rigido
still,ancora
still,ancora
stimulate,stimolare
stimulus,stimolo
stir,mescolare
stock,stock
stomach,stomaco
stone,pietra
stop,fermarsi
stop,fermarsi
storage,immagazzinamento
store,negozio
store,negozio
storm,tempesta
story,storia
straight,dritto
straight,dritto
straightforward,diretto
strain,ceppo
strand,filo
strange,strano
stranger,estraneo
strategic,strategico
strategy,strategia
stream,flusso
street,strada
strength,forza
strengthen,rafforzare
stress,stress
stress,stress
stretch,tratto
stretch,tratto
strict,rigoroso
strictly,rigorosamente
strike,sciopero
strike,sciopero
striking,sorprendente
string,stringa
strip,striscia
strip,striscia
strive,sforzarsi
stroke,ictus
strong,forte
strongly,fortemente
structural,strutturale
structure,struttura
structure,struttura
struggle,lotta
struggle,lotta
student,studente
studio,studio
study,studio
study,studio
stuff,roba
stuff,roba
stumble,inciampare
stun,stordimento
stunning,stupefacente
stupid,stupido
style,stile
subject,soggetto
subject,soggetto
submission,presentazione
submit,presentare
subscriber,abbonato
subscription,abbonamento
subsequent,successivo
subsequently,successivamente
subsidy,sovvenzione
substance,sostanza
substantial,sostanziale
substantially,sostanzialmente
substitute,sostituto
substitute,sostituto
substitution,sostituzione
subtle,sottile
suburb,periferia
suburban,suburbano
succeed,successo
success,successo
successful,successo
successfully,con successo
succession,successione
successive,successivo
successor,successore
such,tale
such,tale
suck,succhiare
sudden,improvviso
suddenly,improvvisamente
sue,causa
suffer,soffrire
suffering,sofferenza
sufficient,sufficiente
sufficiently,sufficientemente
sugar,zucchero
suggest,suggerire
suggestion,suggerimento
suicide,suicidio
suit,abito
suit,abito
suitable,adatto
suite,suite
sum,somma
sum,somma
summarize,riassumere
summary,sintesi
summer,estate
summit,vertice
sun,sole
Sunday,Domenica
super,super
superb,superbo
superior,superiore
supermarket,supermercato
supervise,supervisionare
supervision,supervisione
supervisor,supervisore
supplement,supplemento
supplement,supplemento
supply,fornitura
supply,fornitura
support,supporto
support,supporto
supporter,sostenitore
supportive,solidale
suppose,supporre
supposedly,presumibilmente
suppress,sopprimere
supreme,supremo
sure,sicuro
sure,sicuro
surely,sicuramente
surface,superficie
surge,aumento
surge,aumento
surgeon,chirurgo
surgery,intervento chirurgico
surgical,chirurgico
surplus,eccedenza
surprise,sorpresa
surprise,sorpresa
surprised,sorpreso
surprising,sorprendente
surrender,arrendersi
surround,circondare
surrounding,circostante
surveillance,sorveglianza
survey,sondaggio
survey,sondaggio
survival,sopravvivenza
survive,sopravvivere
survivor,sopravvissuto
suspect,sospetto
suspect,sospetto
suspend,sospendere
suspension,sospensione
suspicion,sospetto
suspicious,sospettoso
sustain,sostenere
sustainable,sostenibile
swallow,inghiottire
swear,giurare
sweater,maglione
sweep,spazzare
sweet,dolce
sweet,dolce
swim,nuotare
swim,nuotare
swimming,nuoto
swing,oscillazione
swing,oscillazione
switch,interruttore
switch,interruttore
sword,spada
symbol,simbolo
symbolic,simbolico
sympathetic,simpatico
sympathy,simpatia
symptom,sintomo
syndrome,Sindrome
synthesis,sintesi
system,sistema
systematic,sistematico
T-shirt,Maglietta
table,tavolo
tablet,tavoletta
tackle,placcaggio
tackle,placcaggio
tactic,tattica
tactical,tattico
tag,tag
tag,tag
tail,coda
take,prendere
tale,racconto
talent,talento
talented,di talento
talk,parlare
talk,parlare
tall,alto
tank,serbatoio
tap,rubinetto
tap,rubinetto
tape,nastro adesivo
target,obiettivo
target,obiettivo
task,compito
taste,gusto
taste,gusto
tax,fiscale
tax,fiscale
taxi,taxi
taxpayer,contribuente
tea,tè
teach,insegnare
teacher,insegnante
teaching,insegnamento
team,squadra
tear,strappo
tear,strappo
technical,tecnica
technique,tecnica
technological,tecnologico
technology,tecnologia
teenage,adolescenziale
teenager,adolescente
teens,adolescenti
telephone,telefono
telephone,telefono
television,televisione
tell,raccontare
temperature,temperatura
temple,tempio
temporarily,temporaneamente
temporary,temporaneo
tempt,tentazione
ten,dieci
tenant,inquilino
tend,tendere
tendency,tendenza
tender,offerta
tennis,tennis
tension,tensione
tent,tenda
tenure,tenuta
term,termine
term,termine
terminal,terminale
terminal,terminale
terminate,terminare
terms,termini
terrain,terreno
terrible,terribile
terribly,terribilmente
terrific,formidabile
terrify,terrorizzare
territory,territorio
terror,terrore
terrorism,terrorismo
terrorist,terrorista
test,test
test,test
testify,testimoniare
testimony,testimonianza
testing,test
text,testo
text,testo
textbook,Libro di testo
texture,struttura
than,di
than,di
thank,Grazie
thankfully,fortunatamente
thanks,grazie
thanks,grazie
that,che
that,che
that,che
that,che
the,il
theatre,teatro
theatrical,teatrale
theft,furto
their,loro
theirs,loro
them,loro
theme,tema
themselves,se stessi
then,allora
theology,teologia
theoretical,teorico
theory,teoria
therapist,terapeuta
therapy,terapia
there,lì
thereafter,in seguito
thereby,in tal modo
therefore,quindi
thesis,tesi
they,essi
thick,spessa
thief,ladro
thin,sottile
thing,cosa
think,pensare
thinking,pensiero
third,terzo
third,terzo
thirsty,sete
thirteen,tredici
thirty,trenta
this,questo
this,questo
this,questo
thorough,approfondito
thoroughly,accuratamente
though,anche se
though,anche se
thought,pensiero
thought-provoking,stimolante
thoughtful,riflessivo
thousand,mille
thread,filo
threat,minaccia
threaten,minacciare
three,tre
threshold,soglia
thrilled,entusiasta
thrive,prosperare
throat,gola
through,attraverso
through,attraverso
throughout,in tutto
throughout,in tutto
throw,lancio
thumb,pollice
Thursday,Giovedì
thus,quindi
ticket,biglietto
tide,marea
tidy,ordinato
tidy,ordinato
tie,cravatta
tie,cravatta
tight,stretto
tighten,stringere
till,fino a
till,fino a
timber,legname
time,tempo
time,tempo
timely,tempestivamente
timing,tempistica
tin,stagno
tiny,minuscolo
tip,punta
tip,punta
tired,stanco
tissue,tessuto
title,titolo
title,titolo
to,a
to,a
tobacco,tabacco
today,oggi
today,oggi
toe,punta
together,insieme
toilet,WC
tolerance,tolleranza
tolerate,tollerare
toll,pedaggio
tomato,pomodoro
tomorrow,domani
tomorrow,domani
ton,ton
tone,tono
tongue,lingua
tonight,stasera
tonight,stasera
tonne,tonnellata
too,anche
tool,strumento
tooth,dente
top,top
top,top
top,top
topic,argomento
torture,tortura
torture,tortura
toss,lancio
total,totale
total,totale
total,totale
totally,totalmente
touch,toccare
touch,toccare
tough,duro
tour,tour
tour,tour
tourism,turismo
tourist,turista
tournament,torneo
towards,verso
towel,asciugamano
tower,torre
town,città
toxic,tossico
toy,giocattolo
toy,giocattolo
trace,traccia
trace,traccia
track,traccia
track,traccia
trade,commercio
trade,commercio
trademark,marchio di fabbrica
trading,commercio
tradition,tradizione
traditional,tradizionale
traffic,traffico
tragedy,tragedia
tragic,tragico
trail,sentiero
trail,sentiero
trailer,rimorchio
train,treno
train,treno
trainer,formatore
training,formazione
trait,tratto
transaction,transazione
transcript,trascrizione
transfer,trasferimento
transfer,trasferimento
transform,trasformare
transformation,trasformazione
transit,transito
transition,transizione
translate,tradurre
translation,traduzione
transmission,trasmissione
transmit,trasmettere
transparency,trasparenza
transparent,trasparente
transport,trasporto
transport,trasporto
transportation,trasporto
trap,trappola
trap,trappola
trauma,trauma
travel,viaggio
travel,viaggio
traveller,viaggiatore
treasure,tesoro
treat,trattamento
treatment,trattamento
treaty,trattato
tree,albero
tremendous,tremendo
trend,tendenza
trial,processo
tribal,tribale
tribe,tribù
tribunal,tribunale
tribute,tributo
trick,trucco
trick,trucco
trigger,innesco
trigger,innesco
trillion,trilione
trio,trio
trip,viaggio
trip,viaggio
triumph,trionfo
troop,truppa
trophy,trofeo
tropical,tropicale
trouble,problemi
trouble,problemi
troubled,travagliato
trousers,pantaloni
truck,camion
true,vero
truly,veramente
trust,fiducia
trust,fiducia
trustee,fiduciario
truth,verità
try,provare
try,provare
tsunami,tsunami
tube,tubo
Tuesday,Martedì
tuition,retta
tune,sintonia
tunnel,tunnel
turn,girare
turn,girare
turnout,affluenza
turnover,fatturato
TV,TV
twelve,dodici
twenty,venti
twice,due volte
twin,gemello
twin,gemello
twist,torsione
twist,torsione
two,due
type,tipo
type,tipo
typical,tipico
typically,tipicamente
tyre,pneumatico
ugly,brutto
ultimate,ultimo
ultimately,in definitiva
umbrella,ombrello
unable,incapace
unacceptable,inaccettabile
uncertainty,incertezza
uncle,zio
uncomfortable,scomodo
unconscious,inconsapevole
under,sotto
under,sotto
undergo,subire
undergraduate,sottograduato
underground,sotterraneo
underground,sotterraneo
underlying,sottostante
undermine,minare
understand,capire
understanding,comprensione
undertake,intraprendere
underwear,biancheria intima
undoubtedly,indubbiamente
unemployed,disoccupato
unemployment,disoccupazione
unexpected,inaspettato
unfair,ingiusto
unfold,non si è mai visto
unfortunate,sfortunato
unfortunately,Purtroppo
unhappy,infelice
uniform,uniforme
unify,unificare
union,unione
unique,unico
unit,unità
unite,unire
united,uniti
unity,unità
universal,universale
universe,universo
university,università
unknown,sconosciuto
unless,a meno che
unlike,a differenza di
unlikely,improbabile
unnecessary,inutile
unpleasant,sgradevole
unprecedented,senza precedenti
until,fino a quando
until,fino a quando
unusual,insolito
unveil,svelare
up,su
up,su
upcoming,in arrivo
update,aggiornamento
update,aggiornamento
upgrade,aggiornamento
upgrade,aggiornamento
uphold,Ritirata
upon,su
upper,superiore
upset,sconvolto
upset,sconvolto
upstairs,al piano superiore
upstairs,al piano superiore
upwards,verso l'alto
urban,urbano
urge,sollecitazione
urgent,urgente
us,noi
usage,utilizzo
use,utilizzo
use,utilizzo
used,usato
used to,utilizzato per
useful,utile
useless,inutile
user,utente
usual,abituale
usually,di solito
utility,utilità
utilize,utilizzare
utterly,assolutamente
vacation,vacanza
vacuum,vuoto
vague,vago
valid,valido
validity,validità
valley,Valle
valuable,prezioso
value,valore
value,valore
van,furgone
vanish,svanire
variable,variabile
variable,variabile
variation,variazione
varied,vario
variety,varietà
various,vari
vary,variare
vast,vasto
vegetable,vegetale
vehicle,veicolo
vein,vena
venture,impresa
venture,impresa
venue,sede
verbal,verbale
verdict,verdetto
verify,verificare
verse,verso
version,versione
versus,contro
vertical,verticale
very,molto
very,molto
vessel,imbarcazione
veteran,veterano
via,via
viable,praticabile
vibrant,vibrante
vice,vizio
vicious,vizioso
victim,vittima
victory,vittoria
video,video
view,vista
view,vista
viewer,spettatore
viewpoint,punto di vista
village,villaggio
villager,abitante del villaggio
violate,violare
violation,violazione
violence,violenza
violent,violento
virtual,virtuale
virtue,virtù
virus,virus
visa,visto
visible,visibile
vision,visione
visit,visita
visit,visita
visitor,visitatore
visual,visivo
vital,vitale
vitamin,vitamina
vocal,vocale
voice,voce
volume,volume
voluntary,volontario
volunteer,volontario
volunteer,volontario
vote,voto
vote,voto
voting,votazione
vow,voto
vulnerability,vulnerabilità
vulnerable,vulnerabile
wage,salario
wait,attendere
wait,attendere
waiter,cameriere
wake,scia
walk,passeggiata
walk,passeggiata
wall,muro
wander,vagare
want,desiderare
war,guerra
ward,reparto
warehouse,magazzino
warfare,guerra
warm,caldo
warm,caldo
warming,riscaldamento
warn,avvertire
warning,avviso
warrant,mandato
warrant,mandato
warrior,guerriero
wash,lavaggio
wash,lavaggio
washing,lavaggio
waste,rifiuti
waste,rifiuti
waste,rifiuti
watch,orologio
watch,orologio
water,acqua
water,acqua
wave,onda
wave,onda
way,modo
way,modo
we,noi
weak,debole
weaken,indebolire
weakness,debolezza
wealth,ricchezza
wealthy,ricco
weapon,arma
wear,usura
weather,tempo
weave,tessere
web,web
website,sito web
wedding,matrimonio
Wednesday,Mercoledì
weed,erba
week,settimana
weekend,fine settimana
weekly,settimanale
weigh,pesare
weight,peso
weird,strano
welcome,benvenuto
welcome,benvenuto
welcome,benvenuto
welcome,benvenuto
welfare,benessere
well,bene
well,bene
well,bene
well,bene
well-being,benessere
west,ovest
west,ovest
west,ovest
western,occidentale
wet,bagnato
what,cosa
what,cosa
whatever,qualunque
whatever,qualunque
whatever,qualunque
whatsoever,di qualsiasi tipo
wheat,grano
wheel,ruota
when,quando
when,quando
when,quando
whenever,ogni volta che
where,dove
where,dove
whereas,considerando che
whereby,per cui
wherever,ovunque
whether,se
which,che
which,che
while,mentre
while,mentre
whilst,mentre
whip,frusta
whisper,sussurro
whisper,sussurro
white,bianco
white,bianco
who,che
whoever,chiunque
whole,intero
whole,intero
wholly,interamente
whom,che
whose,il cui
whose,il cui
why,perché
wide,ampio
widely,ampiamente
widen,allargarsi
widespread,diffuso
widow,vedova
width,larghezza
wife,moglie
wild,selvaggio
wildlife,fauna selvatica
will,volontà
will,volontà
willing,disposto
willingness,Disponibilità
win,vincere
win,vincere
wind,vento
wind,vento
window,finestra
wine,vino
wing,ala
winner,vincitore
winter,inverno
wipe,asciugare
wire,filo
wisdom,saggezza
wise,saggio
wish,desiderio
wish,desiderio
wit,spirito
with,con
withdraw,ritirarsi
withdrawal,ritiro
within,all'interno
without,senza
witness,testimone
witness,testimone
woman,donna
wonder,meraviglia
wonder,meraviglia
wonderful,meraviglioso
wood,legno
wooden,in legno
wool,lana
word,parola
work,lavoro
work,lavoro
worker,lavoratore
workforce,forza lavoro
working,lavorare
workout,allenamento
workplace,posto di lavoro
workshop,officina
world,mondo
worldwide,in tutto il mondo
worldwide,in tutto il mondo
worm,verme
worried,preoccupato
worry,preoccupazione
worry,preoccupazione
worse,peggiore
worse,peggiore
worse,peggiore
worship,culto
worship,culto
worst,peggiore
worst,peggiore
worst,peggiore
worth,valore
worth,valore
worthwhile,utile
worthy,degno
would,sarebbe
wound,ferita
wound,ferita
wow,wow
wrap,involucro
wrist,polso
write,scrivere
writer,scrittore
writing,scrittura
written,scritto
wrong,sbagliato
wrong,sbagliato
wrong,sbagliato
yard,cortile
yeah,Sì
year,anno
yell,urlare
yellow,giallo
yellow,giallo
yes,sì
yesterday,ieri
yesterday,ieri
yet,eppure
yet,eppure
yield,rendimento
yield,rendimento
you,voi
young,giovane
young,giovane
youngster,giovane
your,il tuo
yours,tuo
yourself,te stesso
youth,giovani
zero,zero
zone,zona
conversely,al contrario
mediation,mediazione
cherry,ciliegia
testword,parola di prova
