English,Ukrainian
a,a
abandon,锌芯泻懈薪褍褌懈
ability,蟹写邪褌薪褨褋褌褜
able,蟹写褨斜薪懈泄
abolish,褋泻邪褋褍胁邪褌懈
abortion,邪斜芯褉褌
about,锌褉芯
about,锌褉芯
above,胁懈褖械
above,胁懈褖械
abroad,蟹邪 泻芯褉写芯薪芯屑
absence,胁褨写褋褍褌薪褨褋褌褜
absent,胁褨写褋褍褌薪褨泄
absolute,邪斜褋芯谢褞褌薪懈泄
absolutely,袗斜褋芯谢褞褌薪芯.
absorb,锌芯谐谢懈薪邪褌懈
abstract,邪薪芯褌邪褑褨褟
absurd,邪斜褋褍褉写.
abundance,写芯褋褌邪褌芯泻
abuse,蟹谢芯胁卸懈胁邪薪薪褟
abuse,蟹谢芯胁卸懈胁邪薪薪褟
academic,邪泻邪写械屑褨泻
academic,邪泻邪写械屑褨泻
academy,邪泻邪写械屑褨褟
accelerate,锌褉懈褋泻芯褉懈褌懈
accent,邪泻褑械薪褌
accept,锌褉懈泄薪褟褌懈
acceptable,锌褉懈泄薪褟褌薪懈泄
acceptance,锌褉懈泄薪褟褌褌褟
access,写芯褋褌褍锌
access,写芯褋褌褍锌
accessible,写芯褋褌褍锌薪懈泄
accident,薪械褖邪褋薪懈泄 胁懈锌邪写芯泻
accidentally,胁懈锌邪写泻芯胁芯
accommodate,锌褉懈褋褌芯褋褍胁邪褌懈褋褟
accommodation,锌褉芯卸懈胁邪薪薪褟
accompany,褋褍锌褉芯胁芯写卸褍胁邪褌懈
accomplish,蟹写褨泄褋薪褞胁邪褌懈
accomplishment,写芯褋褟谐薪械薪薪褟
accordance,胁褨写锌芯胁褨写薪褨褋褌褜
according to,蟹谐褨写薪芯 蟹
accordingly,胁褨写锌芯胁褨写薪芯
account,芯斜谢褨泻芯胁懈泄 蟹邪锌懈褋
account,芯斜谢褨泻芯胁懈泄 蟹邪锌懈褋
accountability,锌褨写蟹胁褨褌薪褨褋褌褜
accountable,锌褨写蟹胁褨褌薪懈泄
accountant,斜褍褏谐邪谢褌械褉
accounting,斜褍褏谐邪谢褌械褉褋褜泻懈泄 芯斜谢褨泻
accumulate,薪邪泻芯锌懈褔褍胁邪褌懈褋褟
accumulation,薪邪泻芯锌懈褔械薪薪褟
accuracy,褌芯褔薪褨褋褌褜
accurate,褌芯褔薪懈泄
accurately,孝芯褔薪芯.
accusation,蟹胁懈薪褍胁邪褔械薪薪褟
accuse,蟹胁懈薪褍胁邪褔褍胁邪褌懈
accused,芯斜胁懈薪褍胁邪褔械薪懈泄
achieve,写芯褋褟谐褌懈
achievement,写芯褋褟谐薪械薪薪褟
acid,泻懈褋谢芯褌邪
acid,泻懈褋谢芯褌邪
acknowledge,胁懈蟹薪邪褌懈
acquire,锌褉懈写斜邪褌懈
acquisition,锌褉懈写斜邪薪薪褟
acre,邪泻褉
across,褔械褉械蟹
across,褔械褉械蟹
act,写褨褟褌懈
act,写褨褟褌懈
action,写褨褟
activate,邪泻褌懈胁褍胁邪褌懈
activation,邪泻褌懈胁邪褑褨褟
active,邪泻褌懈胁薪懈泄
activist,邪泻褌懈胁褨褋褌
activity,邪泻褌懈胁薪褨褋褌褜
actor,邪泻褌芯褉
actress,邪泻褌褉懈褋邪
actual,褋锌褉邪胁卸薪褨泄
actually,袙蟹邪谐邪谢褨-褌芯.
acute,谐芯褋褌褉懈泄
ad,芯谐芯谢芯褕械薪薪褟
adapt,邪写邪锌褌褍胁邪褌懈褋褟
adaptation,邪写邪锌褌邪褑褨褟
add,写芯写邪褌懈
addiction,蟹邪谢械卸薪褨褋褌褜
addition,写芯锌芯胁薪械薪薪褟
additional,写芯写邪褌泻芯胁懈泄
additionally,写芯写邪褌泻芯胁芯
address,邪写褉械褋邪
address,邪写褉械褋邪
adequate,邪写械泻胁邪褌薪懈泄
adequately,邪写械泻胁邪褌薪芯
adhere,写芯褌褉懈屑褍胁邪褌懈褋褟
adjacent,锌褉懈谢械谐谢褨
adjust,锌褉懈褋褌芯褋褍胁邪褌懈褋褟
adjustment,褉械谐褍谢褞胁邪薪薪褟
administer,邪写屑褨薪褨褋褌褉褍胁邪褌懈
administration,邪写屑褨薪褨褋褌褉褍胁邪薪薪褟
administrative,邪写屑褨薪褨褋褌褉邪褌懈胁薪懈泄
administrator,邪写屑褨薪褨褋褌褉邪褌芯褉
admire,蟹邪褏芯锌谢褞胁邪褌懈褋褟
admission,写芯锌褍褋泻
admit,胁懈蟹薪邪褌懈.
adolescent,锌褨写谢褨褌芯泻
adopt,锌褉懈泄薪褟褌懈
adoption,褍褋懈薪芯胁谢械薪薪褟
adult,写芯褉芯褋谢懈泄
adult,写芯褉芯褋谢懈泄
advance,邪胁邪薪褋
advance,邪胁邪薪褋
advance,邪胁邪薪褋
advanced,锌褉芯褋褍薪褍褌懈泄
advantage,锌械褉械胁邪谐邪
adventure,锌褉懈谐芯写邪
adverse,薪械褋锌褉懈褟褌谢懈胁懈泄
advertise,褉械泻谢邪屑褍胁邪褌懈
advertisement,褉械泻谢邪屑邪
advertising,褉械泻谢邪屑邪
advice,锌芯褉邪写邪
advise,泻芯薪褋褍谢褜褌褍胁邪褌懈
advocate,蟹邪褏懈褋薪懈泻
advocate,蟹邪褏懈褋薪懈泻
aesthetic,械褋褌械褌懈褔薪懈泄
affair,褨薪褌褉懈卸泻邪
affect,胁锌谢懈胁邪褌懈
affection,锌褉懈褏懈谢褜薪褨褋褌褜
afford,写芯蟹胁芯谢懈褌懈 褋芯斜褨
affordable,写芯褋褌褍锌薪懈泄
afraid,薪邪谢褟泻邪薪懈泄.
after,"锌褨褋谢褟 褌芯谐芯, 褟泻"
after,"锌褨褋谢褟 褌芯谐芯, 褟泻"
after,"锌褨褋谢褟 褌芯谐芯, 褟泻"
aftermath,薪邪褋谢褨写泻懈
afternoon,袛械薪褜 写芯斜褉懈泄.
afterwards,锌芯褌褨屑
again,袟薪芯胁褍
against,锌褉芯褌懈
age,胁褨泻
age,胁褨泻
aged,褍 胁褨褑褨
agency,邪谐械薪褌褋褌胁芯
agenda,锌芯褉褟写芯泻 写械薪薪懈泄
agent,邪谐械薪褌
aggression,邪谐褉械褋褨褟
aggressive,邪谐褉械褋懈胁薪懈泄
ago,薪邪蟹邪写.
agree,锌芯谐芯写懈褌懈褋褟
agreement,褍谐芯写邪
agricultural,褋褨谢褜褋褜泻芯谐芯褋锌芯写邪褉褋褜泻懈泄
agriculture,褋褨谢褜褋褜泻械 谐芯褋锌芯写邪褉褋褌胁芯
ah,邪褏
ahead,袩芯锌械褉械写褍
aid,写芯锌芯屑芯谐邪
aid,写芯锌芯屑芯谐邪
aide,锌芯屑褨褔薪懈泻
AIDS,小袧袉袛
aim,屑械褌邪
aim,屑械褌邪
air,锌芯胁褨褌褉褟
aircraft,谢褨褌邪泻
airline,邪胁褨邪泻芯屑锌邪薪褨褟
airport,邪械褉芯锌芯褉褌
alarm,褌褉懈胁芯谐邪
alarm,褌褉懈胁芯谐邪
albeit,褏芯褔邪
album,邪谢褜斜芯屑
alcohol,邪谢泻芯谐芯谢褜
alcoholic,邪谢泻芯谐芯谢褨泻
alert,褌褉懈胁芯谐邪
alert,褌褉懈胁芯谐邪
alert,褌褉懈胁芯谐邪
alien,褔褍卸懈泄
alien,褔褍卸懈泄
align,胁懈褉褨胁薪褟褌懈
alignment,胁懈褉褨胁薪褞胁邪薪薪褟
alike,芯写薪邪泻芯胁芯
alike,芯写薪邪泻芯胁芯
alive,卸懈胁懈屑.
all,胁褋褨
all,胁褋褨
all,胁褋褨
all right,袚邪褉邪蟹写.
all right,袚邪褉邪蟹写.
all right,袚邪褉邪蟹写.
allegation,蟹胁懈薪褍胁邪褔械薪薪褟
allege,褋褌胁械褉写卸褍胁邪褌懈.
allegedly,薪褨斜懈褌芯
alliance,邪谢褜褟薪褋
allocate,胁懈写褨谢懈褌懈
allocation,褉芯蟹锌芯写褨谢
allow,写芯蟹胁芯谢懈褌懈
allowance,薪邪写斜邪胁泻邪
ally,褋芯褞蟹薪懈泻
almost,屑邪泄卸械
alone,薪邪芯写懈薪褑褨.
alone,薪邪芯写懈薪褑褨.
along,胁蟹写芯胁卸
along,胁蟹写芯胁卸
alongside,锌芯褉褟写 蟹
already,胁卸械
also,褌邪泻芯卸
alter,蟹屑褨薪褞胁邪褌懈
alternative,邪谢褜褌械褉薪邪褌懈胁邪
alternative,邪谢褜褌械褉薪邪褌懈胁邪
although,褏芯褔邪
altogether,胁 褑褨谢芯屑褍
aluminium,邪谢褞屑褨薪褨泄
always,蟹邪胁卸写懈
amateur,邪屑邪褌芯褉褋褜泻懈泄
amateur,邪屑邪褌芯褉褋褜泻懈泄
amazed,蟹写懈胁芯胁邪薪懈泄
amazing,写懈胁芯胁懈卸薪懈泄
ambassador,锌芯褋芯谢
ambition,邪屑斜褨褑褨褩
ambitious,邪屑斜褨褌薪懈泄
ambulance,褕胁懈写泻邪 写芯锌芯屑芯谐邪
amend,胁薪械褋褌懈 锌芯锌褉邪胁泻褍
amendment,锌芯锌褉邪胁泻邪
amid,薪邪 褌谢褨
among,褋械褉械写
amount,泻褨谢褜泻褨褋褌褜
amount,泻褨谢褜泻褨褋褌褜
amusing,泻褍屑械写薪懈泄
analogy,邪薪邪谢芯谐褨褟
analyse,邪薪邪谢褨蟹褍胁邪褌懈
analysis,邪薪邪谢褨蟹
analyst,邪薪邪谢褨褌懈泻
ancestor,锌褉械写泻邪
anchor,褟泻褨褉
ancient,褋褌邪褉芯写邪胁薪褨泄
and,褨
angel,邪薪谐械谢
anger,谐薪褨胁
angle,泻褍褌
angrily,褋械褉写懈褌芯
angry,蟹谢懈泄.
animal,褌胁邪褉懈薪邪
animation,邪薪褨屑邪褑褨褟
ankle,褖懈泻芯谢芯褌泻邪
anniversary,褞胁褨谢械泄
announce,芯谐芯谢芯褋懈褌懈
announcement,芯谐芯谢芯褕械薪薪褟
annoy,写褉邪褌褍胁邪褌懈
annoyed,褉芯蟹写褉邪褌芯胁邪薪懈泄
annoying,写褉邪褌褍褦.
annual,褖芯褉褨褔薪懈泄
annually,褖芯褉褨褔薪芯
anonymous,邪薪芯薪褨屑薪懈泄
another,褨薪褕懈泄
another,褨薪褕懈泄
answer,胁褨写锌芯胁褨写褜
answer,胁褨写锌芯胁褨写褜
anticipate,锌械褉械写斜邪褔懈褌懈
anxiety,褌褉懈胁芯谐邪
anxious,蟹邪薪械锌芯泻芯褦薪懈泄
any,斜褍写褜-褟泻懈泄
any,斜褍写褜-褟泻懈泄
any,斜褍写褜-褟泻懈泄
any more,斜褨谢褜褕械 薪械 斜褍写械.
anybody,斜褍写褜-褏褌芯
anyone,斜褍写褜-泻芯谐芯
anything,褖芯 蟹邪胁谐芯写薪芯.
anyway,褌邪泻 褔懈 褨薪邪泻褕械.
anywhere,斜褍写褜-写械
anywhere,斜褍写褜-写械
apart,薪邪褉褨蟹薪芯
apartment,泻胁邪褉褌懈褉邪
apologize,胁懈斜邪褔懈褌懈褋褟.
apology,胁懈斜邪褔械薪薪褟
app,写芯写邪褌芯泻
apparatus,邪锌邪褉邪褌
apparent,芯褔械胁懈写薪邪
apparently,芯褔械胁懈写薪芯.
appeal,邪锌械谢褟褑褨褟
appeal,邪锌械谢褟褑褨褟
appealing,锌褉懈胁邪斜谢懈胁懈泄
appear,蟹'褟胁谢褟褞褌褜褋褟
appearance,蟹芯胁薪褨褕薪褨泄 胁懈谐谢褟写
appetite,邪锌械褌懈褌
applaud,邪锌谢芯写懈褋屑械薪褌懈
apple,褟斜谢褍泻芯
applicable,蟹邪褋褌芯褋芯胁薪懈泄
applicant,蟹邪褟胁薪懈泻
application,蟹邪褟胁泻邪
apply,锌芯写邪褌懈 蟹邪褟胁泻褍
appoint,锌褉懈蟹薪邪褔懈褌懈
appointment,蟹褍褋褌褉褨褔
appreciate,褑褨薪褍胁邪褌懈
appreciation,胁写褟褔薪褨褋褌褜
approach,锌褨写褏褨写
approach,锌褨写褏褨写
appropriate,胁褨写锌芯胁褨写薪懈泄
appropriately,薪邪谢械卸薪懈屑 褔懈薪芯屑
approval,褋褏胁邪谢械薪薪褟
approve,褋褏胁邪谢褞褞
approximately,锌褉懈斜谢懈蟹薪芯
April,袣胁褨褌械薪褜
arbitrary,写芯胁褨谢褜薪懈泄
architect,邪褉褏褨褌械泻褌芯褉
architectural,邪褉褏褨褌械泻褌褍褉薪懈泄
architecture,邪褉褏褨褌械泻褌褍褉邪
archive,邪褉褏褨胁
area,锌谢芯褖邪
arena,邪褉械薪邪
arguably,屑芯卸谢懈胁芯.
argue,褋锌械褉械褔邪褌懈褋褟
argument,邪褉谐褍屑械薪褌
arise,胁懈薪懈泻邪褞褌褜
arm,褉褍泻邪
arm,褉褍泻邪
armed,芯蟹斜褉芯褦薪懈泄
arms,蟹斜褉芯褟
army,邪褉屑褨褟
around,薪邪胁泻芯谢芯
around,薪邪胁泻芯谢芯
arrange,胁谢邪褕褌褍胁邪褌懈
arrangement,写芯屑芯胁谢械薪褨褋褌褜
array,屑邪褋懈胁
arrest,邪褉械褕褌
arrest,邪褉械褕褌
arrival,锌褉懈褩蟹写
arrive,锌褉懈褩卸写卸邪褞褌褜
arrow,褋褌褉褨谢泻邪
art,屑懈褋褌械褑褌胁芯
article,褋褌邪褌褌褟
articulate,邪褉褌懈泻褍谢褜芯胁邪薪懈泄
artificial,褕褌褍褔薪懈泄
artist,褏褍写芯卸薪懈泻
artistic,褏褍写芯卸薪褨泄
artwork,褉芯斜芯褌邪 薪邪写 泻邪褉褌懈薪芯褞
as,褟泻
as,褟泻
as,褟泻
ash,锌芯锌褨谢
ashamed,褋芯褉芯屑薪芯
aside,胁斜褨泻
ask,蟹邪锌懈褌邪褌懈
asleep,蟹邪褋薪褍胁.
aspect,邪褋锌械泻褌
aspiration,锌褉邪谐薪械薪薪褟
aspire,锌褉邪谐薪褍褌懈
assassination,胁斜懈胁褋褌胁芯
assault,薪邪锌邪写
assault,薪邪锌邪写
assemble,蟹斜懈褉邪褌懈
assembly,蟹斜褨褉泻邪
assert,褋褌胁械褉写卸褍胁邪褌懈.
assertion,褌胁械褉写卸械薪薪褟
assess,芯褑褨薪褞胁邪褌懈
assessment,芯褑褨薪泻邪
asset,邪泻褌懈胁
assign,锌褉懈蟹薪邪褔懈褌懈
assignment,锌褉懈蟹薪邪褔械薪薪褟
assist,写芯锌芯屑邪谐邪褌懈
assistance,写芯锌芯屑芯谐邪
assistant,邪褋懈褋褌械薪褌
assistant,邪褋懈褋褌械薪褌
associate,褞褉懈褋褌
associated,邪褋芯褑褨泄芯胁邪薪懈泄
association,芯斜'褦写薪邪薪薪褟
assume,锌褉懈锌褍褋褌懈屑芯.
assumption,锌褉懈锌褍褖械薪薪褟
assurance,蟹邪锌械胁薪械薪薪褟
assure,蟹邪锌械胁薪褟褞.
astonishing,写懈胁芯胁懈卸薪懈泄
asylum,锌褉懈褌褍谢芯泻
at,蟹邪 邪写褉械褋芯褞
athlete,褋锌芯褉褌褋屑械薪
atmosphere,邪褌屑芯褋褎械褉邪
atrocity,蟹胁褨褉褋褌胁芯
attach,锌褉懈泻褉褨锌懈褌懈
attachment,锌褉懈泻褉褨锌谢械薪薪褟
attack,邪褌邪泻邪
attack,邪褌邪泻邪
attain,写芯褋褟谐褌懈
attempt,褋锌褉芯斜邪
attempt,褋锌褉芯斜邪
attend,胁褨写胁褨写褍胁邪褌懈
attendance,胁褨写胁褨写褍胁邪薪褨褋褌褜
attention,褍胁邪谐邪
attention,褍胁邪谐邪
attitude,褋褌邪胁谢械薪薪褟
attorney,邪写胁芯泻邪褌
attract,蟹邪谢褍褔邪褌懈
attraction,邪褌褉邪泻褑褨芯薪
attractive,锌褉懈胁邪斜谢懈胁懈泄
attribute,邪褌褉懈斜褍褌
attribute,邪褌褉懈斜褍褌
auction,邪褍泻褑褨芯薪
audience,邪褍写懈褌芯褉褨褟
audio,邪褍写褨芯
audit,邪褍写懈褌
August,小械褉锌械薪褜
aunt,褌褨褌泻邪.
authentic,褋锌褉邪胁卸薪褨泄
author,邪胁褌芯褉
authority,锌芯胁薪芯胁邪卸械薪薪褟
authorize,写芯蟹胁芯谢懈褌懈
auto,邪胁褌芯
automatic,邪胁褌芯屑邪褌懈褔薪懈泄
automatically,邪胁褌芯屑邪褌懈褔薪芯
autonomy,邪胁褌芯薪芯屑褨褟
autumn,芯褋褨薪褜
availability,写芯褋褌褍锌薪褨褋褌褜
available,写芯褋褌褍锌薪懈泄
average,褋械褉械写薪褨泄
average,褋械褉械写薪褨泄
average,褋械褉械写薪褨泄
avoid,褍薪懈泻邪褌懈
await,蟹邪褔械泻邪泄褌械.
award,锌褉械屑褨褟
award,锌褉械屑褨褟
aware,褍褋胁褨写芯屑谢褞褞
awareness,芯斜褨蟹薪邪薪褨褋褌褜
away,谐械褌褜.
awful,卸邪褏谢懈胁芯.
awkward,薪械蟹褉褍褔薪芯.
baby,泻褉懈褏褨褌泻邪
back,薪邪蟹邪写
back,薪邪蟹邪写
back,薪邪蟹邪写
back,薪邪蟹邪写
backdrop,褎芯薪
background,褎芯薪
backing,锌褨写泻谢邪写泻邪
backup,褉械蟹械褉胁薪械 泻芯锌褨褞胁邪薪薪褟
backwards,薪邪蟹邪写
bacteria,斜邪泻褌械褉褨褩
bad,锌芯谐邪薪懈泄
badge,蟹薪邪褔芯泻
badly,锌芯谐邪薪芯.
bag,屑褨褕芯泻
bail,蟹邪褋褌邪胁邪
bake,锌械泻褌懈
balance,斜邪谢邪薪褋
balance,斜邪谢邪薪褋
balanced,蟹斜邪谢邪薪褋芯胁邪薪懈泄
ball,屑'褟褔
ballet,斜邪谢械褌
balloon,锌芯胁褨褌褉褟薪邪 泻褍谢褟
ballot,斜褞谢械褌械薪褜
ban,蟹邪斜芯褉芯薪邪
ban,蟹邪斜芯褉芯薪邪
banana,斜邪薪邪薪
band,谐褉褍锌邪
bank,斜邪薪泻
banner,斜邪薪械褉
bar,斜邪褉
bar,斜邪褉
bare,谐芯谢懈泄
barely,谢械写胁械
bargain,褍谐芯写邪
barrel,斜芯褔泻邪
barrier,斜邪褉'褦褉
base,芯褋薪芯胁邪
base,芯褋薪芯胁邪
baseball,斜械泄褋斜芯谢
based,薪邪 芯褋薪芯胁褨
basement,锌褨写胁邪谢
basic,芯褋薪芯胁薪懈泄
basically,胁 芯褋薪芯胁薪芯屑褍
basis,芯褋薪芯胁邪
basket,泻芯褕懈泻
basketball,斜邪褋泻械褌斜芯谢
bass,斜邪褋
bat,谢械褌褞褔邪 屑懈褕邪
bat,谢械褌褞褔邪 屑懈褕邪
bath,胁邪薪薪邪
bathroom,胁邪薪薪邪 泻褨屑薪邪褌邪
battery,斜邪褌邪褉械褟
battle,斜懈褌胁邪
battle,斜懈褌胁邪
battlefield,锌芯谢械 斜芯褞
bay,蟹邪褌芯泻邪
be,斜褍褌懈
be,斜褍褌懈
beach,锌谢褟卸
beam,锌褉芯屑褨薪褜
bean,泻胁邪褋芯谢褟
bear,胁械写屑褨写褜
bear,胁械写屑褨写褜
beast,蟹胁褨褉
beat,斜懈褌懈
beat,斜懈褌懈
beautiful,锌褉械泻褉邪褋薪懈泄
beauty,泻褉邪褋邪
because,褌芯屑褍 褖芯
become,褋褌邪褞褌褜
bed,谢褨卸泻芯
bedroom,褋锌邪谢褜薪褟
bee,斜写卸芯谢邪
beef,褟谢芯胁懈褔懈薪邪
beer,锌懈胁芯
before,"写芯 褌芯谐芯, 褟泻"
before,"写芯 褌芯谐芯, 褟泻"
before,"写芯 褌芯谐芯, 褟泻"
beg,斜谢邪谐邪褌懈
begin,锌芯褔懈薪邪褦褌褜褋褟
beginning,锌芯褔邪褌芯泻
behalf,胁褨写 褨屑械薪褨
behave,锌芯胁芯写懈褌懈褋褟
behaviour,锌芯胁械写褨薪泻邪
behind,锌芯蟹邪写褍
behind,锌芯蟹邪写褍
being,斜褍写褍褔懈
belief,胁褨褉邪
believe,胁褨褉褞.
bell,写蟹胁芯薪懈褌懈
belong,薪邪谢械卸邪褌褜
beloved,泻芯褏邪薪邪
below,薪懈卸褔械
below,薪懈卸褔械
belt,褉械屑褨薪褜
bench,谢邪胁泻邪
benchmark,芯褉褨褦薪褌懈褉
bend,薪邪褏懈谢
bend,薪邪褏懈谢
beneath,锌褨写
beneficial,泻芯褉懈褋薪懈泄
beneficiary,斜械薪械褎褨褑褨邪褉
benefit,胁懈谐芯写邪
benefit,胁懈谐芯写邪
bent,蟹褨谐薪褍褌懈泄
beside,锌芯褉褍褔 蟹
besides,袣褉褨屑 褌芯谐芯.
besides,袣褉褨屑 褌芯谐芯.
best,薪邪泄泻褉邪褖懈泄
best,薪邪泄泻褉邪褖懈泄
best,薪邪泄泻褉邪褖懈泄
bet,锌邪褉褨
bet,锌邪褉褨
betray,蟹褉邪写卸褍胁邪褌懈
better,泻褉邪褖械
better,泻褉邪褖械
better,泻褉邪褖械
between,屑褨卸
between,屑褨卸
beyond,蟹邪 屑械卸邪屑懈
beyond,蟹邪 屑械卸邪屑懈
bias,褍锌械褉械写卸械薪褨褋褌褜
bicycle,胁械谢芯褋懈锌械写
bid,褋褌邪胁泻邪
bid,褋褌邪胁泻邪
big,胁械谢懈泻懈泄
bike,胁械谢芯褋懈锌械写
bill,袪邪褏褍薪芯泻.
bill,袪邪褏褍薪芯泻.
billion,屑褨谢褜褟褉写
bin,褋屑褨褌薪懈泻
bind,蟹胁'褟蟹褍胁邪褌懈
biography,斜褨芯谐褉邪褎褨褟
biological,斜褨芯谢芯谐褨褔薪懈泄
biology,斜褨芯谢芯谐褨褟
bird,锌褌邪褏
birth,薪邪褉芯写卸械薪薪褟
birthday,写械薪褜 薪邪褉芯写卸械薪薪褟
biscuit,斜褨褋泻胁褨褌
bishop,褦锌懈褋泻芯锌械
bit,褌褉芯褏懈
bite,褍泻褍褋
bite,褍泻褍褋
bitter,谐褨褉泻懈泄
bizarre,褏懈屑械褉薪懈泄
black,褔芯褉薪懈泄
black,褔芯褉薪懈泄
blade,谢械蟹芯
blame,蟹胁懈薪褍胁邪褔褍胁邪褌懈
blame,蟹胁懈薪褍胁邪褔褍胁邪褌懈
blank,锌芯褉芯卸薪褨泄
blank,锌芯褉芯卸薪褨泄
blanket,泻芯胁写褉邪
blast,胁懈斜褍褏
blast,胁懈斜褍褏
bleed,泻褉芯胁芯褌芯褔懈褌懈
blend,褋褍屑褨褕
blend,褋褍屑褨褕
bless,袘谢邪谐芯褋谢芯胁谢褟褞.
blessing,斜谢邪谐芯褋谢芯胁械薪薪褟
blind,褋谢褨锌懈泄
block,斜谢芯泻
block,斜谢芯泻
blog,斜谢芯谐
blonde,斜谢芯薪写懈薪泻邪
blood,泻褉芯胁
blow,褍写邪褉
blow,褍写邪褉
blue,褋懈薪褨泄
blue,褋懈薪褨泄
board,写芯褕泻邪
board,写芯褕泻邪
boast,褏胁邪谢懈褌懈褋褟
boat,褔芯胁械薪
body,褌褨谢芯
boil,泻懈锌褨褌懈
bold,褋屑褨谢懈胁懈泄
bomb,斜芯屑斜邪
bomb,斜芯屑斜邪
bombing,斜芯屑斜邪褉写褍胁邪薪薪褟
bond,蟹胁'褟蟹芯泻
bone,泻褨褋褌泻邪
bonus,锌褉械屑褨褟
book,泻薪懈谐邪
book,泻薪懈谐邪
booking,斜褉芯薪褞胁邪薪薪褟
boom,斜褍屑
boost,锌褉懈褋泻芯褉械薪薪褟
boost,锌褉懈褋泻芯褉械薪薪褟
boot,褔械褉械胁懈泻
border,泻芯褉写芯薪
border,泻芯褉写芯薪
bored,薪褍写褜谐褍褞.
boring,薪褍写薪芯
born,薪邪褉芯写懈胁褋褟
borrow,锌芯蟹懈褔邪褌懈
boss,袘芯褋.
both,芯斜懈写胁邪
both,芯斜懈写胁邪
bother,褌褍褉斜褍胁邪褌懈
bottle,锌谢褟褕泻邪
bottom,写薪芯
bottom,写薪芯
bounce,胁褨写褋泻芯泻
bound,蟹胁'褟蟹邪薪懈泄
boundary,屑械卸邪
bow,锌芯泻谢芯薪懈褌懈褋褟
bow,锌芯泻谢芯薪懈褌懈褋褟
bowl,褔邪褕邪
box,褟褖懈泻
boy,褏谢芯锌褔懈泻
boyfriend,褏谢芯锌械褑褜
brain,屑芯蟹芯泻
branch,谐褨谢泻邪
brand,斜褉械薪写
brand,斜褉械薪写
brave,褏芯褉芯斜褉懈泄
breach,锌褉芯褉懈胁
breach,锌褉芯褉懈胁
bread,褏谢褨斜
break,锌械褉械褉胁邪
break,锌械褉械褉胁邪
breakdown,锌芯谢芯屑泻邪
breakfast,褋薪褨写邪薪芯泻
breakthrough,锌褉芯褉懈胁
breast,谐褉褍写懈
breath,写懈褏邪薪薪褟
breathe,写懈褏邪褌懈
breathing,写懈褏邪薪薪褟
breed,锌芯褉芯写邪
breed,锌芯褉芯写邪
brick,褑械谐谢邪
bride,薪邪褉械褔械薪邪
bridge,屑褨褋褌
brief,泻芯褉芯褌泻邪 褨薪褎芯褉屑邪褑褨褟
briefly,泻芯褉芯褌泻芯
bright,褟褋泻褉邪胁懈泄
brilliant,斜谢懈褋泻褍褔懈泄
bring,锌褉懈薪械褋褌懈
broad,褕懈褉芯泻邪
broadband,褕懈褉芯泻芯褋屑褍谐芯胁懈泄
broadcast,褌褉邪薪褋谢褟褑褨褟
broadcast,褌褉邪薪褋谢褟褑褨褟
broadcaster,屑芯胁薪懈泻
broadly,胁 褕懈褉芯泻芯屑褍 褋械薪褋褨
broken,褉芯蟹斜懈褌懈泄
brother,斜褉邪褌
brown,泻芯褉懈褔薪械胁懈泄
brown,泻芯褉懈褔薪械胁懈泄
browser,斜褉邪褍蟹械褉
brush,锌械薪蟹谢懈泻
brush,锌械薪蟹谢懈泻
brutal,卸芯褉褋褌芯泻懈泄
bubble,斜褍谢褜斜邪褕泻邪
buck,斜邪泻
buddy,锌褉懈褟褌械谢褜.
budget,斜褞写卸械褌
buffer,斜褍褎械褉
bug,锌芯屑懈谢泻邪
build,蟹斜褨褉泻邪
building,斜褍写褨胁谢褟
bulk,薪邪胁邪谢芯屑
bullet,泻褍谢褟
bunch,泻褍锌泻邪
burden,褌褟谐邪褉
bureaucracy,斜褞褉芯泻褉邪褌褨褟
burial,锌芯褏芯胁邪薪薪褟
burn,谐芯褉褨褌懈
burn,谐芯褉褨褌懈
burst,胁懈斜褍褏
bury,褏芯胁邪褌懈
bus,邪胁褌芯斜褍褋
bush,泻褍褖
business,斜褨蟹薪械褋
businessman,斜褨蟹薪械褋屑械薪
busy,蟹邪泄薪褟褌懈泄
but,邪谢械
but,邪谢械
butter,屑邪褋谢芯
button,泻薪芯锌泻邪
buy,泻褍锌懈褌懈
by,写芯
by,写芯
bye,袘褍胁邪泄.
cabin,泻邪褞褌邪
cabinet,褕邪褎邪
cable,泻邪斜械谢褜
cafe,泻邪褎械
cake,褌芯褉褌
calculate,芯斜褔懈褋谢懈褌懈
calculation,褉芯蟹褉邪褏褍薪芯泻
call,写蟹胁芯薪懈褌懈
call,写蟹胁芯薪懈褌懈
calm,褋锌芯泻褨泄
calm,褋锌芯泻褨泄
calm,褋锌芯泻褨泄
camera,泻邪屑械褉邪
camp,褌邪斜褨褉
camp,褌邪斜褨褉
campaign,泻邪屑锌邪薪褨褟
campaign,泻邪屑锌邪薪褨褟
camping,泻械屑锌褨薪谐
campus,泻邪屑锌褍褋
can,屑芯卸械
can,屑芯卸械
canal,泻邪薪邪谢
cancel,褋泻邪褋褍胁邪褌懈
cancer,褉邪泻
candidate,泻邪薪写懈写邪褌
candle,褋胁褨褔泻邪
cannot,薪械 屑芯卸械
canvas,锌芯谢芯褌薪芯
cap,褕邪锌泻邪
capability,蟹写邪褌薪褨褋褌褜
capable,蟹写邪褌薪懈泄
capacity,锌芯褌褍卸薪褨褋褌褜
capital,泻邪锌褨褌邪谢
capital,泻邪锌褨褌邪谢
capitalism,泻邪锌褨褌邪谢褨蟹屑
capitalist,泻邪锌褨褌邪谢褨褋褌懈褔薪懈泄
captain,袣邪锌褨褌邪薪械.
capture,蟹邪褏芯锌谢械薪薪褟
capture,蟹邪褏芯锌谢械薪薪褟
car,屑邪褕懈薪邪
carbon,胁褍谐谢械褑褜
card,泻邪褉褌泻邪
care,写芯谐谢褟写
care,写芯谐谢褟写
career,泻邪褉'褦褉邪
careful,袨斜械褉械卸薪芯.
carefully,芯斜械褉械卸薪芯
careless,薪械写斜邪谢懈泄
cargo,胁邪薪褌邪卸
carpet,泻懈谢懈屑
carriage,泻邪褉械褌邪
carrot,屑芯褉泻胁邪
carry,薪械褋褌懈
cartoon,屑褍谢褜褌褎褨谢褜屑
carve,胁懈褉褨蟹邪褌懈
case,胁懈锌邪写芯泻
cash,谐芯褌褨胁泻邪
casino,泻邪蟹懈薪芯
cast,邪泻褌芯褉褋褜泻懈泄 褋泻谢邪写
cast,邪泻褌芯褉褋褜泻懈泄 褋泻谢邪写
castle,蟹邪屑芯泻
casual,薪械写斜邪谢懈泄
casualty,卸械褉褌胁邪
cat,泻褨褕泻邪
catalogue,泻邪褌邪谢芯谐
catch,褍谢芯胁
catch,褍谢芯胁
category,泻邪褌械谐芯褉褨褟
cater,芯斜褋谢褍谐芯胁褍胁邪褌懈
cattle,胁械谢懈泻邪 褉芯谐邪褌邪 褏褍写芯斜邪
cause,褌芯屑褍 褖芯
cause,褌芯屑褍 褖芯
caution,芯斜械褉械卸薪褨褋褌褜
cautious,芯斜械褉械卸薪懈泄
cave,锌械褔械褉邪
CD,CD
cease,锌褉懈锌懈薪懈褌懈
ceiling,褋褌械谢褟
celebrate,褋胁褟褌泻褍胁邪褌懈
celebration,褋胁褟褌泻褍胁邪薪薪褟
celebrity,蟹薪邪屑械薪懈褌褨褋褌褜
cell,泻谢褨褌懈薪邪
cemetery,泻谢邪写芯胁懈褖械
cent,褑械薪褌
central,褑械薪褌褉邪谢褜薪懈泄
centre,褑械薪褌褉
centre,褑械薪褌褉
century,褋褌芯谢褨褌褌褟
ceremony,褑械褉械屑芯薪褨褟
certain,锌械胁薪懈泄
certainly,袟胁懈褔邪泄薪芯.
certainty,胁锌械胁薪械薪褨褋褌褜
certificate,褋械褉褌懈褎褨泻邪褌
chain,谢邪薪褑褞卸芯泻
chain,谢邪薪褑褞卸芯泻
chair,泻褉褨褋谢芯
chair,泻褉褨褋谢芯
chairman,谐芯谢芯胁邪
challenge,胁懈泻谢懈泻
challenge,胁懈泻谢懈泻
challenging,褋泻谢邪写薪懈泄
chamber,泻邪屑械褉邪
champion,褔械屑锌褨芯薪
championship,褔械屑锌褨芯薪邪褌
chance,褕邪薪褋
change,蟹屑褨薪邪
change,蟹屑褨薪邪
channel,泻邪薪邪谢
chaos,褏邪芯褋
chapter,褉芯蟹写褨谢
character,褏邪褉邪泻褌械褉
characteristic,褏邪褉邪泻褌械褉懈褋褌懈泻邪
characteristic,褏邪褉邪泻褌械褉懈褋褌懈泻邪
characterize,褏邪褉邪泻褌械褉懈蟹褍胁邪褌懈
charge,锌谢邪褌邪
charge,锌谢邪褌邪
charity,斜谢邪谐芯写褨泄薪褨褋褌褜
charm,褔邪褉褨胁薪褨褋褌褜
charming,褔邪褉褨胁薪懈泄
chart,写褨邪谐褉邪屑邪
chart,写褨邪谐褉邪屑邪
charter,褋褌邪褌褍褌
chase,谐芯薪懈褌胁邪
chase,谐芯薪懈褌胁邪
chat,褔邪褌
chat,褔邪褌
cheap,写械褕械胁芯
cheap,写械褕械胁芯
cheat,芯斜屑邪薪褞胁邪褌懈
cheat,芯斜屑邪薪褞胁邪褌懈
check,锌械褉械胁褨褉泻邪
check,锌械褉械胁褨褉泻邪
cheek,褖芯泻邪
cheer,邪锌谢芯写懈褋屑械薪褌懈
cheer,邪锌谢芯写懈褋屑械薪褌懈
cheerful,胁械褋械谢懈泄
cheese,褋懈褉
chef,褕械褎-泻褍褏邪褉
chemical,褏褨屑褨褔薪懈泄
chemical,褏褨屑褨褔薪懈泄
chemistry,褏褨屑褨褟
chest,褋泻褉懈薪褟
chicken,泻褍褉褔邪
chief,楔械褎
chief,楔械褎
child,写懈褌懈薪邪
childhood,写懈褌懈薪褋褌胁芯
chip,褔褨锌
chocolate,褕芯泻芯谢邪写
choice,胁懈斜褨褉
choir,褏芯褉
choose,芯斜懈褉邪褌懈
chop,胁褨写斜懈胁薪邪
chronic,褏褉芯薪褨褔薪懈泄
chunk,褕屑邪褌芯泻
church,褑械褉泻胁邪
cigarette,褑懈谐邪褉泻邪
cinema,泻褨薪芯褌械邪褌褉
circle,泻芯谢芯
circle,泻芯谢芯
circuit,褋褏械屑邪
circulate,褑懈褉泻褍谢褞胁邪褌懈
circulation,褌懈褉邪卸
circumstance,芯斜褋褌邪胁懈薪邪
cite,锌褉芯褑懈褌褍胁邪褌懈
citizen,谐褉芯屑邪写褟薪懈薪
citizenship,谐褉芯屑邪写褟薪褋褌胁芯
city,屑褨褋褌芯
civic,谐褉芯屑邪写褟薪褋褜泻懈泄
civil,褑懈胁褨谢褜薪懈泄
civilian,褑懈胁褨谢褜薪懈泄
civilian,褑懈胁褨谢褜薪懈泄
civilization,褑懈胁褨谢褨蟹邪褑褨褟
claim,锌芯蟹芯胁薪邪 蟹邪褟胁邪
claim,锌芯蟹芯胁薪邪 蟹邪褟胁邪
clarify,蟹'褟褋褍胁邪褌懈
clarity,褟褋薪褨褋褌褜
clash,蟹褨褌泻薪械薪薪褟
class,泻谢邪褋
classic,泻谢邪褋懈褔薪懈泄
classic,泻谢邪褋懈褔薪懈泄
classical,泻谢邪褋懈褔薪懈泄
classification,泻谢邪褋懈褎褨泻邪褑褨褟
classify,泻谢邪褋懈褎褨泻褍胁邪褌懈
classroom,泻谢邪褋
clause,锌褍薪泻褌
clean,褔懈褋褌懈泄
clean,褔懈褋褌懈泄
cleaning,锌褉懈斜懈褉邪薪薪褟
clear,褟褋薪芯
clear,褟褋薪芯
clearly,袨褔械胁懈写薪芯.
clerk,泻谢械褉泻
clever,褉芯蟹褍屑薪懈泄
click,泻谢邪褑!
click,泻谢邪褑!
client,泻谢褨褦薪褌
cliff,褋泻械谢褟
climate,泻谢褨屑邪褌
climb,锌褨写薪褨屑邪褌懈褋褟
climb,锌褨写薪褨屑邪褌懈褋褟
cling,褔褨锌谢褟褌懈褋褟
clinic,泻谢褨薪褨泻邪
clinical,泻谢褨薪褨褔薪懈泄
clip,泻谢褨锌
clock,谐芯写懈薪薪懈泻
close,斜谢懈蟹褜泻芯
close,斜谢懈蟹褜泻芯
close,斜谢懈蟹褜泻芯
close,斜谢懈蟹褜泻芯
closed,蟹邪泻褉懈褌芯
closely,胁锌褉懈褌褍谢
closure,蟹邪泻褉懈褌褌褟
cloth,褌泻邪薪懈薪邪
clothes,芯写褟谐
clothing,芯写褟谐
cloud,褏屑邪褉邪
club,泻谢褍斜
clue,锌褨写泻邪蟹泻邪
cluster,泻谢邪褋褌械褉
coach,褌褉械薪械褉
coach,褌褉械薪械褉
coal,胁褍谐褨谢谢褟
coalition,泻芯邪谢褨褑褨褟
coast,褍蟹斜械褉械卸卸褟
coastal,锌褉懈斜械褉械卸薪懈泄
coat,锌邪谢褜褌芯
cocktail,泻芯泻褌械泄谢褜
code,泻芯写
coffee,泻邪胁邪
cognitive,锌褨蟹薪邪胁邪谢褜薪懈泄
coin,屑芯薪械褌邪
coincide,蟹斜褨谐邪褞褌褜褋褟
coincidence,蟹斜褨谐
cold,褏芯谢芯写薪懈泄
cold,褏芯谢芯写薪懈泄
collaborate,褋锌褨胁锌褉邪褑褞胁邪褌懈
collaboration,褋锌褨胁锌褉邪褑褟
collapse,泻褉邪褏
collapse,泻褉邪褏
colleague,泻芯谢械谐邪
collect,蟹斜懈褉邪褌懈
collection,泻芯谢械泻褑褨褟
collective,泻芯谢械泻褌懈胁薪懈泄
collector,泻芯谢械泻褑褨芯薪械褉
college,泻芯谢械写卸
collision,蟹褨褌泻薪械薪薪褟
colonial,泻芯谢芯薪褨邪谢褜薪懈泄
colony,泻芯谢芯薪褨褟
colour,泻芯谢褨褉
coloured,泻芯谢褜芯褉芯胁懈泄
colourful,斜邪褉胁懈褋褌懈泄
column,泻芯谢芯薪泻邪
columnist,泻芯谢褍屑薪褨褋褌
combat,斜芯褉芯褌褜斜邪
combat,斜芯褉芯褌褜斜邪
combination,锌芯褦写薪邪薪薪褟
combine,泻芯屑斜邪泄薪
come,啸芯写褨屑芯.
comedy,泻芯屑械写褨褟
comfort,泻芯屑褎芯褉褌
comfort,泻芯屑褎芯褉褌
comfortable,泻芯屑褎芯褉褌薪芯
comic,泻芯屑褨褔薪懈泄
comic,泻芯屑褨褔薪懈泄
command,泻芯屑邪薪写邪
command,泻芯屑邪薪写邪
commander,袣芯屑邪薪写懈褉
commence,袩芯褔懈薪邪褦屑芯.
comment,泻芯屑械薪褌邪褉
comment,泻芯屑械薪褌邪褉
commentary,泻芯屑械薪褌邪褉
commentator,泻芯屑械薪褌邪褌芯褉
commerce,泻芯屑械褉褑褨褟
commercial,褉械泻谢邪屑薪懈泄 褉芯谢懈泻
commercial,褉械泻谢邪屑薪懈泄 褉芯谢懈泻
commission,泻芯屑褨褋褨褟
commission,泻芯屑褨褋褨褟
commissioner,泻芯屑褨褋邪褉
commit,胁蟹褟褌懈 薪邪 褋械斜械 蟹芯斜芯胁'褟蟹邪薪薪褟
commitment,锌褉懈褏懈谢褜薪褨褋褌褜
committee,泻芯屑褨褌械褌
commodity,褌芯胁邪褉
common,褋锌褨谢褜薪懈泄
commonly,蟹邪蟹胁懈褔邪泄
communicate,褋锌褨谢泻褍胁邪褌懈褋褟
communication,泻芯屑褍薪褨泻邪褑褨褟
communist,泻芯屑褍薪褨褋褌懈褔薪懈泄
community,褋锌褨谢褜薪芯褌邪
companion,泻芯屑锌邪薪褜泄芯薪
company,泻芯屑锌邪薪褨褟
comparable,锌芯褉褨胁薪褟薪薪懈泄
comparative,锌芯褉褨胁薪褟谢褜薪懈泄
compare,锌芯褉褨胁薪褞胁邪褌懈
comparison,锌芯褉褨胁薪褟薪薪褟
compassion,褋锌褨胁褔褍褌褌褟
compel,锌褉懈屑褍褕褍胁邪褌懈
compelling,锌械褉械泻芯薪谢懈胁芯褞
compensate,泻芯屑锌械薪褋褍胁邪褌懈
compensation,泻芯屑锌械薪褋邪褑褨褟
compete,蟹屑邪谐邪褌懈褋褟
competence,泻芯屑锌械褌械薪褌薪褨褋褌褜
competent,泻芯屑锌械褌械薪褌薪懈泄
competition,蟹屑邪谐邪薪薪褟
competitive,泻芯薪泻褍褉械薪褌芯褋锌褉芯屑芯卸薪懈泄
competitor,泻芯薪泻褍褉械薪褌
compile,泻芯屑锌褨谢褞胁邪褌懈
complain,褋泻邪褉卸懈褌懈褋褟
complaint,褋泻邪褉谐邪
complement,写芯锌芯胁薪械薪薪褟
complete,锌芯胁薪懈泄
complete,锌芯胁薪懈泄
completely,锌芯胁薪褨褋褌褞
completion,蟹邪胁械褉褕械薪薪褟
complex,褋泻谢邪写薪懈泄
complex,褋泻谢邪写薪懈泄
complexity,褋泻谢邪写薪褨褋褌褜
compliance,胁褨写锌芯胁褨写薪褨褋褌褜
complicated,褋泻谢邪写薪懈泄
complication,褍褋泻谢邪写薪械薪薪褟
comply,锌褨写泻芯褉褟褌懈褋褟
component,泻芯屑锌芯薪械薪褌
compose,褋泻谢邪褋褌懈
composer,泻芯屑锌芯蟹懈褌芯褉
composition,褋泻谢邪写
compound,蟹'褦写薪邪薪薪褟
comprehensive,胁褋械芯褋褟卸薪懈泄
comprise,胁泻谢褞褔邪褞褌褜
compromise,泻芯屑锌褉芯屑褨褋
compromise,泻芯屑锌褉芯屑褨褋
compulsory,芯斜芯胁'褟蟹泻芯胁懈泄
compute,芯斜褔懈褋谢褞胁邪褌懈
computer,泻芯屑锌'褞褌械褉
conceal,锌褉懈褏芯胁邪褌懈
concede,锌芯褋褌褍锌懈褌懈褋褟.
conceive,蟹邪褔邪褌懈
concentrate,泻芯薪褑械薪褌褉邪褌
concentration,泻芯薪褑械薪褌褉邪褑褨褟
concept,泻芯薪褑械锌褑褨褟
conception,蟹邪褔邪褌褌褟
concern,蟹邪薪械锌芯泻芯褦薪薪褟
concern,蟹邪薪械锌芯泻芯褦薪薪褟
concerned,褋褌褍褉斜芯胁邪薪懈泄
concert,泻芯薪褑械褉褌
concession,泻芯薪褑械褋褨褟
conclude,胁懈褋薪芯胁芯泻
conclusion,胁懈褋薪芯胁芯泻
concrete,斜械褌芯薪
concrete,斜械褌芯薪
condemn,蟹邪褋褍写卸褍胁邪褌懈
condition,褋褌邪薪
conduct,锌芯胁械写褨薪泻邪
conduct,锌芯胁械写褨薪泻邪
confer,锌褉芯胁械褋褌懈 薪邪褉邪写褍
conference,泻芯薪褎械褉械薪褑褨褟
confess,蟹褨蟹薪邪褌懈褋褟.
confession,褋锌芯胁褨写褜
confidence,胁锌械胁薪械薪褨褋褌褜
confident,胁锌械胁薪械薪懈泄 褍 褋芯斜褨
configuration,泻芯薪褎褨谐褍褉邪褑褨褟
confine,褍胁'褟蟹薪械薪薪褟
confirm,锌褨写褌胁械褉写懈褌懈
confirmation,锌褨写褌胁械褉写卸械薪薪褟
conflict,泻芯薪褎谢褨泻褌
conflict,泻芯薪褎谢褨泻褌
confront,锌褉芯褌懈褋褌芯褟褌懈
confrontation,锌褉芯褌懈褋褌芯褟薪薪褟
confuse,蟹斜懈胁邪褌懈 蟹 锌邪薪褌械谢懈泻褍
confused,蟹斜械薪褌械卸械薪懈泄.
confusing,蟹邪锌谢褍褌邪薪芯.
confusion,褉芯蟹谐褍斜谢械薪褨褋褌褜
congratulate,锌褉懈胁褨褌邪褌懈
congregation,谐褉芯屑邪写邪
congressional,泻芯薪谐褉械褋芯胁懈泄
connect,蟹'褦写薪邪褌懈
connected,锌芯胁'褟蟹邪薪懈泄
connection,蟹胁'褟蟹芯泻
conquer,蟹邪胁芯泄芯胁褍胁邪褌懈
conscience,褋芯胁褨褋褌褜
conscious,褋胁褨写芯屑懈泄
consciousness,褋胁褨写芯屑褨褋褌褜
consecutive,锌芯褋锌褨谢褜
consensus,泻芯薪褋械薪褋褍褋
consent,蟹谐芯写邪
consent,蟹谐芯写邪
consequence,薪邪褋谢褨写芯泻
consequently,芯褌卸械
conservation,蟹斜械褉械卸械薪薪褟
conservative,泻芯薪褋械褉胁邪褌懈胁薪懈泄
conservative,泻芯薪褋械褉胁邪褌懈胁薪懈泄
conserve,蟹斜械褉褨谐邪褌懈
consider,褉芯蟹谐谢褟薪褍褌懈
considerable,蟹薪邪褔薪懈泄
considerably,蟹薪邪褔薪芯
consideration,褉芯蟹谐谢褟写
consist,褋泻谢邪写邪褞褌褜褋褟
consistency,泻芯薪褋懈褋褌械薪褑褨褟
consistent,锌芯褋谢褨写芯胁薪懈泄
consistently,锌芯褋谢褨写芯胁薪芯
consolidate,泻芯薪褋芯谢褨写褍胁邪褌懈
conspiracy,蟹屑芯胁邪
constant,泻芯薪褋褌邪薪褌邪
constantly,锌芯褋褌褨泄薪芯
constituency,胁懈斜芯褉褔懈泄 芯泻褉褍谐
constitute,褋褌邪薪芯胁谢褟褌褜
constitution,泻芯薪褋褌懈褌褍褑褨褟
constitutional,泻芯薪褋褌懈褌褍褑褨泄薪懈泄
constraint,芯斜屑械卸械薪薪褟
construct,泻芯薪褋褌褉褍泻褑褨褟
construction,斜褍写褨胁薪懈褑褌胁芯
consult,锌褉芯泻芯薪褋褍谢褜褌褍胁邪褌懈褋褟
consultant,泻芯薪褋褍谢褜褌邪薪褌
consultation,泻芯薪褋褍谢褜褌邪褑褨褟
consume,褋锌芯卸懈胁邪褌懈
consumer,褋锌芯卸懈胁邪褔
consumption,褋锌芯卸懈胁邪薪薪褟
contact,泻芯薪褌邪泻褌
contact,泻芯薪褌邪泻褌
contain,屑褨褋褌懈褌懈
container,泻芯薪褌械泄薪械褉
contemplate,褋锌芯谐谢褟写邪褌懈
contemporary,褋褍褔邪褋薪懈泄
contempt,锌褉械蟹懈褉褋褌胁芯
contend,褋褌胁械褉写卸褍胁邪褌懈.
contender,锌褉械褌械薪写械薪褌
content,蟹屑褨褋褌
content,蟹屑褨褋褌
contention,褋褍锌械褉械褔泻邪
contest,泻芯薪泻褍褉褋
contest,泻芯薪泻褍褉褋
context,泻芯薪褌械泻褋褌
continent,泻芯薪褌懈薪械薪褌
continually,锌芯褋褌褨泄薪芯
continue,锌褉芯写芯胁卸褍胁邪褌懈
continuous,斜械蟹锌械褉械褉胁薪懈泄
contract,写芯谐芯胁褨褉
contract,写芯谐芯胁褨褉
contractor,锌褨写褉褟写薪懈泻
contradiction,锌褉芯褌懈褉褨褔褔褟
contrary,薪邪胁锌邪泻懈.
contrary,薪邪胁锌邪泻懈.
contrast,泻芯薪褌褉邪褋褌
contrast,泻芯薪褌褉邪褋褌
contribute,蟹褉芯斜懈褌懈 褋胁褨泄 胁薪械褋芯泻
contribution,胁薪械褋芯泻
contributor,写芯锌懈褋褍胁邪褔
control,泻芯薪褌褉芯谢褜
control,泻芯薪褌褉芯谢褜
controversial,褋褍锌械褉械褔谢懈胁懈泄
controversy,褋褍锌械褉械褔泻邪
convenience,蟹褉褍褔薪褨褋褌褜
convenient,蟹褉褍褔薪懈泄
convention,泻芯薪胁械薪褑褨褟
conventional,蟹胁懈褔邪泄薪懈泄
conversation,褉芯蟹屑芯胁邪
conversion,锌械褉械褌胁芯褉械薪薪褟
convert,薪邪胁械褉褌邪褌懈褋褟
convey,锌械褉械写邪胁邪褌懈
convict,蟹邪褋褍写卸械薪懈泄
conviction,锌械褉械泻芯薪邪薪薪褟
convince,锌械褉械泻芯薪邪褌懈
convinced,锌械褉械泻芯薪邪薪懈泄.
convincing,锌械褉械泻芯薪谢懈胁芯
cook,谐芯褌褍胁邪褌懈
cook,谐芯褌褍胁邪褌懈
cooker,锌谢懈褌邪
cooking,泻褍谢褨薪邪褉褨褟
cool,锌褉芯褏芯谢芯写薪芯
cool,锌褉芯褏芯谢芯写薪芯
cooperate,褋锌褨胁锌褉邪褑褞胁邪褌懈
cooperative,泻芯芯锌械褉邪褌懈胁
coordinate,泻芯芯褉写懈薪邪褌邪
coordination,泻芯芯褉写懈薪邪褑褨褟
coordinator,泻芯芯褉写懈薪邪褌芯褉
cop,锌芯谢褨褑械泄褋褜泻懈泄
cope,胁锌芯褉邪褌懈褋褟
copper,屑褨写褜
copy,泻芯锌褨褟
copy,泻芯锌褨褟
copyright,邪胁褌芯褉褋褜泻械 锌褉邪胁芯
core,褟写褉芯
core,褟写褉芯
corner,泻褍褌芯褔芯泻
corporate,泻芯褉锌芯褉邪褌懈胁薪懈泄
corporation,泻芯褉锌芯褉邪褑褨褟
correct,锌褉邪胁懈谢褜薪芯
correct,锌褉邪胁懈谢褜薪芯
correction,胁懈锌褉邪胁谢械薪薪褟
correctly,锌褉邪胁懈谢褜薪芯
correlate,泻芯褉械谢褞胁邪褌懈
correlation,泻芯褉械谢褟褑褨褟
correspond,谢懈褋褌褍胁邪褌懈褋褟
correspondence,谢懈褋褌褍胁邪薪薪褟
correspondent,泻芯褉械褋锌芯薪写械薪褌
corresponding,胁褨写锌芯胁褨写薪懈泄
corridor,泻芯褉懈写芯褉
corrupt,泻芯褉褍屑锌芯胁邪薪懈泄
corruption,泻芯褉褍锌褑褨褟
cost,胁邪褉褌褨褋褌褜
cost,胁邪褉褌褨褋褌褜
costly,写芯褉芯谐懈泄
costume,泻芯褋褌褞屑
cottage,泻芯褌械写卸
cotton,斜邪胁芯胁薪邪
could,屑褨谐 斜懈
council,褉邪写邪
councillor,褉邪写薪懈泻
counselling,泻芯薪褋褍谢褜褌褍胁邪薪薪褟
counsellor,褉邪写薪懈泻
count,谐褉邪褎
count,谐褉邪褎
counter,谢褨褔懈谢褜薪懈泻
counter,谢褨褔懈谢褜薪懈泻
counterpart,泻芯谢械谐邪
countless,薪械蟹谢褨褔械薪薪邪 泻褨谢褜泻褨褋褌褜
country,泻褉邪褩薪邪
countryside,褋褨谢褜褋褜泻邪 屑褨褋褑械胁褨褋褌褜
county,谐褉邪褎褋褌胁芯
coup,锌械褉械胁芯褉芯褌
couple,锌邪褉邪
courage,屑褍卸薪褨褋褌褜
course,泻褍褉褋
court,褋褍写
courtesy,胁胁褨褔谢懈胁褨褋褌褜
cousin,泻褍蟹械薪.
cover,芯斜泻谢邪写懈薪泻邪
cover,芯斜泻谢邪写懈薪泻邪
coverage,芯褏芯锌谢械薪薪褟
covered,锌芯泻褉懈褌懈泄
cow,泻芯褉芯胁邪
crack,褌褉褨褖懈薪邪
crack,褌褉褨褖懈薪邪
craft,褉械屑械褋谢芯
craft,褉械屑械褋谢芯
crash,邪胁邪褉褨褟
crash,邪胁邪褉褨褟
crawl,锌芯胁蟹邪褌懈
crazy,斜芯卸械胁褨谢褜薪懈泄.
cream,胁械褉褕泻懈
cream,胁械褉褕泻懈
create,褋褌胁芯褉褞胁邪褌懈
creation,褋褌胁芯褉械薪薪褟
creative,泻褉械邪褌懈胁薪懈泄
creativity,褌胁芯褉褔褨褋褌褜
creator,褌胁芯褉械褑褜
creature,褨褋褌芯褌邪
credibility,写芯胁褨褉邪
credible,写芯褋褌芯胁褨褉薪懈屑
credit,泻褉械写懈褌
credit,泻褉械写懈褌
creep,胁懈褉芯写芯泻.
crew,械泻褨锌邪卸
crime,蟹谢芯褔懈薪
criminal,蟹谢芯褔懈薪械褑褜
criminal,蟹谢芯褔懈薪械褑褜
crisis,泻褉懈蟹邪
criterion,泻褉懈褌械褉褨泄
critic,泻褉懈褌懈泻
critical,泻褉懈褌懈褔薪懈泄
critically,泻褉懈褌懈褔薪芯
criticism,泻褉懈褌懈泻邪
criticize,泻褉懈褌懈泻褍胁邪褌懈
critique,泻褉懈褌懈泻邪
crop,褍褉芯卸邪泄
cross,褏褉械褋褌
cross,褏褉械褋褌
crowd,薪邪褌芯胁锌
crowded,锌械褉械锌芯胁薪械薪褨
crown,泻芯褉芯薪邪
crucial,胁懈褉褨褕邪谢褜薪懈泄
crude,褋懈褉懈泄
cruel,卸芯褉褋褌芯泻懈泄
cruise,泻褉褍褩蟹
cruise,泻褉褍褩蟹
crush,褌懈褋薪褟胁邪
cry,锌谢邪泻邪褌懈
cry,锌谢邪泻邪褌懈
crystal,泻褉懈褕褌邪谢褜
cue,泻懈泄
cult,泻褍谢褜褌
cult,泻褍谢褜褌
cultivate,泻褍谢褜褌懈胁褍胁邪褌懈
cultural,泻褍谢褜褌褍褉薪懈泄
culture,泻褍谢褜褌褍褉邪
cup,褔邪褕泻邪
cupboard,褕邪褎邪
cure,谢褨泻懈
cure,谢褨泻懈
curiosity,褑褨泻邪胁褨褋褌褜
curious,写芯锌懈褌谢懈胁懈泄.
curly,泻褍褔械褉褟胁懈泄
currency,胁邪谢褞褌邪
current,锌芯褌芯褔薪懈泄
current,锌芯褌芯褔薪懈泄
currently,胁 写邪薪懈泄 褔邪褋
curriculum,薪邪胁褔邪谢褜薪邪 锌褉芯谐褉邪屑邪
curtain,蟹邪胁褨褋邪
curve,泻褉懈胁邪
curve,泻褉懈胁邪
curved,胁懈谐薪褍褌懈泄
custody,芯锌褨泻邪
custom,蟹胁懈褔邪泄
customer,泻谢褨褦薪褌
cut,胁懈褉褨蟹邪褌懈
cut,胁懈褉褨蟹邪褌懈
cute,屑懈谢懈泄
cutting,褉褨蟹邪薪薪褟
cycle,褑懈泻谢
cycle,褑懈泻谢
cynical,褑懈薪褨褔薪懈泄
dad,孝邪褌褍.
daily,褖芯写薪褟
daily,褖芯写薪褟
dairy,屑芯谢芯褔薪懈泄
dairy,屑芯谢芯褔薪懈泄
dam,写邪屑斜邪
damage,锌芯褕泻芯写卸械薪薪褟
damage,锌芯褕泻芯写卸械薪薪褟
damaging,褉褍泄薪褨胁薪懈泄
dance,褌邪薪褑褞胁邪褌懈
dance,褌邪薪褑褞胁邪褌懈
dancer,褌邪薪褑褨胁薪懈褑褟
dancing,褌邪薪褑褨
danger,薪械斜械蟹锌械泻邪
dangerous,薪械斜械蟹锌械褔薪懈泄
dare,薪邪胁邪卸懈褌懈褋褟
dark,褌械屑薪懈泄
dark,褌械屑薪懈泄
darkness,褌械屑褉褟胁邪
data,写邪薪褨
database,斜邪蟹邪 写邪薪懈褏
date,写邪褌邪
date,写邪褌邪
daughter,写芯褔泻邪
dawn,褋胁褨褌邪薪芯泻
day,写械薪褜
dead,屑械褉褌胁懈泄.
deadline,写械写谢邪泄薪
deadly,褋屑械褉褌械谢褜薪芯 薪械斜械蟹锌械褔薪褨.
deal,褍谐芯写邪
deal,褍谐芯写邪
dealer,写懈谢械褉
dear,写芯褉芯谐械薪褜泻邪.
dear,写芯褉芯谐械薪褜泻邪.
death,褋屑械褉褌褜
debate,写械斜邪褌懈
debate,写械斜邪褌懈
debris,褋屑褨褌褌褟
debt,斜芯褉谐
debut,写械斜褞褌
decade,写械褋褟褌懈谢褨褌褌褟
December,袚褉褍写械薪褜
decent,锌褉懈褋褌芯泄薪懈泄
decide,胁懈褉褨褕懈褌懈
decision,褉褨褕械薪薪褟
decision-making,锌褉懈泄薪褟褌褌褟 褉褨褕械薪褜
decisive,胁懈褉褨褕邪谢褜薪懈泄
deck,锌邪谢褍斜邪
declaration,写械泻谢邪褉邪褑褨褟
declare,蟹邪褟胁谢褟褞.
decline,蟹邪薪械锌邪写
decline,蟹邪薪械锌邪写
decorate,锌褉懈泻褉邪褕邪褌懈
decoration,芯蟹写芯斜谢械薪薪褟
decrease,蟹屑械薪褕械薪薪褟
decrease,蟹屑械薪褕械薪薪褟
dedicated,胁褨写写邪薪懈泄
dedication,胁褨写写邪薪褨褋褌褜
deed,胁褔懈薪芯泻
deem,胁胁邪卸邪褞.
deep,谐谢懈斜芯泻芯
deep,谐谢懈斜芯泻芯
deeply,谐谢懈斜芯泻芯
default,蟹邪 蟹邪屑芯胁褔褍胁邪薪薪褟屑
defeat,锌芯褉邪蟹泻邪
defeat,锌芯褉邪蟹泻邪
defect,写械褎械泻褌
defence,芯斜芯褉芯薪邪
defend,蟹邪褏懈褖邪褌懈
defender,蟹邪褏懈褋薪懈泻
defensive,芯斜芯褉芯薪薪懈泄
deficiency,写械褎褨褑懈褌
deficit,写械褎褨褑懈褌
define,胁懈蟹薪邪褔懈褌懈
definite,斜械蟹褍屑芯胁薪芯
definitely,袘械蟹褍屑芯胁薪芯.
definition,胁懈蟹薪邪褔械薪薪褟
defy,薪械 锌褨写泻芯褉褟褌懈褋褟
degree,褋褌褍锌褨薪褜
delay,蟹邪褌褉懈屑泻邪
delay,蟹邪褌褉懈屑泻邪
delegate,写械谢械谐邪褌
delegation,写械谢械谐邪褑褨褟
delete,胁懈写邪谢懈褌懈
deliberate,薪邪胁屑懈褋薪懈泄
deliberately,薪邪胁屑懈褋薪芯
delicate,写械谢褨泻邪褌薪懈泄
delicious,写褍卸械 褋屑邪褔薪芯
delight,蟹邪褏芯锌谢械薪薪褟
delight,蟹邪褏芯锌谢械薪薪褟
delighted,携 胁 蟹邪褏胁邪褌褨.
deliver,写芯褋褌邪胁谢褟褌懈
delivery,写芯褋褌邪胁泻邪
demand,锌芯锌懈褌
demand,锌芯锌懈褌
democracy,写械屑芯泻褉邪褌褨褟
democratic,写械屑芯泻褉邪褌懈褔薪懈泄
demon,写械屑芯薪
demonstrate,锌褉芯写械屑芯薪褋褌褉褍胁邪褌懈
demonstration,写械屑芯薪褋褌褉邪褑褨褟
denial,蟹邪锌械褉械褔械薪薪褟
denounce,蟹邪褋褍写卸褍胁邪褌懈
dense,褖褨谢褜薪懈泄
density,褖褨谢褜薪褨褋褌褜
dentist,褋褌芯屑邪褌芯谢芯谐
deny,蟹邪锌械褉械褔褍胁邪褌懈
depart,胁褨写'褩卸写卸邪褌懈
department,胁褨写写褨谢
departure,胁懈褩蟹写
depend,蟹邪谢械卸邪褌褜
dependence,蟹邪谢械卸薪褨褋褌褜
dependent,蟹邪谢械卸薪懈泄
depict,蟹芯斜褉邪蟹懈褌懈
deploy,褉芯蟹谐芯褉薪褍褌懈
deployment,褉芯蟹谐芯褉褌邪薪薪褟
deposit,写械锌芯蟹懈褌
deposit,写械锌芯蟹懈褌
depressed,锌褉懈谐薪褨褔械薪懈泄
depressing,写械锌褉械褋懈胁薪懈泄
depression,写械锌褉械褋褨褟
deprive,锌芯蟹斜邪胁谢褟褌懈
depth,谐谢懈斜懈薪邪
deputy,写械锌褍褌邪褌
derive,胁懈胁芯写懈褌懈
descend,褋锌褍褋褌懈褌懈褋褟
descent,褋锌褍褋泻
describe,芯锌懈褋邪褌懈
description,芯锌懈褋
desert,锌褍褋褌械谢褟
desert,锌褍褋褌械谢褟
deserve,蟹邪褋谢褍谐芯胁褍褞褌褜
design,写懈蟹邪泄薪
design,写懈蟹邪泄薪
designate,锌芯蟹薪邪褔懈褌懈
designer,写懈蟹邪泄薪械褉
desirable,斜邪卸邪薪芯
desire,斜邪卸邪薪薪褟
desire,斜邪卸邪薪薪褟
desk,褋褌褨谢
desktop,褉芯斜芯褔懈泄 褋褌褨谢
desperate,褍 胁褨写褔邪褩.
desperately,胁褨写褔邪泄写褍褕薪芯
despite,"薪械蟹胁邪卸邪褞褔懈 薪邪 褌械, 褖芯"
destination,屑褨褋褑械 锌褉懈蟹薪邪褔械薪薪褟
destroy,蟹薪懈褖褍胁邪褌懈
destruction,蟹薪懈褖械薪薪褟
destructive,写械褋褌褉褍泻褌懈胁薪懈泄
detail,写械褌邪谢褜
detail,写械褌邪谢褜
detailed,写械褌邪谢褜薪懈泄
detain,蟹邪褌褉懈屑邪褌懈
detect,胁懈褟胁懈褌懈
detection,胁懈褟胁谢械薪薪褟
detective,写械褌械泻褌懈胁
detention,蟹邪褌褉懈屑邪薪薪褟
deteriorate,锌芯谐褨褉褕褍胁邪褌懈褋褟
determination,褉褨褕褍褔褨褋褌褜
determine,胁懈蟹薪邪褔懈褌懈
determined,褉褨褕褍褔懈泄
devastate,褋锌褍褋褌芯褕懈褌懈
develop,褉芯蟹胁懈胁邪褌懈褋褟
development,褉芯蟹胁懈褌芯泻
device,锌褉懈褋褌褉褨泄
devil,写懈褟胁芯谢
devise,锌褉懈写褍屑褍胁邪褌懈
devote,锌褉懈褋胁褟褌懈褌懈
diagnose,写褨邪谐薪芯褋褌褍胁邪褌懈
diagnosis,写褨邪谐薪芯蟹
diagram,写褨邪谐褉邪屑邪
dialogue,写褨邪谢芯谐
diamond,写褨邪屑邪薪褌
diary,褖芯写械薪薪懈泻
dictate,写懈泻褌褍褞褌褜
dictator,写懈泻褌邪褌芯褉
dictionary,褋谢芯胁薪懈泻
die,锌芯屑械褉褌懈
diet,写褨褦褌邪
differ,胁褨写褉褨蟹薪褟褞褌褜褋褟
difference,褉褨蟹薪懈褑褟
different,褉褨蟹薪懈泄
differentiate,褉芯蟹褉褨蟹薪褟褌懈
differently,褨薪邪泻褕械
difficult,褋泻谢邪写薪懈泄
difficulty,褋泻谢邪写薪褨褋褌褜
dig,泻芯锌邪褌懈
digital,褑懈褎褉芯胁懈泄
dignity,谐褨写薪褨褋褌褜
dilemma,写懈谢械屑邪
dimension,褉芯蟹屑褨褉
diminish,蟹屑械薪褕褍胁邪褌懈褋褟
dinner,胁械褔械褉褟
dip,蟹邪薪褍褉械薪薪褟
diplomat,写懈锌谢芯屑邪褌
diplomatic,写懈锌谢芯屑邪褌懈褔薪懈泄
direct,锌褉褟屑懈泄
direct,锌褉褟屑懈泄
direct,锌褉褟屑懈泄
direction,薪邪锌褉褟屑芯泻
directly,斜械蟹锌芯褋械褉械写薪褜芯
director,褉械卸懈褋械褉
directory,泻邪褌邪谢芯谐
dirt,斜褉褍写
dirty,斜褉褍写薪懈泄
disability,褨薪胁邪谢褨写薪褨褋褌褜
disabled,蟹 芯斜屑械卸械薪懈屑懈 屑芯卸谢懈胁芯褋褌褟屑懈
disadvantage,薪械写芯谢褨泻
disagree,薪械 蟹谐芯写械薪
disagreement,褉芯蟹斜褨卸薪褨褋褌褜
disappear,蟹薪懈泻邪褞褌褜
disappoint,褉芯蟹褔邪褉芯胁褍胁邪褌懈
disappointed,褉芯蟹褔邪褉芯胁邪薪懈泄
disappointing,褉芯蟹褔邪褉芯胁褍褦
disappointment,褉芯蟹褔邪褉褍胁邪薪薪褟
disaster,泻邪褌邪褋褌褉芯褎邪
disastrous,泻邪褌邪褋褌褉芯褎褨褔薪懈泄
disc,写懈褋泻
discard,胁褨写泻懈薪褍褌懈
discharge,褉芯蟹褉褟写泻邪
discipline,写懈褋褑懈锌谢褨薪邪
disclose,褉芯蟹泻褉懈褌懈
disclosure,褉芯蟹泻褉懈褌褌褟
discount,蟹薪懈卸泻邪
discount,蟹薪懈卸泻邪
discourage,蟹薪械芯褏芯褔褍胁邪褌懈
discourse,写懈褋泻褍褉褋
discover,胁褨写泻褉懈褌懈 写谢褟 褋械斜械
discovery,胁褨写泻褉懈褌褌褟
discretion,褉芯蟹褋褍写谢懈胁褨褋褌褜
discrimination,写懈褋泻褉懈屑褨薪邪褑褨褟
discuss,芯斜谐芯胁芯褉褞胁邪褌懈
discussion,写懈褋泻褍褋褨褟
disease,褏胁芯褉芯斜邪
dish,褌邪褉褨谢泻邪
dishonest,薪械褔械褋薪懈泄
disk,写懈褋泻
dislike,薪械锌褉懈褟蟹薪褜
dislike,薪械锌褉懈褟蟹薪褜
dismiss,蟹胁褨谢褜薪懈褌懈
dismissal,蟹胁褨谢褜薪械薪薪褟
disorder,褉芯蟹谢邪写
displace,胁懈褌褨褋薪懈褌懈
display,写懈褋锌谢械泄
display,写懈褋锌谢械泄
disposal,褍褌懈谢褨蟹邪褑褨褟
dispose,褍褌懈谢褨蟹褍胁邪褌懈
dispute,褋褍锌械褉械褔泻邪
dispute,褋褍锌械褉械褔泻邪
disrupt,锌芯褉褍褕褍胁邪褌懈
disruption,蟹褉懈胁
dissolve,褉芯蟹褔懈薪懈褌懈褋褟
distance,胁褨写褋褌邪薪褜
distant,写邪谢械泻懈泄
distinct,胁懈褉邪蟹薪懈泄
distinction,胁褨写屑褨薪薪褨褋褌褜
distinctive,芯褋芯斜谢懈胁懈泄
distinguish,褉芯蟹褉褨蟹薪褟褌懈
distort,褋锌芯褌胁芯褉褞胁邪褌懈
distract,胁褨写胁芯谢褨泻邪褌懈
distress,谢懈褏芯
distress,谢懈褏芯
distribute,褉芯蟹锌芯胁褋褞写卸褍胁邪褌懈
distribution,褉芯蟹锌芯写褨谢
district,褉邪泄芯薪
disturb,褌褍褉斜褍胁邪褌懈
disturbing,褌褉懈胁芯卸薪懈泄
dive,蟹邪薪褍褉械薪薪褟
dive,蟹邪薪褍褉械薪薪褟
diverse,褉褨蟹薪芯屑邪薪褨褌薪褨
diversity,褉褨蟹薪芯屑邪薪褨褌薪褨褋褌褜
divert,胁褨写胁芯谢褨泻褌懈褋褟
divide,褉芯蟹写褨谢懈褌懈
divide,褉芯蟹写褨谢懈褌懈
divine,斜芯卸械褋褌胁械薪薪懈泄
division,锌褨写褉芯蟹写褨谢
divorce,褉芯蟹谢褍褔械薪薪褟
divorce,褉芯蟹谢褍褔械薪薪褟
divorced,褉芯蟹谢褍褔械薪懈泄
do,褉芯斜懈褌懈
do,褉芯斜懈褌懈
doctor,谢褨泻邪褉
doctrine,写芯泻褌褉懈薪邪
document,写芯泻褍屑械薪褌
document,写芯泻褍屑械薪褌
documentary,写芯泻褍屑械薪褌邪谢褜薪懈泄
documentation,写芯泻褍屑械薪褌邪褑褨褟
dog,褋芯斜邪泻邪
dollar,写芯谢邪褉
domain,写芯屑械薪
domestic,胁薪褍褌褉褨褕薪褨泄
dominance,写芯屑褨薪褍胁邪薪薪褟
dominant,写芯屑褨薪褍褞褔懈泄
dominate,写芯屑褨薪褍胁邪褌懈
donate,锌芯卸械褉褌胁褍胁邪褌懈
donation,锌芯卸械褉褌胁褍胁邪薪薪褟
donor,写芯薪芯褉
door,写胁械褉褨
dose,写芯蟹邪
dot,泻褉邪锌泻邪
double,锌芯写胁褨泄薪懈泄
double,锌芯写胁褨泄薪懈泄
double,锌芯写胁褨泄薪懈泄
double,锌芯写胁褨泄薪懈泄
double,锌芯写胁褨泄薪懈泄
doubt,褋褍屑薪褨胁
doubt,褋褍屑薪褨胁
down,胁薪懈蟹
down,胁薪懈蟹
download,蟹邪胁邪薪褌邪卸懈褌懈
download,蟹邪胁邪薪褌邪卸懈褌懈
downstairs,胁薪懈蟹褍.
downstairs,胁薪懈蟹褍.
downtown,胁 褑械薪褌褉褨 屑褨褋褌邪
downtown,胁 褑械薪褌褉褨 屑褨褋褌邪
downtown,胁 褑械薪褌褉褨 屑褨褋褌邪
downwards,胁薪懈蟹
dozen,写褞卸懈薪邪
dozen,写褞卸懈薪邪
draft,锌褉芯械泻褌
draft,锌褉芯械泻褌
drag,褌褟谐薪褍褌懈
drain,蟹谢懈胁
drama,写褉邪屑邪
dramatic,写褉邪屑邪褌懈褔薪懈泄
dramatically,褉褨蟹泻芯
draw,薪褨褔懈褟
drawing,屑邪谢褞胁邪薪薪褟
dream,屑褉褨褟褌懈
dream,屑褉褨褟褌懈
dress,褋褍泻薪褟
dress,褋褍泻薪褟
dressed,芯写褟谐薪械薪懈泄
drift,写褉械泄褎
drink,胁懈锌懈褌懈
drink,胁懈锌懈褌懈
drive,锌褉懈胁褨写
drive,锌褉懈胁褨写
driver,胁芯写褨泄
driving,胁芯写褨薪薪褟
driving,胁芯写褨薪薪褟
drop,锌邪写褨薪薪褟
drop,锌邪写褨薪薪褟
drought,锌芯褋褍褏邪
drown,锌芯褌芯薪褍褌懈
drug,薪邪褉泻芯褌懈泻
drum,斜邪褉邪斜邪薪
drunk,锌'褟薪懈泄
dry,褋褍褏懈泄
dry,褋褍褏懈泄
dual,锌芯写胁褨泄薪懈泄
dub,写褍斜谢褟卸
due,蟹邪 褉邪褏褍薪芯泻
dull,褌褜屑褟薪懈泄.
dumb,褌褍锌懈泄
dump,蟹胁邪谢懈褖械
duo,写褍械褌
duration,褌褉懈胁邪谢褨褋褌褜
during,锌褨写 褔邪褋
dust,锌懈谢
duty,芯斜芯胁'褟蟹芯泻
DVD,DVD
dynamic,写懈薪邪屑褨褔薪懈泄
dynamic,写懈薪邪屑褨褔薪懈泄
each,泻芯卸械薪
each,泻芯卸械薪
each,泻芯卸械薪
eager,蟹 薪械褌械褉锌褨薪薪褟屑
ear,胁褍褏芯
early,褉邪薪芯
early,褉邪薪芯
earn,蟹邪褉芯斜谢褟褌懈
earnings,蟹邪褉芯斜褨褌芯泻
earth,蟹械屑谢褟
earthquake,蟹械屑谢械褌褉褍褋
ease,谢械谐泻褨褋褌褜
ease,谢械谐泻褨褋褌褜
easily,谢械谐泻芯
east,褋褏褨写
east,褋褏褨写
east,褋褏褨写
eastern,褋褏褨写薪懈泄
easy,谢械谐泻芯
eat,褩褋褌懈
echo,胁褨写谢褍薪薪褟
echo,胁褨写谢褍薪薪褟
ecological,械泻芯谢芯谐褨褔薪懈泄
economic,械泻芯薪芯屑褨褔薪懈泄
economics,械泻芯薪芯屑褨泻邪
economist,械泻芯薪芯屑褨褋褌
economy,械泻芯薪芯屑褨泻邪
edge,泻褉邪泄
edit,褉械写邪谐褍胁邪褌懈
edition,胁懈写邪薪薪褟
editor,褉械写邪泻褌芯褉
editorial,褉械写邪泻褑褨泄薪懈泄
educate,胁懈褏芯胁褍胁邪褌懈
educated,芯褋胁褨褔械薪懈泄
education,芯褋胁褨褌邪
educational,芯褋胁褨褌薪褨泄
educator,锌械写邪谐芯谐
effect,械褎械泻褌
effective,械褎械泻褌懈胁薪懈泄
effectively,械褎械泻褌懈胁薪芯
effectiveness,械褎械泻褌懈胁薪褨褋褌褜
efficiency,械褎械泻褌懈胁薪褨褋褌褜
efficient,械褎械泻褌懈胁薪懈泄
efficiently,械褎械泻褌懈胁薪芯
effort,蟹褍褋懈谢谢褟
egg,褟泄褑械
ego,械谐芯
eight,胁褨褋褨屑
eighteen,胁褨褋褨屑薪邪写褑褟褌褜
eighty,胁褨褋褨屑写械褋褟褌.
either,邪斜芯
either,邪斜芯
either,邪斜芯
elaborate,褋泻谢邪写薪懈泄
elbow,谢褨泻芯褌褜
elderly,谢褨褌薪褨 谢褞写懈
elect,芯斜懈褉邪褌懈
election,胁懈斜芯褉懈
electoral,胁懈斜芯褉褔懈泄
electric,械谢械泻褌褉懈褔薪懈泄
electrical,械谢械泻褌褉懈褔薪懈泄
electricity,械谢械泻褌褉芯械薪械褉谐褨褟
electronic,械谢械泻褌褉芯薪薪懈泄
electronics,械谢械泻褌褉芯薪褨泻邪
elegant,械谢械谐邪薪褌薪懈泄
element,械谢械屑械薪褌
elementary,械谢械屑械薪褌邪褉薪懈泄
elephant,褋谢芯薪
elevate,锌褨写薪褟褌懈
eleven,袨写懈薪邪写褑褟褌褜.
eligible,锌褉懈写邪褌薪懈泄
eliminate,褍褋褍薪褍褌懈
elite,械谢褨褌邪
else,褨薪邪泻褕械
elsewhere,写械褨薪写械
email,械谢械泻褌褉芯薪薪邪 锌芯褕褌邪
email,械谢械泻褌褉芯薪薪邪 锌芯褕褌邪
embark,锌褉懈褋褌褍锌懈褌懈 写芯 褉芯斜芯褌懈
embarrassed,蟹斜械薪褌械卸械薪懈泄
embarrassing,褋芯褉芯屑薪芯
embarrassment,蟹斜械薪褌械卸械薪薪褟
embassy,锌芯褋芯谢褜褋褌胁芯
embed,胁褋褌邪胁懈褌懈
embody,褍芯褋芯斜谢褞胁邪褌懈
embrace,芯斜褨泄屑懈
emerge,蟹'褟胁谢褟褞褌褜褋褟
emergence,锌芯褟胁邪
emergency,薪邪写蟹胁懈褔邪泄薪邪 褋懈褌褍邪褑褨褟
emission,胁懈泻懈写
emotion,械屑芯褑褨褟
emotional,械屑芯褑褨泄薪懈泄
emotionally,械屑芯褑褨泄薪芯
emphasis,邪泻褑械薪褌
emphasize,锌褨写泻褉械褋谢懈褌懈
empire,褨屑锌械褉褨褟
empirical,械屑锌褨褉懈褔薪懈泄
employ,锌褉邪褑械胁谢邪褕褌芯胁褍胁邪褌懈
employee,锌褉邪褑褨胁薪懈泻
employer,褉芯斜芯褌芯写邪胁械褑褜
employment,锌褉邪褑械胁谢邪褕褌褍胁邪薪薪褟
empower,褉芯蟹褕懈褉褞胁邪褌懈 屑芯卸谢懈胁芯褋褌褨
empty,锌芯褉芯卸薪褜芯
empty,锌芯褉芯卸薪褜芯
enable,胁胁褨屑泻薪褍褌懈
enact,褍褏胁邪谢懈褌懈
encompass,芯褏芯锌谢褞褞褌褜
encounter,蟹褍褋褌褉褨褔
encounter,蟹褍褋褌褉褨褔
encourage,蟹邪芯褏芯褔褍胁邪褌懈
encouragement,蟹邪芯褏芯褔械薪薪褟
encouraging,锌褨写斜邪写褜芯褉褞褞褔懈泄
end,泻褨薪械褑褜
end,泻褨薪械褑褜
endeavour,薪邪屑邪谐邪薪薪褟
ending,泻褨薪械褑褜
endless,薪械褋泻褨薪褔械薪薪懈泄
endorse,褋褏胁邪谢褞褞
endorsement,褋褏胁邪谢械薪薪褟
endure,褌械褉锌褨褌懈
enemy,胁芯褉芯谐
energy,械薪械褉谐褨褟
enforce,锌褉懈屑褍褕褍胁邪褌懈
enforcement,锌褉邪胁芯蟹邪褋褌芯褋褍胁邪薪薪褟
engage,胁褋褌褍锌邪褌懈 胁 斜褨泄
engaged,蟹邪褉褍褔械薪懈泄
engagement,蟹邪谢褍褔械薪薪褟
engaging,蟹邪褏芯锌谢褞褞褔械
engine,写胁懈谐褍薪
engineer,褨薪卸械薪械褉
engineering,褨薪卸懈薪褨褉懈薪谐
enhance,锌褨写胁懈褖懈褌懈
enjoy,薪邪褋芯谢芯写卸褍胁邪褌懈褋褟
enjoyable,锌褉懈褦屑薪懈泄
enormous,胁械谢懈褔械蟹薪邪
enough,袛芯褋懈褌褜.
enough,袛芯褋懈褌褜.
enough,袛芯褋懈褌褜.
enquire,蟹邪锌懈褌邪褌懈
enquiry,蟹邪锌懈褌
enrich,蟹斜邪谐邪褔褍胁邪褌懈
enrol,蟹邪锌懈褋邪褌懈褋褟
ensue,胁懈锌谢懈胁邪褞褌褜
ensure,蟹邪斜械蟹锌械褔懈褌懈
enter,胁胁械写褨褌褜
enterprise,锌褨写锌褉懈褦屑褋褌胁芯
entertain,褉芯蟹胁邪卸邪褌懈
entertaining,褉芯蟹胁邪卸邪谢褜薪懈泄
entertainment,褉芯蟹胁邪谐邪
enthusiasm,械薪褌褍蟹褨邪蟹屑
enthusiast,械薪褌褍蟹褨邪褋褌
enthusiastic,蟹邪褏芯锌谢械薪懈泄
entire,褑褨谢懈泄
entirely,锌芯胁薪褨褋褌褞
entitle,写邪褞褌褜 锌褉邪胁芯
entity,芯褉谐邪薪褨蟹邪褑褨褟
entrance,胁褏褨写
entrepreneur,锌褨写锌褉懈褦屑械褑褜
entry,胁'褩蟹写
envelope,泻芯薪胁械褉褌
environment,薪邪胁泻芯谢懈褕薪褦 褋械褉械写芯胁懈褖械
environmental,械泻芯谢芯谐褨褔薪懈泄
epidemic,械锌褨写械屑褨褟
episode,械锌褨蟹芯写
equal,写芯褉褨胁薪褞褦
equal,写芯褉褨胁薪褞褦
equal,写芯褉褨胁薪褞褦
equality,褉褨胁薪褨褋褌褜
equally,芯写薪邪泻芯胁芯
equation,褉褨胁薪褟薪薪褟
equip,芯斜谢邪写薪邪褌懈
equipment,芯斜谢邪写薪邪薪薪褟
equivalent,械泻胁褨胁邪谢械薪褌
equivalent,械泻胁褨胁邪谢械薪褌
era,械锌芯褏邪
erect,胁懈锌褉褟屑懈褌懈褋褟
error,锌芯屑懈谢泻邪
erupt,胁懈胁械褉谐邪褌懈褋褟
escalate,械褋泻邪谢邪褑褨褟
escape,胁褌械褔邪
escape,胁褌械褔邪
especially,芯褋芯斜谢懈胁芯
essay,械褋械
essence,褋褍褌褜
essential,胁邪卸谢懈胁懈泄
essentially,锌芯 褋褍褌褨
establish,胁褋褌邪薪芯胁懈褌懈
establishment,褍褋褌邪薪芯胁邪
estate,屑邪褦褌芯泻
estimate,芯褑褨薪泻邪
estimate,芯褑褨薪泻邪
eternal,胁褨褔薪懈泄
ethic,械褌懈泻邪
ethical,械褌懈褔薪懈泄
ethnic,械褌薪褨褔薪懈泄
euro,褦胁褉芯
evacuate,械胁邪泻褍褞胁邪褌懈褋褟
evaluate,芯褑褨薪褞胁邪褌懈
evaluation,芯褑褨薪泻邪
even,薪邪胁褨褌褜
even,薪邪胁褨褌褜
evening,胁械褔褨褉
event,锌芯写褨褟
eventually,袙褉械褕褌褨-褉械褕褌
ever,泻芯谢懈-薪械斜褍写褜
every,泻芯卸械薪
everybody,胁褋褨
everyday,锌芯胁褋褟泻写械薪薪懈泄
everyone,胁褋褨
everything,胁褋械
everywhere,褋泻褉褨蟹褜
evidence,写芯泻邪蟹懈
evident,芯褔械胁懈写薪邪
evil,蟹谢懈泄
evil,蟹谢懈泄
evoke,胁懈泻谢懈泻邪褌懈
evolution,械胁芯谢褞褑褨褟
evolutionary,械胁芯谢褞褑褨泄薪懈泄
evolve,械胁芯谢褞褑褨芯薪褍胁邪褌懈
exact,褌芯褔薪懈泄
exactly,小邪屑械 褌邪泻.
exaggerate,锌械褉械斜褨谢褜褕褍胁邪褌懈
exam,褨褋锌懈褌
examination,芯斜褋褌械卸械薪薪褟
examine,胁懈胁褔邪褌懈
example,锌褉懈泻谢邪写
exceed,锌械褉械胁懈褖褍胁邪褌懈
excellence,写芯褋泻芯薪邪谢褨褋褌褜
excellent,褔褍写芯胁芯
except,蟹邪 胁懈薪褟褌泻芯屑
except,蟹邪 胁懈薪褟褌泻芯屑
exception,胁懈薪褟褌芯泻
exceptional,胁懈薪褟褌泻芯胁懈泄
excess,薪邪写谢懈褕芯泻
excess,薪邪写谢懈褕芯泻
excessive,薪邪写屑褨褉薪懈泄
exchange,芯斜屑褨薪
exchange,芯斜屑褨薪
excited,褋褏胁懈谢褜芯胁邪薪懈泄.
excitement,褏胁懈谢褞胁邪薪薪褟
exciting,蟹邪褏芯锌谢褞褞褔械
exclude,胁懈泻谢褞褔懈褌懈
exclusion,胁懈泻谢褞褔械薪薪褟
exclusive,械泻褋泻谢褞蟹懈胁薪懈泄
exclusively,胁懈泻谢褞褔薪芯
excuse,锌褉懈胁褨写
excuse,锌褉懈胁褨写
execute,胁懈泻芯薪邪褌懈
execution,胁懈泻芯薪邪薪薪褟
executive,胁懈泻芯薪邪胁褔懈泄
executive,胁懈泻芯薪邪胁褔懈泄
exercise,胁锌褉邪胁邪
exercise,胁锌褉邪胁邪
exert,写芯泻谢邪写邪褌懈 蟹褍褋懈谢褜
exhibit,胁懈褋褌邪胁泻邪
exhibit,胁懈褋褌邪胁泻邪
exhibition,胁懈褋褌邪胁泻邪
exile,胁懈谐薪邪薪薪褟
exist,褨褋薪褍褞褌褜
existence,褨褋薪褍胁邪薪薪褟
exit,胁懈褏褨写
exit,胁懈褏褨写
exotic,械泻蟹芯褌懈褔薪懈泄
expand,褉芯蟹褕懈褉懈褌懈
expansion,褉芯蟹褕懈褉械薪薪褟
expect,芯褔褨泻褍胁邪褌懈
expectation,芯褔褨泻褍胁邪薪薪褟
expected,芯褔褨泻褍胁邪薪懈泄
expedition,械泻褋锌械写懈褑褨褟
expenditure,胁懈褌褉邪褌懈
expense,胁懈褌褉邪褌懈
expensive,写芯褉芯谐懈泄
experience,写芯褋胁褨写
experience,写芯褋胁褨写
experienced,写芯褋胁褨写褔械薪懈泄
experiment,械泻褋锌械褉懈屑械薪褌
experiment,械泻褋锌械褉懈屑械薪褌
experimental,械泻褋锌械褉懈屑械薪褌邪谢褜薪懈泄
expert,械泻褋锌械褉褌
expert,械泻褋锌械褉褌
expertise,写芯褋胁褨写
expire,蟹邪泻褨薪褔褍褦褌褜褋褟
explain,锌芯褟褋薪懈褌懈
explanation,锌芯褟褋薪械薪薪褟
explicit,褟胁薪懈泄
explicitly,褟胁薪芯
explode,胁懈斜褍褏薪褍褌懈
exploit,械泻褋锌械褉懈屑械薪褌
exploitation,械泻褋锌谢褍邪褌邪褑褨褟
exploration,褉芯蟹胁褨写泻邪
explore,写芯褋谢褨写懈褌懈
explosion,胁懈斜褍褏
explosive,胁懈斜褍褏芯薪械斜械蟹锌械褔薪懈泄
explosive,胁懈斜褍褏芯薪械斜械蟹锌械褔薪懈泄
export,械泻褋锌芯褉褌
export,械泻褋锌芯褉褌
expose,胁懈泻褉懈胁邪褌懈
exposure,械泻褋锌芯蟹懈褑褨褟
express,械泻褋锌褉械褋
expression,胁懈褉邪蟹
extend,褉芯蟹褕懈褉懈褌懈
extension,褉芯蟹褕懈褉械薪薪褟
extensive,胁械谢懈泻懈泄
extensively,褕懈褉芯泻芯
extent,褋褌褍锌褨薪褜
external,蟹芯胁薪褨褕薪褨泄
extra,写芯写邪褌泻芯胁芯
extra,写芯写邪褌泻芯胁芯
extra,写芯写邪褌泻芯胁芯
extract,胁懈褌褟谐
extract,胁懈褌褟谐
extraordinary,薪邪写蟹胁懈褔邪泄薪懈泄
extreme,械泻褋褌褉械屑邪谢褜薪懈泄
extreme,械泻褋褌褉械屑邪谢褜薪懈泄
extremely,薪邪写蟹胁懈褔邪泄薪芯
extremist,械泻褋褌褉械屑褨褋褌褋褜泻懈泄
eye,芯泻芯
fabric,褌泻邪薪懈薪邪
fabulous,泻邪蟹泻芯胁芯.
face,芯斜谢懈褔褔褟
face,芯斜谢懈褔褔褟
facilitate,褋锌褉懈褟褌懈
facility,芯斜'褦泻褌
fact,褎邪泻褌
faction,褎褉邪泻褑褨褟
factor,褎邪泻褌芯褉
factory,蟹邪胁芯写
faculty,褎邪泻褍谢褜褌械褌
fade,蟹薪懈泻邪褌懈
fail,锌褉芯胁邪谢懈褌懈褋褟
failed,薪械 胁写邪谢芯褋褟
failure,薪械胁写邪褔邪
fair,褋锌褉邪胁械写谢懈胁懈泄
fairly,写芯褋懈褌褜
fairness,褋锌褉邪胁械写谢懈胁褨褋褌褜
faith,胁褨褉邪
fake,褎邪谢褜褕懈胁懈泄
fall,芯褋褨薪褜
fall,芯褋褨薪褜
false,褎邪谢褜褕懈胁懈泄
fame,褋谢邪胁邪
familiar,蟹薪邪泄芯屑懈泄
family,褋褨屑'褟
family,褋褨屑'褟
famous,胁褨写芯屑懈泄
fan,胁械薪褌懈谢褟褌芯褉
fancy,胁懈谐邪写谢懈胁懈泄
fancy,胁懈谐邪写谢懈胁懈泄
fantastic,褎邪薪褌邪褋褌懈褔薪芯
fantasy,褎邪薪褌邪蟹褨褟
far,写邪谢械泻芯
far,写邪谢械泻芯
fare,锌褉芯褩蟹写
farm,褎械褉屑邪
farm,褎械褉屑邪
farmer,褎械褉屑械褉
farming,褋褨谢褜褋褜泻械 谐芯褋锌芯写邪褉褋褌胁芯
fascinating,蟹邪褏芯锌谢褞褞褔械
fashion,屑芯写邪
fashionable,屑芯写薪懈泄
fast,褕胁懈写泻芯
fast,褕胁懈写泻芯
fasten,蟹邪褋褌褨斜邪褌懈褋褟
fat,卸懈褉
fat,卸懈褉
fatal,褋屑械褉褌械谢褜薪懈泄
fate,写芯谢褟
father,斜邪褌褜泻芯
fault,锌芯屑懈谢泻邪
favour,锌芯褋谢褍谐邪
favour,锌芯褋谢褍谐邪
favourable,褋锌褉懈褟褌谢懈胁懈泄
favourite,褍谢褞斜谢械薪懈泄
favourite,褍谢褞斜谢械薪懈泄
fear,褋褌褉邪褏
fear,褋褌褉邪褏
feat,锌芯写胁懈谐
feather,锌械褉芯
feature,芯褋芯斜谢懈胁褨褋褌褜
feature,芯褋芯斜谢懈胁褨褋褌褜
February,袥褞褌懈泄
federal,褎械写械褉邪谢褜薪懈泄
fee,锌谢邪褌邪
feed,锌芯写邪褔邪
feed,锌芯写邪褔邪
feedback,蟹胁芯褉芯褌薪褨泄 蟹胁'褟蟹芯泻
feeding,谐芯写褍胁邪薪薪褟
feel,胁褨写褔褍胁邪褌懈
feel,胁褨写褔褍胁邪褌懈
feeling,胁褨写褔褍褌褌褟
fellow,褏谢芯锌褔械.
female,卸褨薪泻邪
female,卸褨薪泻邪
feminist,褎械屑褨薪褨褋褌泻邪
feminist,褎械屑褨薪褨褋褌泻邪
fence,锌邪褉泻邪薪
festival,褎械褋褌懈胁邪谢褜
fever,谢懈褏芯屑邪薪泻邪
few,泻褨谢褜泻邪
few,泻褨谢褜泻邪
few,泻褨谢褜泻邪
fibre,胁芯谢芯泻薪芯
fiction,胁懈谐邪写泻邪
field,锌芯谢械
fierce,蟹邪锌械泻谢懈泄
fifteen,锌'褟褌薪邪写褑褟褌褜.
fifth,锌'褟褌懈泄
fifty,锌'褟褌写械褋褟褌.
fight,斜懈褌懈褋褟
fight,斜懈褌懈褋褟
fighting,斜芯褉芯褌褜斜邪
figure,褑懈褎褉邪
figure,褑懈褎褉邪
file,褎邪泄谢
file,褎邪泄谢
fill,薪邪锌芯胁薪械薪薪褟
film,褎褨谢褜屑
film,褎褨谢褜屑
film-maker,褉械卸懈褋械褉
filter,褎褨谢褜褌褉
filter,褎褨谢褜褌褉
final,芯褋褌邪褌芯褔薪懈泄
final,芯褋褌邪褌芯褔薪懈泄
finally,薪邪褉械褕褌褨
finance,褎褨薪邪薪褋懈
finance,褎褨薪邪薪褋懈
financial,褎褨薪邪薪褋芯胁懈泄
find,蟹薪邪褏褨写泻邪
finding,蟹薪邪褏褨写泻邪
fine,写芯斜褉械
fine,写芯斜褉械
fine,写芯斜褉械
finger,锌邪谢械褑褜
finish,褎褨薪褨褕
finish,褎褨薪褨褕
fire,胁芯谐芯薪褜
fire,胁芯谐芯薪褜
firearm,胁芯谐薪械锌邪谢褜薪邪 蟹斜褉芯褟
firefighter,锌芯卸械卸薪懈泻
firework,褎械褦褉胁械褉泻
firm,褌胁械褉写懈泄
firm,褌胁械褉写懈泄
firmly,褉褨褕褍褔械
first,褋锌械褉褕褍
first,褋锌械褉褕褍
first,褋锌械褉褕褍
first,褋锌械褉褕褍
firstly,锌芯-锌械褉褕械.
fish,褉懈斜邪
fish,褉懈斜邪
fishing,褉懈斜芯谢芯胁谢褟
fit,锌褉懈写邪褌薪懈泄
fit,锌褉懈写邪褌薪懈泄
fit,锌褉懈写邪褌薪懈泄
fitness,褎褨褌薪械褋
five,锌'褟褌褜.
fix,胁懈锌褉邪胁懈褌懈
fix,胁懈锌褉邪胁懈褌懈
fixed,褎褨泻褋芯胁邪薪懈泄
fixture,锌褉懈褋褌芯褋褍胁邪薪薪褟
flag,锌褉邪锌芯褉
flame,锌芯谢褍屑'褟
flash,褋锌邪谢邪褏
flash,褋锌邪谢邪褏
flat,锌谢芯褋泻懈泄
flat,锌谢芯褋泻懈泄
flavour,褋屑邪泻
flaw,薪械写芯谢褨泻
flawed,薪械斜械蟹写芯谐邪薪薪懈泄.
flee,褌褨泻邪泄.
fleet,褎谢芯褌
flesh,锌谢芯褌褜
flexibility,谐薪褍褔泻褨褋褌褜
flexible,谐薪褍褔泻懈泄
flight,锌芯谢褨褌
float,锌芯锌谢邪胁芯泻
flood,锌芯胁褨薪褜
flood,锌芯胁褨薪褜
floor,锌褨写谢芯谐邪
flour,斜芯褉芯褕薪芯
flourish,锌褉芯褑胁褨褌邪褌懈
flow,锌芯褌褨泻
flow,锌芯褌褨泻
flower,泻胁褨褌泻邪
flu,谐褉懈锌
fluid,褉褨写懈薪邪
fly,屑褍褏邪
fly,屑褍褏邪
flying,锌芯谢褜芯褌褍
flying,锌芯谢褜芯褌褍
focus,褎芯泻褍褋
focus,褎芯泻褍褋
fold,褋泻谢邪写泻邪
fold,褋泻谢邪写泻邪
folding,褋泻谢邪写邪薪懈泄
folk,薪邪褉芯写薪懈泄
folk,薪邪褉芯写薪懈泄
follow,褋谢褨写褍胁邪褌懈
following,薪邪褋褌褍锌薪懈泄
following,薪邪褋褌褍锌薪懈泄
following,薪邪褋褌褍锌薪懈泄
fond,谢褞斜懈褌懈
food,褩卸邪
fool,写褍褉械薪褜
foot,薪芯谐邪
footage,蟹泄芯屑泻懈
football,褎褍褌斜芯谢
for,蟹邪
forbid,蟹邪斜芯褉芯薪懈褌懈
force,褋懈谢邪
force,褋懈谢邪
forecast,锌褉芯谐薪芯蟹
forecast,锌褉芯谐薪芯蟹
foreign,褨薪芯蟹械屑薪懈泄
foreigner,褨薪芯蟹械屑械褑褜
forest,谢褨褋
forever,薪邪蟹邪胁卸写懈
forge,泻褍蟹薪褟
forget,蟹邪斜褍褌懈
forgive,锌褉芯斜邪褔懈褌懈
fork,胁懈谢泻邪
form,褎芯褉屑邪
form,褎芯褉屑邪
formal,褎芯褉屑邪谢褜薪懈泄
format,褎芯褉屑邪褌
formation,褎芯褉屑褍胁邪薪薪褟
former,泻芯谢懈褕薪褨泄
formerly,褉邪薪褨褕械
formula,褎芯褉屑褍谢邪
formulate,褋褎芯褉屑褍谢褞胁邪褌懈
forth,胁锌械褉械写
forthcoming,屑邪泄斜褍褌薪褨泄
fortunate,褖邪褋谢懈胁懈泄
fortunately,袧邪 褖邪褋褌褟.
fortune,写芯谢褟
forty,褋芯褉芯泻
forum,褎芯褉褍屑
forward,胁锌械褉械写
forward,胁锌械褉械写
fossil,胁懈泻芯锌薪懈泄
foster,胁懈褏芯胁褍胁邪褌懈
found,蟹薪邪泄写械薪芯
foundation,褎褍薪写邪屑械薪褌
founder,蟹邪褋薪芯胁薪懈泻
four,褔芯褌懈褉懈
fourteen,褔芯褌懈褉薪邪写褑褟褌褜
fourth,褔械褌胁械褉褌懈泄
fraction,褔邪褋褌泻邪
fragile,泻褉懈褏泻懈泄
fragment,褎褉邪谐屑械薪褌
frame,褉邪屑泻邪
frame,褉邪屑泻邪
framework,褉邪屑泻懈
franchise,褎褉邪薪褕懈蟹邪
frankly,效械褋薪芯 泻邪卸褍褔懈.
fraud,褕邪褏褉邪泄褋褌胁芯
free,胁褨谢褜薪懈泄
free,胁褨谢褜薪懈泄
free,胁褨谢褜薪懈泄
freedom,褋胁芯斜芯写邪
freely,胁褨谢褜薪芯
freeze,小褌芯褟褌懈!
frequency,褔邪褋褌芯褌邪
frequent,褔邪褋褌懈泄
frequently,褔邪褋褌芯
fresh,褋胁褨卸懈泄
Friday,袩'褟褌薪懈褑褟
fridge,褏芯谢芯写懈谢褜薪懈泻
friend,写褉褍谐
friendly,锌褉懈胁褨褌薪懈泄
friendship,写褉褍卸斜邪
frighten,薪邪谢褟泻邪褌懈
frightened,薪邪谢褟泻邪薪懈泄.
frightening,谢褟泻邪褞褔械.
frog,卸邪斜邪
from,胁褨写
front,锌械褉械写薪褨泄
front,锌械褉械写薪褨泄
frozen,蟹邪屑芯褉芯卸械薪懈泄
fruit,锌谢褨写
frustrated,褉芯蟹褔邪褉芯胁邪薪懈泄
frustrating,褉芯蟹褔邪褉芯胁褍褦.
frustration,褉芯蟹褔邪褉褍胁邪薪薪褟
fry,褋屑邪卸懈褌懈褋褟.
fuel,锌邪谢懈胁芯
fuel,锌邪谢懈胁芯
fulfil,胁懈泻芯薪邪褌懈
full,锌芯胁薪懈泄
full-time,锌芯胁薪懈泄 褉芯斜芯褔懈泄 写械薪褜
full-time,锌芯胁薪懈泄 褉芯斜芯褔懈泄 写械薪褜
fully,锌芯胁薪褨褋褌褞
fun,胁械褋械谢懈泄
fun,胁械褋械谢懈泄
function,褎褍薪泻褑褨褟
function,褎褍薪泻褑褨褟
functional,褎褍薪泻褑褨芯薪邪谢褜薪懈泄
fund,褎芯薪写
fund,褎芯薪写
fundamental,褎褍薪写邪屑械薪褌邪谢褜薪懈泄
fundamentally,锌芯 褋褍褌褨
funding,褎褨薪邪薪褋褍胁邪薪薪褟
fundraising,褎邪薪写褉械泄蟹懈薪谐
funeral,锌芯褏芯褉芯薪
funny,泻褍屑械写薪芯.
fur,褏褍褌褉芯
furious,褉芯蟹谢褞褔械薪懈泄
furniture,屑械斜谢褨
further,写邪谢褨
further,写邪谢褨
furthermore,袣褉褨屑 褌芯谐芯
future,屑邪泄斜褍褌薪褦
future,屑邪泄斜褍褌薪褦
gain,胁懈谐褉邪褕
gain,胁懈谐褉邪褕
gallery,谐邪谢械褉械褟
gallon,谐邪谢芯薪
gambling,邪蟹邪褉褌薪褨 褨谐褉懈
game,谐褉邪
gaming,褨谐褉芯胁懈泄
gang,斜邪薪写邪
gap,褉芯蟹褉懈胁
garage,谐邪褉邪卸
garden,褋邪写
gas,谐邪蟹
gate,胁芯褉芯褌邪
gather,蟹褨斜褉邪褌懈褋褟
gathering,蟹斜芯褉懈
gay,谐械泄
gaze,锌芯谐谢褟写
gaze,锌芯谐谢褟写
gear,褋锌芯褉褟写卸械薪薪褟
gender,褋褌邪褌褜
gene,谐械薪
general,谐械薪械褉邪谢
generally,褟泻 锌褉邪胁懈谢芯
generate,谐械薪械褉褍胁邪褌懈
generation,锌芯泻芯谢褨薪薪褟
generic,蟹邪谐邪谢褜薪懈泄
generous,褖械写褉懈泄
genetic,谐械薪械褌懈褔薪懈泄
genius,谐械薪褨邪谢褜薪懈泄.
genocide,谐械薪芯褑懈写
genre,卸邪薪褉
gentle,薪褨卸薪懈泄
gentleman,写卸械薪褌谢褜屑械薪.
genuine,褋锌褉邪胁卸薪褨泄
genuinely,褖懈褉芯
geography,谐械芯谐褉邪褎褨褟
gesture,袞械褋褌
get,芯褌褉懈屑邪褌懈
ghost,锌褉懈胁懈写
giant,谐褨谐邪薪褌褋褜泻懈泄
giant,谐褨谐邪薪褌褋褜泻懈泄
gift,锌芯写邪褉褍薪芯泻
gig,泻芯薪褑械褉褌
girl,写褨胁褔懈薪泻邪
girlfriend,写褨胁褔懈薪邪
give,写邪褌懈
glad,褉邪写懈泄
glance,锌芯谐谢褟写
glance,锌芯谐谢褟写
glass,褋泻谢芯
glimpse,锌褉芯斜谢懈褋泻
global,谐谢芯斜邪谢褜薪懈泄
globalization,谐谢芯斜邪谢褨蟹邪褑褨褟
globe,谐谢芯斜褍褋
glorious,褋谢邪胁薪懈泄
glory,褋谢邪胁邪
glove,褉褍泻邪胁懈褔泻邪
go,袉写懈.
go,袉写懈.
goal,屑械褌邪
god,袘芯卸械.
gold,蟹芯谢芯褌芯
gold,蟹芯谢芯褌芯
golden,蟹芯谢芯褌懈泄
golf,谐芯谢褜褎
good,写芯斜褉械
good,写芯斜褉械
goodbye,袛芯 锌芯斜邪褔械薪薪褟.
goodbye,袛芯 锌芯斜邪褔械薪薪褟.
goodness,写芯斜褉芯褌邪
goods,褌芯胁邪褉懈
gorgeous,褉芯蟹泻褨褕薪懈泄.
govern,泻械褉褍胁邪褌懈
governance,褍锌褉邪胁谢褨薪薪褟
government,褍褉褟写
governor,谐褍斜械褉薪邪褌芯褉
grab,褏邪锌邪泄
grace,斜谢邪谐芯写邪褌褜
grade,泻谢邪褋
grade,泻谢邪褋
gradually,锌芯褋褌褍锌芯胁芯
graduate,胁懈锌褍褋泻薪懈泻
graduate,胁懈锌褍褋泻薪懈泻
grain,蟹械褉薪芯
grand,谐褉邪薪写褨芯蟹薪懈泄
grandfather,写褨写褍褋褜.
grandmother,斜邪斜褍褋褟.
grandparent,写褨写褍褋褜 褨 斜邪斜褍褋褟
grant,谐褉邪薪褌
grant,谐褉邪薪褌
graphic,谐褉邪褎褨褔薪懈泄
graphics,谐褉邪褎褨泻邪
grasp,褉芯蟹褍屑褨薪薪褟
grasp,褉芯蟹褍屑褨薪薪褟
grass,褌褉邪胁邪
grateful,胁写褟褔薪懈泄
grave,屑芯谐懈谢邪
grave,屑芯谐懈谢邪
gravity,谐褉邪胁褨褌邪褑褨褟
great,效褍写芯胁芯.
greatly,写褍卸械 褋懈谢褜薪芯
green,蟹械谢械薪懈泄
green,蟹械谢械薪懈泄
greenhouse,褌械锌谢懈褑褟
greet,锌褉懈胁褨褌
grey,褋褨褉懈泄
grey,褋褨褉懈泄
grid,褋褨褌泻邪
grief,谐芯褉械
grin,褍褋屑褨褕泻邪
grin,褍褋屑褨褕泻邪
grind,褕谢褨褎褍胁邪褌懈
grip,蟹褔械锌谢械薪薪褟
grip,蟹褔械锌谢械薪薪褟
grocery,锌褉芯写褍泻褌懈
gross,谐褉褍斜芯.
ground,蟹械屑谢褟
group,谐褉褍锌邪
grow,褉芯褋褌懈
growth,蟹褉芯褋褌邪薪薪褟
guarantee,谐邪褉邪薪褌褨褟
guarantee,谐邪褉邪薪褌褨褟
guard,袨褏芯褉芯薪械褑褜
guard,袨褏芯褉芯薪械褑褜
guerrilla,锌邪褉褌懈蟹邪薪褋褜泻懈泄
guess,谐邪写邪褞.
guess,谐邪写邪褞.
guest,谐褨褋褌褜
guidance,泻械褉褨胁薪懈褑褌胁芯
guide,锌褍褌褨胁薪懈泻
guide,锌褍褌褨胁薪懈泻
guideline,薪邪褋褌邪薪芯胁邪
guilt,锌褉芯胁懈薪邪
guilty,胁懈薪械薪.
guitar,谐褨褌邪褉邪
gun,锌褨褋褌芯谢械褌
gut,薪褍褌褉芯
guy,褏谢芯锌械褑褜
gym,褌褉械薪邪卸械褉薪懈泄 蟹邪谢
habit,蟹胁懈褔泻邪
habitat,褋械褉械写芯胁懈褖械 褨褋薪褍胁邪薪薪褟
hail,谐褉邪写
hair,胁芯谢芯褋褋褟
half,锌芯谢芯胁懈薪邪
half,锌芯谢芯胁懈薪邪
half,锌芯谢芯胁懈薪邪
half,锌芯谢芯胁懈薪邪
halfway,薪邪 锌褨胁写芯褉芯蟹褨.
hall,蟹邪谢
halt,蟹褍锌懈薪懈褌懈褋褟
halt,蟹褍锌懈薪懈褌懈褋褟
hand,褉褍泻邪
hand,褉褍泻邪
handful,卸屑械薪褞
handle,褉褍褔泻邪
handle,褉褍褔泻邪
handling,芯斜褉芯斜泻邪
handy,蟹褉褍褔薪邪.
hang,胁懈褋褨褌懈
happen,褌褉邪锌谢褟褞褌褜褋褟
happily,褖邪褋谢懈胁芯
happiness,褖邪褋褌褟
happy,褖邪褋谢懈胁懈泄
harassment,锌械褉械褋谢褨写褍胁邪薪薪褟
harbour,谐邪胁邪薪褜
hard,胁邪卸泻芯
hard,胁邪卸泻芯
hardly,袧邪胁褉褟写 褔懈.
hardware,芯斜谢邪写薪邪薪薪褟
harm,褕泻芯写邪
harm,褕泻芯写邪
harmful,褕泻褨写谢懈胁懈泄
harmony,谐邪褉屑芯薪褨褟
harsh,褋褍胁芯褉懈泄.
harvest,胁褉芯卸邪泄
harvest,胁褉芯卸邪泄
hat,泻邪锌械谢褞褏
hate,薪械薪邪胁懈褋褌褜
hate,薪械薪邪胁懈褋褌褜
hatred,薪械薪邪胁懈褋褌褜
haunt,锌褉懈胁懈写
have,屑邪褞褌褜
have,屑邪褞褌褜
have to,写芯胁械写械褌褜褋褟
hazard,薪械斜械蟹锌械泻邪
he,胁褨薪
head,谐芯谢芯胁邪
head,谐芯谢芯胁邪
headache,谐芯谢芯胁薪懈泄 斜褨谢褜
headline,蟹邪谐芯谢芯胁芯泻
headquarters,褕褌邪斜-泻胁邪褉褌懈褉邪
heal,胁懈谢褨泻褍胁邪褌懈
health,蟹写芯褉芯胁'褟
healthcare,芯褏芯褉芯薪邪 蟹写芯褉芯胁'褟
healthy,蟹写芯褉芯胁懈泄
hear,褔褍褌懈
hearing,褋谢褍褏邪薪薪褟
heart,褋械褉褑械
heat,褌械锌谢芯
heat,褌械锌谢芯
heating,芯锌邪谢械薪薪褟
heaven,袧械斜械褋邪
heavily,褋懈谢褜薪芯
heavy,胁邪卸泻懈泄
heel,锌'褟褌邪
height,胁懈褋芯褌邪
heighten,锌褨写胁懈褖褍胁邪褌懈
helicopter,谐械谢褨泻芯锌褌械褉
hell,袩械泻谢芯.
hello,袩褉懈胁褨褌.
hello,袩褉懈胁褨褌.
helmet,褕芯谢芯屑
help,写芯锌芯屑芯谐邪
help,写芯锌芯屑芯谐邪
helpful,泻芯褉懈褋薪懈泄
hence,芯褌卸械.
her,褩褩
her,褩褩
herb,褌褉邪胁邪
here,褌褍褌.
heritage,褋锌邪写褖懈薪邪
hero,谐械褉芯泄
hers,褩褩
herself,褋邪屑邪
hesitate,胁邪谐邪褌懈褋褟
hey,袩褉懈胁褨褌.
hi,袩褉懈胁褨褌.
hidden,锌褉懈褏芯胁邪薪懈泄
hide,褏芯胁邪褌懈褋褟
hierarchy,褨褦褉邪褉褏褨褟
high,胁懈褋芯泻懈泄
high,胁懈褋芯泻懈泄
high,胁懈褋芯泻懈泄
high-profile,褉械蟹芯薪邪薪褋薪懈泄
highlight,胁懈写褨谢褟褌懈褋褟
highlight,胁懈写褨谢褟褌懈褋褟
highly,写褍卸械
highway,褕芯褋械
hilarious,泻褍屑械写薪芯.
hill,锌邪谐芯褉斜
him,泄芯谐芯.
himself,褋邪屑
hint,锌褨写泻邪蟹泻邪
hint,锌褨写泻邪蟹泻邪
hip,褋褌械谐薪芯.
hire,薪邪泄屑邪薪薪褟
hire,薪邪泄屑邪薪薪褟
his,泄芯谐芯
his,泄芯谐芯
historian,褨褋褌芯褉懈泻
historic,褨褋褌芯褉懈褔薪懈泄
historical,褨褋褌芯褉懈褔薪懈泄
history,褨褋褌芯褉褨褟
hit,胁谢褍褔懈褌懈 胁 褑褨谢褜
hit,胁谢褍褔懈褌懈 胁 褑褨谢褜
hobby,褏芯斜褨
hockey,褏芯泻械泄
hold,褌褉懈屑邪褌懈
hold,褌褉懈屑邪褌懈
hole,写褨褉邪
holiday,褋胁褟褌芯
hollow,锌芯褉芯卸薪褨泄
holy,小胁褟褌懈泄.
home,写芯写芯屑褍
home,写芯写芯屑褍
home,写芯写芯屑褍
homeland,斜邪褌褜泻褨胁褖懈薪邪
homeless,斜械蟹写芯屑薪懈泄
homework,写芯屑邪褕薪褦 蟹邪胁写邪薪薪褟
honest,褔械褋薪懈泄
honesty,褔械褋薪褨褋褌褜
honour,褔械褋褌褜
honour,褔械褋褌褜
hook,谐邪褔芯泻
hook,谐邪褔芯泻
hope,薪邪写褨褟
hope,薪邪写褨褟
hopeful,蟹 薪邪写褨褦褞
hopefully,褋锌芯写褨胁邪褞褋褟.
horizon,谐芯褉懈蟹芯薪褌
horn,褉褨谐
horrible,卸邪褏谢懈胁芯.
horror,卸邪褏
horse,泻褨薪褜
hospital,谢褨泻邪褉薪褟
host,褏芯褋褌
host,褏芯褋褌
hostage,蟹邪褉褍褔薪懈泻
hostile,胁芯褉芯卸懈泄
hostility,胁芯褉芯卸褨褋褌褜
hot,谐邪褉褟褔懈泄
hotel,谐芯褌械谢褜
hour,谐芯写懈薪邪
house,斜褍写懈薪芯泻
house,斜褍写懈薪芯泻
household,写芯屑芯谐芯褋锌芯写邪褉褋褌胁芯
housing,卸懈褌谢芯
how,褟泻
however,芯写薪邪泻
huge,胁械谢懈褔械蟹薪邪
human,谢褞写褋褜泻懈泄
human,谢褞写褋褜泻懈泄
humanitarian,谐褍屑邪薪褨褌邪褉薪懈泄
humanity,谢褞写褟薪褨褋褌褜
humble,褋泻褉芯屑薪懈泄
humorous,谐褍屑芯褉懈褋褌懈褔薪懈泄
humour,谐褍屑芯褉
hundred,褋芯褌薪褟
hunger,谐芯谢芯写
hungry,谐芯谢芯写薪懈泄
hunt,锌芯谢褞胁邪薪薪褟
hunt,锌芯谢褞胁邪薪薪褟
hunting,锌芯谢褞胁邪薪薪褟
hurricane,褍褉邪谐邪薪
hurry,袩芯褋锌褨褕邪泄.
hurry,袩芯褋锌褨褕邪泄.
hurt,斜芯谢褟褔械
hurt,斜芯谢褟褔械
hurt,斜芯谢褟褔械
husband,褔芯谢芯胁褨泻
hydrogen,胁芯写械薪褜
hypothesis,谐褨锌芯褌械蟹邪
I,I
ice,谢褨写
ice cream,屑芯褉芯蟹懈胁芯
icon,褨泻芯薪泻邪
ID,袉袛袝袧孝袠肖袉袣袗孝袨袪
idea,褨写械褟
ideal,褨写械邪谢褜薪懈泄
ideal,褨写械邪谢褜薪懈泄
identical,芯写薪邪泻芯胁褨
identification,褨写械薪褌懈褎褨泻邪褑褨褟
identify,褨写械薪褌懈褎褨泻褍胁邪褌懈
identity,褨写械薪褌懈褔薪褨褋褌褜
ideological,褨写械芯谢芯谐褨褔薪懈泄
ideology,褨写械芯谢芯谐褨褟
idiot,袉写褨芯褌.
if,褟泻褖芯
ignorance,薪械胁褨谐谢邪褋褌胁芯
ignore,褨谐薪芯褉褍胁邪褌懈
ill,褏胁芯褉懈泄
illegal,薪械谢械谐邪谢褜薪懈泄
illness,褏胁芯褉芯斜邪
illusion,褨谢褞蟹褨褟
illustrate,锌褉芯褨谢褞褋褌褉褍胁邪褌懈
illustration,褨谢褞褋褌褉邪褑褨褟
image,蟹芯斜褉邪卸械薪薪褟
imagery,蟹芯斜褉邪卸械薪薪褟
imaginary,褍褟胁薪褨
imagination,褍褟胁邪
imagine,校褟胁褨褌褜 褋芯斜褨.
immediate,薪械谐邪泄薪芯
immediately,薪械谐邪泄薪芯
immense,胁械谢懈褔械蟹薪邪
immigrant,褨屑屑褨谐褉邪薪褌
immigration,褨屑屑褨谐褉邪褑褨褟
imminent,薪械屑懈薪褍褔械
immune,薪械褋锌褉懈泄薪褟褌谢懈胁懈泄
impact,胁锌谢懈胁
impact,胁锌谢懈胁
impatient,薪械褌械褉锌谢褟褔懈泄
implement,褨薪褋褌褉褍屑械薪褌
implementation,褨屑锌谢械屑械薪褌邪褑褨褟
implication,锌褨写褌械泻褋褌
imply,锌褉懈锌褍褋泻邪褞褌褜
import,褨屑锌芯褉褌
import,褨屑锌芯褉褌
importance,胁邪卸谢懈胁褨褋褌褜
important,胁邪卸谢懈胁懈泄
impose,薪邪胁'褟蟹褍胁邪褌懈
impossible,薪械屑芯卸谢懈胁芯
impress,胁褉邪卸邪褌懈
impressed,胁褉邪卸械薪懈泄
impression,胁褉邪卸械薪薪褟
impressive,胁褉邪卸邪褞褔懈泄
imprison,褍胁'褟蟹薪懈褌懈
imprisonment,褍胁'褟蟹薪械薪薪褟
improve,胁写芯褋泻芯薪邪谢褞胁邪褌懈褋褟
improvement,胁写芯褋泻芯薪邪谢械薪薪褟
in,胁
in,胁
inability,薪械蟹写邪褌薪褨褋褌褜
inadequate,薪械邪写械泻胁邪褌薪懈泄
inappropriate,薪械写芯褉械褔薪懈泄
incentive,褋褌懈屑褍谢
inch,写褞泄屑
incidence,蟹邪褏胁芯褉褞胁邪薪褨褋褌褜
incident,褨薪褑懈写械薪褌
inclined,薪邪褏懈谢械薪懈泄
include,胁泻谢褞褔邪褞褌褜
included,胁泻谢褞褔械薪芯
including,胁 褌芯屑褍 褔懈褋谢褨
inclusion,褨薪泻谢褞蟹褨褟
income,写芯褏褨写
incorporate,胁泻谢褞褔邪褌懈
incorrect,薪械胁褨褉薪芯
increase,蟹斜褨谢褜褕械薪薪褟
increase,蟹斜褨谢褜褕械薪薪褟
increasingly,胁褋械 褔邪褋褌褨褕械
incredible,薪械泄屑芯胁褨褉薪褨.
incredibly,薪械泄屑芯胁褨褉薪芯
incur,锌芯薪械褋褌懈
indeed,小锌褉邪胁写褨.
independence,薪械蟹邪谢械卸薪褨褋褌褜
independent,薪械蟹邪谢械卸薪懈泄
index,褨薪写械泻褋
indicate,胁泻邪蟹邪褌懈
indication,胁泻邪蟹褨胁泻邪
indicator,褨薪写懈泻邪褌芯褉
indictment,芯斜胁懈薪褍胁邪谢褜薪懈泄 邪泻褌
indigenous,泻芯褉褨薪薪懈泄
indirect,薪械锌褉褟屑懈泄
individual,芯泻褉械屑邪 芯褋芯斜邪
individual,芯泻褉械屑邪 芯褋芯斜邪
indoor,泻褉懈褌懈泄
indoors,胁 锌褉懈屑褨褖械薪薪褨
induce,褋锌芯薪褍泻邪褌懈
indulge,锌芯褌褍褉邪褌懈
industrial,锌褉芯屑懈褋谢芯胁懈泄
industry,褨薪写褍褋褌褉褨褟
inequality,薪械褉褨胁薪褨褋褌褜
inevitable,薪械屑懈薪褍褔械
inevitably,薪械屑懈薪褍褔械
infamous,褋褍屑薪芯蟹胁褨褋薪懈泄
infant,薪械屑芯胁谢褟
infect,蟹邪褉邪卸邪褌懈
infection,褨薪褎械泻褑褨褟
infer,蟹褉芯斜懈褌懈 胁懈褋薪芯胁芯泻
inflation,褨薪褎谢褟褑褨褟
inflict,蟹邪锌芯写褨褟褌懈
influence,胁锌谢懈胁
influence,胁锌谢懈胁
influential,胁锌谢懈胁芯胁懈泄
info,褨薪褎芯褉屑邪褑褨褟
inform,褨薪褎芯褉屑褍胁邪褌懈
informal,薪械褎芯褉屑邪谢褜薪懈泄
information,褨薪褎芯褉屑邪褑褨褟
infrastructure,褨薪褎褉邪褋褌褉褍泻褌褍褉邪
ingredient,褨薪谐褉械写褨褦薪褌
inhabitant,屑械褕泻邪薪械褑褜
inherent,锌褉懈褌邪屑邪薪薪懈泄
inherit,褍褋锌邪写泻芯胁褍胁邪褌懈
inhibit,褨薪谐褨斜褍胁邪褌懈
initial,锌芯褔邪褌泻芯胁懈泄
initially,褋锌芯褔邪褌泻褍
initiate,褨薪褨褑褨褞胁邪褌懈
initiative,褨薪褨褑褨邪褌懈胁邪
inject,胁锌芯褉褋泻褍胁邪褌懈
injection,褨薪'褦泻褑褨褟
injure,锌芯褉邪薪械薪薪褟
injured,锌芯褉邪薪械薪褨
injury,褌褉邪胁屑邪
injustice,薪械褋锌褉邪胁械写谢懈胁褨褋褌褜
ink,褔芯褉薪懈谢芯
inmate,褍胁'褟蟹薪械薪懈泄
inner,胁薪褍褌褉褨褕薪褨泄
innocent,薪械胁懈薪薪懈泄.
innovation,褨薪薪芯胁邪褑褨褟
innovative,褨薪薪芯胁邪褑褨泄薪懈泄
input,胁褏褨写
inquiry,蟹邪锌懈褌
insect,泻芯屑邪褏邪
insert,胁褋褌邪胁泻邪
insertion,胁褋褌邪胁泻邪
inside,胁褋械褉械写懈薪褨
inside,胁褋械褉械写懈薪褨
inside,胁褋械褉械写懈薪褨
inside,胁褋械褉械写懈薪褨
insider,褨薪褋邪泄写械褉
insight,褉芯蟹褍屑褨薪薪褟
insist,薪邪锌芯谢褟谐邪褌懈
inspect,锌械褉械胁褨褉褟褌懈
inspection,锌械褉械胁褨褉泻邪
inspector,褨薪褋锌械泻褌芯褉
inspiration,薪邪褌褏薪械薪薪褟
inspire,薪邪写懈褏邪褌懈
install,胁褋褌邪薪芯胁懈褌懈
installation,褍褋褌邪薪芯胁泻邪
instance,锌褉懈泻谢邪写
instant,屑懈褌褌褦胁芯
instantly,屑懈褌褌褦胁芯
instead,薪邪褌芯屑褨褋褌褜
instinct,褨薪褋褌懈薪泻褌
institute,褨薪褋褌懈褌褍褌
institution,褍褋褌邪薪芯胁邪
institutional,褨薪褋褌懈褌褍褑褨泄薪懈泄
instruct,写芯褉褍褔懈褌懈
instruction,褨薪褋褌褉褍泻褑褨褟
instructor,褨薪褋褌褉褍泻褌芯褉
instrument,褨薪褋褌褉褍屑械薪褌
instrumental,褨薪褋褌褉褍屑械薪褌邪谢褜薪懈泄
insufficient,薪械写芯褋褌邪褌薪褜芯
insult,芯斜褉邪蟹邪
insult,芯斜褉邪蟹邪
insurance,褋褌褉邪褏褍胁邪薪薪褟
intact,薪械褍褕泻芯写卸械薪懈屑
intake,褋锌芯卸懈胁邪薪薪褟
integral,褑褨谢褨褋薪褨褋褌褜
integrate,褨薪褌械谐褉褍胁邪褌懈
integrated,褨薪褌械谐褉芯胁邪薪懈泄
integration,褨薪褌械谐褉邪褑褨褟
integrity,褑褨谢褨褋薪褨褋褌褜
intellectual,褨薪褌械谢械泻褌褍邪谢
intellectual,褨薪褌械谢械泻褌褍邪谢
intelligence,褉芯蟹胁褨写泻邪
intelligent,褉芯蟹褍屑薪懈泄
intend,薪邪屑褨褉褟褌懈褋褟
intended,蟹邪写褍屑邪薪懈泄
intense,褨薪褌械薪褋懈胁薪懈泄
intensify,褨薪褌械薪褋懈褎褨泻褍胁邪褌懈
intensity,褨薪褌械薪褋懈胁薪褨褋褌褜
intensive,褨薪褌械薪褋懈胁薪懈泄
intent,薪邪屑褨褉
intention,薪邪屑褨褉
interact,胁蟹邪褦屑芯写褨褟褌懈
interaction,胁蟹邪褦屑芯写褨褟
interactive,褨薪褌械褉邪泻褌懈胁薪懈泄
interest,褨薪褌械褉械褋
interest,褨薪褌械褉械褋
interested,蟹邪褑褨泻邪胁谢械薪懈泄
interesting,褑褨泻邪胁懈泄
interface,褨薪褌械褉褎械泄褋
interfere,胁褌褉褍褔邪褌懈褋褟
interference,胁褌褉褍褔邪薪薪褟
interim,褌懈屑褔邪褋芯胁懈泄
interior,褨薪褌械褉'褦褉
interior,褨薪褌械褉'褦褉
intermediate,锌褉芯屑褨卸薪懈泄
internal,胁薪褍褌褉褨褕薪褨泄
international,屑褨卸薪邪褉芯写薪懈泄
internet,褨薪褌械褉薪械褌
interpret,锌械褉械泻谢邪写邪褌懈
interpretation,褍褋薪懈泄 锌械褉械泻谢邪写
interrupt,锌械褉械褉胁邪褌懈
interval,褨薪褌械褉胁邪谢
intervene,胁褌褉褍褌懈褌懈褋褟
intervention,胁褌褉褍褔邪薪薪褟
interview,褋锌褨胁斜械褋褨写邪
interview,褋锌褨胁斜械褋褨写邪
intimate,褨薪褌懈屑薪懈泄
into,胁
intriguing,褨薪褌褉懈谐褍褞褔械
introduce,锌褉械写褋褌邪胁懈褌懈
introduction,胁褋褌褍锌
invade,胁褌芯褉谐薪械薪薪褟
invasion,胁褌芯褉谐薪械薪薪褟
invent,胁懈谐邪写褍胁邪褌懈
invention,胁懈薪邪褏褨写
invest,褨薪胁械褋褌褍胁邪褌懈
investigate,褉芯蟹褋谢褨写褍胁邪褌懈
investigation,褉芯蟹褋谢褨写褍胁邪薪薪褟
investigator,褋谢褨写褔懈泄
investment,褨薪胁械褋褌懈褑褨褩
investor,褨薪胁械褋褌芯褉
invisible,薪械胁懈写懈屑懈泄
invitation,蟹邪锌褉芯褕械薪薪褟
invite,蟹邪锌褉芯褋懈褌懈
invoke,胁懈泻谢懈泻邪褌懈
involve,蟹邪写褨褟褌懈
involved,蟹邪写褨褟薪褨
involvement,蟹邪谢褍褔械薪薪褟
iron,蟹邪谢褨蟹芯
iron,蟹邪谢褨蟹芯
ironic,褨褉芯薪褨褔薪懈泄
ironically,袟邪 褨褉芯薪褨褦褞 写芯谢褨
irony,褨褉芯薪褨褟
irrelevant,薪械 屑邪褦 蟹薪邪褔械薪薪褟
island,芯褋褌褉褨胁
isolate,褨蟹芯谢褞胁邪褌懈
isolated,褨蟹芯谢褜芯胁邪薪芯
isolation,褨蟹芯谢褟褑褨褟
issue,锌懈褌邪薪薪褟
issue,锌懈褌邪薪薪褟
IT,袉孝
it,褑械
item,锌褍薪泻褌
its,泄芯谐芯
itself,褋邪屑
jacket,锌褨写卸邪泻
jail,胁'褟蟹薪懈褑褟
jail,胁'褟蟹薪懈褑褟
jam,写卸械屑
January,小褨褔械薪褜
jazz,写卸邪蟹
jeans,写卸懈薪褋懈
jet,褉械邪泻褌懈胁薪懈泄
jewellery,褞胁械谢褨褉薪褨 胁懈褉芯斜懈
job,褉芯斜芯褌邪
join,锌褉懈褦写薪邪褌懈褋褟
joint,褋锌褨谢褜薪懈泄
joint,褋锌褨谢褜薪懈泄
joke,卸邪褉褌
joke,卸邪褉褌
journal,卸褍褉薪邪谢
journalism,卸褍褉薪邪谢褨褋褌懈泻邪
journalist,卸褍褉薪邪谢褨褋褌
journey,锌芯写芯褉芯卸
joy,褉邪写褨褋褌褜
judge,褋褍写写褟
judge,褋褍写写褟
judgement,褋褍写卸械薪薪褟
judicial,褋褍写芯胁懈泄
juice,褋褨泻
July,袥懈锌械薪褜
jump,褋褌褉懈斜芯泻
jump,褋褌褉懈斜芯泻
junction,锌械褉械褏褉械褋褌褟
June,效械褉胁械薪褜
junior,屑芯谢芯写褕懈泄
jurisdiction,褞褉懈褋写懈泻褑褨褟
jury,锌褉懈褋褟卸薪褨
just,锌褉芯褋褌芯
just,锌褉芯褋褌芯
justice,褋锌褉邪胁械写谢懈胁褨褋褌褜
justification,芯斜覒褉褍薪褌褍胁邪薪薪褟
justify,胁懈锌褉邪胁写邪褌懈
keen,蟹邪褑褨泻邪胁谢械薪懈泄
keep,褌褉懈屑邪褌懈
key,泻谢褞褔
key,泻谢褞褔
key,泻谢褞褔
keyboard,泻谢邪胁褨邪褌褍褉邪
kick,褍写邪褉 薪芯谐芯褞
kick,褍写邪褉 薪芯谐芯褞
kid,屑邪谢懈泄
kidnap,胁懈泻褉邪写械薪薪褟
kidney,薪懈褉泻邪
kill,胁斜懈褌懈
killing,胁斜懈胁褋褌胁芯
kilometre,泻褨谢芯屑械褌褉
kind,写芯斜褉懈泄
kind,写芯斜褉懈泄
king,泻芯褉芯谢褜
kingdom,泻芯褉芯谢褨胁褋褌胁芯
kiss,锌芯褑褨谢褍薪芯泻
kiss,锌芯褑褨谢褍薪芯泻
kit,薪邪斜褨褉
kitchen,泻褍褏薪褟
knee,泻芯谢褨薪薪懈泄 褋褍谐谢芯斜
knife,薪褨卸
knock,褋褌褍泻
knock,褋褌褍泻
know,袟薪邪褞.
knowledge,蟹薪邪薪薪褟
lab,谢邪斜芯褉邪褌芯褉褨褟
label,械褌懈泻械褌泻邪
label,械褌懈泻械褌泻邪
laboratory,谢邪斜芯褉邪褌芯褉褨褟
labour,锌褉邪褑褟
lack,薪械褋褌邪褔邪
lack,薪械褋褌邪褔邪
lad,褏谢芯锌械褑褜
ladder,褋褏芯写懈
lady,锌邪薪褨
lake,芯蟹械褉芯
lamp,谢邪屑锌邪
land,蟹械屑谢褟
land,蟹械屑谢褟
landing,锌芯褋邪写泻邪
landlord,芯褉械薪写芯写邪胁械褑褜
landmark,锌邪屑'褟褌泻邪
landscape,谢邪薪写褕邪褎褌
lane,锌褉芯胁褍谢芯泻
language,屑芯胁邪
lap,泻芯谢芯
laptop,薪芯褍褌斜褍泻
large,胁械谢懈泻懈泄
large-scale,屑邪褋褕褌邪斜薪懈泄
largely,蟹写械斜褨谢褜褕芯谐芯
laser,谢邪蟹械褉薪懈泄
last,芯褋褌邪薪薪褨泄
last,芯褋褌邪薪薪褨泄
last,芯褋褌邪薪薪褨泄
last,芯褋褌邪薪薪褨泄
late,锌褨蟹薪芯
late,锌褨蟹薪芯
lately,袨褋褌邪薪薪褨屑 褔邪褋芯屑
later,锌褨蟹薪褨褕械
later,锌褨蟹薪褨褕械
latest,芯褋褌邪薪薪褨泄
latest,芯褋褌邪薪薪褨泄
latter,芯褋褌邪薪薪褨泄
latter,芯褋褌邪薪薪褨泄
laugh,小屑褨褏
laugh,小屑褨褏
laughter,褋屑褨褏
launch,蟹邪锌褍褋泻
launch,蟹邪锌褍褋泻
law,锌褉邪胁芯
lawn,谐邪蟹芯薪
lawsuit,锌芯蟹芯胁
lawyer,邪写胁芯泻邪褌
lay,谢械卸邪褌懈
layer,褕邪褉
layout,屑邪泻械褌
lazy,谢褨薪懈胁懈泄
lead,褋胁懈薪褑械胁懈泄
lead,褋胁懈薪褑械胁懈泄
leader,谢褨写械褉
leadership,谢褨写械褉褋褌胁芯
leading,锌褉芯胁褨写薪懈泄
leaf,谢懈褋褌芯泻
leaflet,谢懈褋褌褨胁泻邪
league,谢褨谐邪
leak,胁懈褌褨泻
leak,胁懈褌褨泻
lean,褏褍写懈泄
leap,褋褌褉懈斜芯泻
leap,褋褌褉懈斜芯泻
learn,胁褔懈褌懈褋褟
learning,薪邪胁褔邪薪薪褟
least,褖芯薪邪泄屑械薪褕械
least,褖芯薪邪泄屑械薪褕械
least,褖芯薪邪泄屑械薪褕械
leather,褕泻褨褉邪
leave,锌褨褌懈
leave,锌褨褌懈
lecture,谢械泻褑褨褟
lecture,谢械泻褑褨褟
left,谢褨胁芯褉褍褔
left,谢褨胁芯褉褍褔
left,谢褨胁芯褉褍褔
leg,薪芯谐邪
legacy,褋锌邪写褖懈薪邪
legal,蟹邪泻芯薪薪懈泄
legend,谢械谐械薪写邪
legendary,谢械谐械薪写邪褉薪懈泄
legislation,蟹邪泻芯薪芯写邪胁褋褌胁芯
legislative,蟹邪泻芯薪芯写邪胁褔懈泄
legislature,蟹邪泻芯薪芯写邪胁褔懈泄 芯褉谐邪薪
legitimate,谢械谐褨褌懈屑薪懈泄
leisure,写芯蟹胁褨谢谢褟
lemon,谢懈屑芯薪
lend,锌芯蟹懈褔邪褌懈
length,写芯胁卸懈薪邪
lengthy,写芯胁谐懈泄
lens,芯斜'褦泻褌懈胁
lesbian,谢械褋斜褨泄泻邪
less,屑械薪褕械
less,屑械薪褕械
less,屑械薪褕械
lesser,屑械薪褕懈泄
lesson,褍褉芯泻
let,薪械褏邪泄
lethal,褋屑械褉褌械谢褜薪懈泄
letter,谢懈褋褌
level,褉褨胁械薪褜
level,褉褨胁械薪褜
level,褉褨胁械薪褜
liable,胁褨写锌芯胁褨写邪谢褜薪懈泄
liberal,谢褨斜械褉邪谢褜薪懈泄
liberal,谢褨斜械褉邪谢褜薪懈泄
liberation,胁懈蟹胁芯谢械薪薪褟
liberty,褋胁芯斜芯写邪
library,斜褨斜谢褨芯褌械泻邪
licence,谢褨褑械薪蟹褨褟
license,谢褨褑械薪蟹褨褟
lie,斜褉械褏薪褟.
lie,斜褉械褏薪褟.
lie,斜褉械褏薪褟.
life,卸懈褌褌褟
lifelong,薪邪 胁褋械 卸懈褌褌褟
lifestyle,褋锌芯褋褨斜 卸懈褌褌褟
lifetime,褌褉懈胁邪谢褨褋褌褜 卸懈褌褌褟
lift,锌褨写泄芯屑薪懈泻
lift,锌褨写泄芯屑薪懈泻
light,褋胁褨褌谢芯
light,褋胁褨褌谢芯
light,褋胁褨褌谢芯
lighting,芯褋胁褨褌谢械薪薪褟
like,褟泻
like,褟泻
like,褟泻
likelihood,泄屑芯胁褨褉薪褨褋褌褜
likely,泄屑芯胁褨褉薪芯
likewise,褌邪泻 褋邪屑芯
limb,泻褨薪褑褨胁泻邪
limit,谢褨屑褨褌
limit,谢褨屑褨褌
limitation,芯斜屑械卸械薪薪褟
limited,芯斜屑械卸械薪懈泄
line,谢褨薪褨褟
line,谢褨薪褨褟
line-up,褋泻谢邪写
linear,谢褨薪褨泄薪懈泄
linger,蟹邪褌褉懈屑邪褌懈褋褜
link,锌芯褋懈谢邪薪薪褟
link,锌芯褋懈谢邪薪薪褟
lion,谢械胁
lip,谐褍斜邪
liquid,褉褨写懈薪邪
liquid,褉褨写懈薪邪
list,褋锌懈褋芯泻
list,褋锌懈褋芯泻
listen,小谢褍褏邪泄.
listener,褋谢褍褏邪褔
listing,谢褨褋褌懈薪谐
literacy,谐褉邪屑芯褌薪褨褋褌褜
literally,斜褍泻胁邪谢褜薪芯.
literary,谢褨褌械褉邪褌褍褉薪懈泄
literature,谢褨褌械褉邪褌褍褉邪
litre,谢褨褌褉
litter,褋屑褨褌褌褟
little,屑邪谢械薪褜泻邪
little,屑邪谢械薪褜泻邪
little,屑邪谢械薪褜泻邪
little,屑邪谢械薪褜泻邪
live,薪邪卸懈胁芯
live,薪邪卸懈胁芯
live,薪邪卸懈胁芯
lively,卸胁邪胁懈泄
liver,锌械褔褨薪泻邪
living,卸懈褌褌褟
living,卸懈褌褌褟
load,薪邪胁邪薪褌邪卸械薪薪褟
load,薪邪胁邪薪褌邪卸械薪薪褟
loan,锌芯蟹懈泻邪
lobby,胁械褋褌懈斜褞谢褜
lobby,胁械褋褌懈斜褞谢褜
local,屑褨褋褑械胁懈泄
local,屑褨褋褑械胁懈泄
locate,胁懈蟹薪邪褔懈褌懈 屑褨褋褑械蟹薪邪褏芯写卸械薪薪褟
located,褉芯蟹褌邪褕芯胁邪薪懈泄
location,屑褨褋褑械蟹薪邪褏芯写卸械薪薪褟
lock,蟹邪屑芯泻
lock,蟹邪屑芯泻
log,卸褍褉薪邪谢
log,卸褍褉薪邪谢
logic,谢芯谐褨泻邪
logical,谢芯谐褨褔薪懈泄
logo,谢芯谐芯褌懈锌
lonely,褋邪屑芯褌薪褨泄.
long,写芯胁谐懈泄
long,写芯胁谐懈泄
long-standing,写邪胁薪褨泄
long-term,写芯胁谐芯褋褌褉芯泻芯胁懈泄
long-term,写芯胁谐芯褋褌褉芯泻芯胁懈泄
long-time,写邪胁薪褨泄
look,袩芯谐谢褟薪褜.
look,袩芯谐谢褟薪褜.
loom,褌泻邪褑褜泻懈泄 胁械褉褋褌邪褌
loop,褑懈泻谢
loose,胁褨谢褜薪懈泄
lord,袚芯褋锌芯写懈.
lorry,袙邪薪褌邪卸褨胁泻邪.
lose,锌褉芯谐褉邪褌懈
loss,胁褌褉邪褌邪
lost,蟹邪谐褍斜谢械薪懈泄
lot,斜邪谐邪褌芯
lot,斜邪谐邪褌芯
lot,斜邪谐邪褌芯
lottery,谢芯褌械褉械褟
loud,谐芯谢芯褋薪芯
loud,谐芯谢芯褋薪芯
loudly,谐芯谢芯褋薪芯
love,谢褞斜芯胁
love,谢褞斜芯胁
lovely,屑懈谢懈泄.
low,薪懈蟹褜泻懈泄
low,薪懈蟹褜泻懈泄
low,薪懈蟹褜泻懈泄
lower,薪懈卸褔懈泄
loyal,谢芯褟谢褜薪懈泄
loyalty,谢芯褟谢褜薪褨褋褌褜
luck,褍写邪褔邪
lucky,褖邪褋谢懈胁懈泄
lunch,芯斜褨写
lung,谢械谐械薪褨
luxury,褉芯蟹泻褨褕
luxury,褉芯蟹泻褨褕
lyric,谢褨褉懈泻邪
machine,屑邪褕懈薪邪
machinery,褌械褏薪褨泻邪
mad,蟹斜芯卸械胁芯谢褨褌懈.
magazine,卸褍褉薪邪谢
magic,屑邪谐褨褟
magic,屑邪谐褨褟
magical,褔邪褉褨胁薪懈泄
magistrate,褋褍写写褟
magnetic,屑邪谐薪褨褌薪懈泄
magnificent,褔褍写芯胁懈泄
magnitude,胁械谢懈褔懈薪邪
mail,锌芯褕褌邪
mail,锌芯褕褌邪
main,谐芯谢芯胁薪懈泄
mainland,屑邪褌械褉懈泻
mainly,胁 芯褋薪芯胁薪芯屑褍
mainstream,屑械泄薪褋褌褉褨屑
mainstream,屑械泄薪褋褌褉褨屑
maintain,锌褨写褌褉懈屑褍胁邪褌懈
maintenance,芯斜褋谢褍谐芯胁褍胁邪薪薪褟
major,屑邪泄芯褉
major,屑邪泄芯褉
majority,斜褨谢褜褕褨褋褌褜
make,蟹褉芯斜懈褌懈
make,蟹褉芯斜懈褌懈
make-up,屑邪泻褨褟卸
making,褋褌胁芯褉械薪薪褟
male,褔芯谢芯胁褨泻
male,褔芯谢芯胁褨泻
mall,褌芯褉谐芯胁懈泄 褑械薪褌褉
man,褔芯谢芯胁褨泻
manage,泻械褉褍胁邪褌懈
management,褍锌褉邪胁谢褨薪薪褟
manager,屑械薪械写卸械褉
mandate,屑邪薪写邪褌
mandatory,芯斜芯胁'褟蟹泻芯胁懈泄
manifest,屑邪薪褨褎械褋褌
manipulate,屑邪薪褨锌褍谢褞胁邪褌懈
manipulation,屑邪薪褨锌褍谢褟褑褨褟
manner,褋锌芯褋褨斜
manufacture,胁懈褉芯斜薪懈褑褌胁芯
manufacturing,胁懈褉芯斜薪懈褑褌胁芯
manuscript,屑邪薪褍褋泻褉懈锌褌
many,斜邪谐邪褌芯
many,斜邪谐邪褌芯
map,泻邪褉褌邪
map,泻邪褉褌邪
marathon,屑邪褉邪褎芯薪
March,袘械褉械蟹械薪褜
march,屑邪褉褕
march,屑邪褉褕
margin,屑邪褉卸邪
marginal,屑邪褉谐褨薪邪谢褜薪懈泄
marine,屑芯褉褋褜泻懈泄
mark,蟹薪邪泻
mark,蟹薪邪泻
marker,屑邪褉泻械褉
market,褉懈薪芯泻
market,褉懈薪芯泻
marketing,屑邪褉泻械褌懈薪谐
marketplace,褉懈薪芯泻
marriage,褕谢褞斜
married,芯写褉褍卸械薪懈泄
marry,芯写褉褍卸懈褌懈褋褟
martial,胁褨泄褋褜泻芯胁懈泄
mask,屑邪褋泻邪
mass,屑邪褋邪
mass,屑邪褋邪
massacre,褉褨蟹邪薪懈薪邪
massive,屑邪褋懈胁薪懈泄
master,屑邪泄褋褌械褉
master,屑邪泄褋褌械褉
match,蟹斜褨谐
match,蟹斜褨谐
matching,胁褨写锌芯胁褨写薪褨褋褌褜
mate,锌褉懈褟褌械谢褜.
mate,锌褉懈褟褌械谢褜.
material,屑邪褌械褉褨邪谢
material,屑邪褌械褉褨邪谢
mathematical,屑邪褌械屑邪褌懈褔薪懈泄
mathematics,屑邪褌械屑邪褌懈泻邪
maths,屑邪褌械屑邪褌懈泻邪
matter,褋锌褉邪胁邪
matter,褋锌褉邪胁邪
mature,蟹褉褨谢懈泄
mature,蟹褉褨谢懈泄
maximize,屑邪泻褋懈屑褨蟹褍胁邪褌懈
maximum,屑邪泻褋懈屑褍屑
maximum,屑邪泻褋懈屑褍屑
May,孝褉邪胁械薪褜
may,屑芯卸械
maybe,屑芯卸谢懈胁芯.
mayor,屑械褉
me,屑械薪械
meal,褩卸邪
mean,锌褨写谢芯.
meaning,褖芯 芯蟹薪邪褔邪褦
meaningful,蟹薪邪褔褍褖芯褞.
means,芯蟹薪邪褔邪褦
meantime,孝懈屑 褔邪褋芯屑
meanwhile,孝懈屑 褔邪褋芯屑
measure,屑褨褉邪
measure,屑褨褉邪
measurement,胁懈屑褨褉
meat,屑'褟褋芯
mechanic,屑械褏邪薪褨泻
mechanical,屑械褏邪薪褨褔薪懈泄
mechanism,屑械褏邪薪褨蟹屑
medal,屑械写邪谢褜
media,蟹邪褋芯斜懈 屑邪褋芯胁芯褩 褨薪褎芯褉屑邪褑褨褩
medical,屑械写懈褔薪懈泄
medication,谢褨泻懈
medicine,屑械写懈褑懈薪邪
medieval,褋械褉械写薪褜芯胁褨褔薪懈泄
meditation,屑械写懈褌邪褑褨褟
medium,褋械褉械写薪褨泄
medium,褋械褉械写薪褨泄
meet,蟹褍褋褌褉褨褌懈褋褟
meeting,蟹褍褋褌褉褨褔
melody,屑械谢芯写褨褟
melt,褌邪薪褍褌懈
member,褔谢械薪
membership,褔谢械薪褋褌胁芯
memo,蟹邪锌懈褋泻邪
memoir,屑械屑褍邪褉懈
memorable,薪械蟹邪斜褍褌薪褨泄
memorial,屑械屑芯褉褨邪谢
memory,锌邪屑'褟褌褜
mental,锌褋懈褏褨褔薪懈泄
mention,蟹谐邪写泻邪
mention,蟹谐邪写泻邪
mentor,薪邪褋褌邪胁薪懈泻
menu,屑械薪褞
merchant,泻褍锌械褑褜
mercy,屑懈谢芯褋械褉写褟
mere,锌褉芯褋褌芯
merely,锌褉芯褋褌芯
merge,蟹谢懈褌褌褟
merger,蟹谢懈褌褌褟
merit,蟹邪褋谢褍谐邪
mess,斜械蟹谢邪写
message,锌芯胁褨写芯屑谢械薪薪褟
metal,屑械褌邪谢谢
metaphor,屑械褌邪褎芯褉邪
method,屑械褌芯写
methodology,屑械褌芯写芯谢芯谐褨褟
metre,屑械褌褉
middle,褋械褉械写薪褨泄
middle,褋械褉械写薪褨泄
midnight,袨锌褨胁薪芯褔褨
midst,褋械褉械写
might,屑芯卸械
migration,屑褨谐褉邪褑褨褟
mild,屑'褟泻懈泄
mile,屑懈谢褟
militant,斜芯泄芯胁懈泻
militant,斜芯泄芯胁懈泻
military,胁褨泄褋褜泻芯胁懈泄
military,胁褨泄褋褜泻芯胁懈泄
militia,芯锌芯谢褔械薪薪褟
milk,屑芯谢芯泻芯
mill,屑谢懈薪
million,屑褨谢褜泄芯薪
mind,褉芯蟹褍屑
mind,褉芯蟹褍屑
mine,屑褨泄
mine,屑褨泄
miner,褕邪褏褌邪褉
mineral,屑褨薪械褉邪谢
minimal,屑褨薪褨屑邪谢褜薪懈泄
minimize,屑褨薪褨屑褨蟹褍胁邪褌懈
minimum,屑褨薪褨屑褍屑
minimum,屑褨薪褨屑褍屑
mining,胁懈写芯斜褍褌芯泻 泻芯褉懈褋薪懈褏 泻芯锌邪谢懈薪
minister,屑褨薪褨褋褌褉
ministry,褋谢褍卸褨薪薪褟
minor,薪械锌芯胁薪芯谢褨褌薪褨泄
minority,屑械薪褕褨褋褌褜
minute,褏胁懈谢懈薪褍.
minute,褏胁懈谢懈薪褍.
miracle,写懈胁芯
mirror,写蟹械褉泻邪谢芯
miserable,卸邪谢褞谐褨写薪懈泄
misery,褋褌褉邪卸写邪薪薪褟
misleading,胁胁芯写懈褌褜 胁 芯屑邪薪褍
miss,屑褨褋
missile,褉邪泻械褌邪
missing,锌褉芯锌邪胁 斜械蟹胁褨褋褌懈
mission,屑褨褋褨褟
mistake,锌芯屑懈谢泻邪
mistake,锌芯屑懈谢泻邪
mix,屑褨泻褋
mix,屑褨泻褋
mixed,蟹屑褨褕邪薪懈泄
mixture,褋褍屑褨褕
mob,薪邪褌芯胁锌
mobile,屑芯斜褨谢褜薪懈泄
mobile,屑芯斜褨谢褜薪懈泄
mobility,屑芯斜褨谢褜薪褨褋褌褜
mobilize,屑芯斜褨谢褨蟹褍胁邪褌懈褋褟
mode,褉械卸懈屑
model,屑芯写械谢褜
model,屑芯写械谢褜
moderate,锌芯屑褨褉薪懈泄
modern,褋褍褔邪褋薪懈泄
modest,褋泻褉芯屑薪懈泄
modification,屑芯写懈褎褨泻邪褑褨褟
modify,蟹屑褨薪懈褌懈
moment,屑芯屑械薪褌
momentum,褨屑锌褍谢褜褋
Monday,袩芯薪械写褨谢芯泻
money,谐褉芯褕褨
monitor,屑芯薪褨褌芯褉
monitor,屑芯薪褨褌芯褉
monk,屑芯薪邪褏
monkey,屑邪胁锌邪
monopoly,屑芯薪芯锌芯谢褨褟
monster,屑芯薪褋褌褉
month,屑褨褋褟褑褜
monthly,褖芯屑褨褋褟褑褟
monument,锌邪屑'褟褌薪懈泻
mood,薪邪褋褌褉褨泄
moon,袦褨褋褟褑褜
moral,屑芯褉邪谢褜薪懈泄
moral,屑芯褉邪谢褜薪懈泄
morality,屑芯褉邪谢褜
more,斜褨谢褜褕械
more,斜褨谢褜褕械
more,斜褨谢褜褕械
moreover,袘褨谢褜褕械 褌芯谐芯.
morning,褉邪薪芯泻
mortgage,褨锌芯褌械泻邪
mosque,屑械褔械褌褜
most,斜褨谢褜褕褨褋褌褜
most,斜褨谢褜褕褨褋褌褜
most,斜褨谢褜褕褨褋褌褜
mostly,蟹写械斜褨谢褜褕芯谐芯
mother,屑邪褌懈
motion,褉褍褏
motivate,屑芯褌懈胁褍胁邪褌懈
motivation,屑芯褌懈胁邪褑褨褟
motive,屑芯褌懈胁
motor,写胁懈谐褍薪
motor,写胁懈谐褍薪
motorcycle,屑芯褌芯褑懈泻谢
motorist,邪胁褌芯屑芯斜褨谢褨褋褌
mount,泻褉褨锌谢械薪薪褟
mountain,谐芯褉邪
mouse,屑懈褕邪
mouth,褉芯褌
move,褉褍褏邪泄褋褟
move,褉褍褏邪泄褋褟
movement,褉褍褏
movie,褎褨谢褜屑
moving,锌械褉械褩蟹写
much,薪邪斜邪谐邪褌芯
much,薪邪斜邪谐邪褌芯
much,薪邪斜邪谐邪褌芯
mud,斜邪谐薪褞泻邪
multiple,屑薪芯卸懈薪薪懈泄
multiply,褉芯蟹屑薪芯卸褍胁邪褌懈褋褟
mum,袦邪屑芯.
municipal,屑褍薪褨褑懈锌邪谢褜薪懈泄
murder,胁斜懈胁褋褌胁芯
murder,胁斜懈胁褋褌胁芯
muscle,屑'褟蟹
museum,屑褍蟹械泄
music,屑褍蟹懈泻邪
musical,屑褞蟹懈泻谢
musical,屑褞蟹懈泻谢
musician,屑褍蟹懈泻邪薪褌
must,锌芯胁懈薪械薪
mutual,胁蟹邪褦屑薪懈泄
my,屑褨泄
myself,携 褋邪屑.
mysterious,褌邪褦屑薪懈褔懈泄
mystery,褌邪褦屑薪懈褑褟
myth,屑褨褎
nail,褑胁褟褏
naked,谐芯谢懈泄.
name,褨屑'褟
name,褨屑'褟
namely,邪 褋邪屑械
narrative,褉芯蟹锌芯胁褨写褜
narrative,褉芯蟹锌芯胁褨写褜
narrow,胁褍蟹褜泻懈泄
narrow,胁褍蟹褜泻懈泄
nasty,芯谐懈写薪芯.
nation,薪邪褑褨褟
national,薪邪褑褨芯薪邪谢褜薪懈泄
national,薪邪褑褨芯薪邪谢褜薪懈泄
nationwide,锌芯 胁褋褨泄 泻褉邪褩薪褨
native,屑褨褋褑械胁懈泄
native,屑褨褋褑械胁懈泄
natural,锌褉懈褉芯写薪懈泄
naturally,袟胁褨褋薪芯.
nature,锌褉懈褉芯写邪
naval,胁褨泄褋褜泻芯胁芯-屑芯褉褋褜泻懈泄
navigation,薪邪胁褨谐邪褑褨褟
near,斜褨谢褟
near,斜褨谢褟
near,斜褨谢褟
nearby,锌芯斜谢懈蟹褍
nearby,锌芯斜谢懈蟹褍
nearly,屑邪泄卸械
neat,褔懈褋褌械薪褜泻懈泄
necessarily,芯斜芯胁'褟蟹泻芯胁芯
necessary,薪械芯斜褏褨写薪懈泄
necessity,薪械芯斜褏褨写薪褨褋褌褜
neck,褕懈褟
need,锌芯褌褉械斜邪
need,锌芯褌褉械斜邪
need,锌芯褌褉械斜邪
needle,谐芯谢泻邪
negative,薪械谐邪褌懈胁薪懈泄
negative,薪械谐邪褌懈胁薪懈泄
neglect,薪械褏褌褍胁邪薪薪褟
neglect,薪械褏褌褍胁邪薪薪褟
negotiate,胁械褋褌懈 锌械褉械谐芯胁芯褉懈
negotiation,锌械褉械谐芯胁芯褉懈
neighbour,褋褍褋褨写
neighbourhood,褉邪泄芯薪
neighbouring,褋褍褋褨写薪褨泄
neither,薪褨
neither,薪褨
neither,薪褨
nerve,薪邪褏邪斜褋褌胁芯
nervous,袧械褉胁褍褦.
nest,谐薪褨蟹写芯
net,褔懈褋褌懈泄
net,褔懈褋褌懈泄
network,屑械褉械卸邪
neutral,薪械泄褌褉邪谢褜薪懈泄
never,袧褨泻芯谢懈.
nevertheless,褌懈屑 薪械 屑械薪褕
new,薪芯胁懈泄
newly,薪械褖芯写邪胁薪芯
news,薪芯胁懈薪懈
newsletter,褨薪褎芯褉屑邪褑褨泄薪懈泄 斜褞谢械褌械薪褜
newspaper,谐邪蟹械褌邪
next,薪邪褋褌褍锌薪懈泄
next,薪邪褋褌褍锌薪懈泄
next,薪邪褋褌褍锌薪懈泄
next to,锌芯褉褍褔 蟹
nice,屑懈谢芯.
niche,薪褨褕邪
night,薪褨褔
nightmare,泻芯褕屑邪褉.
nine,袛械胁'褟褌褜.
nineteen,写械胁'褟褌薪邪写褑褟褌褜.
ninety,写械胁'褟薪芯褋褌芯
no,袧褨.
no,袧褨.
no one,袧褨褏褌芯.
noble,斜谢邪谐芯褉芯写薪懈泄
nobody,袧褨褏褌芯.
nod,泻懈胁芯泻.
noise,褕褍屑
noisy,谐邪谢邪褋谢懈胁懈泄
nominate,薪芯屑褨薪褍胁邪褌懈
nomination,薪芯屑褨薪邪褑褨褟
nominee,薪芯屑褨薪邪薪褌
non-profit,薪械泻芯屑械褉褑褨泄薪懈泄
none,薪褨
nonetheless,褌懈屑 薪械 屑械薪褕
nonsense,薪褨褋械薪褨褌薪懈褑褟.
noon,锌芯谢褍写械薪褜
nor,薪褨
nor,薪褨
norm,薪芯褉屑邪
normal,薪芯褉屑邪谢褜薪懈泄
normal,薪芯褉屑邪谢褜薪懈泄
normally,袟邪蟹胁懈褔邪泄
north,锌褨胁薪褨褔
north,锌褨胁薪褨褔
north,锌褨胁薪褨褔
northern,锌褨胁薪褨褔薪懈泄
nose,薪褨褋
not,薪械
notable,锌芯屑褨褌薪懈泄
notably,蟹芯泻褉械屑邪
note,锌褉懈屑褨褌泻邪
note,锌褉懈屑褨褌泻邪
notebook,斜谢芯泻薪芯褌
nothing,薪褨褔芯谐芯
notice,锌芯胁褨写芯屑谢械薪薪褟
notice,锌芯胁褨写芯屑谢械薪薪褟
notify,锌芯胁褨写芯屑懈褌懈
notion,锌芯薪褟褌褌褟
notorious,褋褍屑薪芯蟹胁褨褋薪懈泄
novel,褉芯屑邪薪
novel,褉芯屑邪薪
novelist,锌懈褋褜屑械薪薪懈泻
November,袥懈褋褌芯锌邪写
now,袟邪褉邪蟹.
now,袟邪褉邪蟹.
nowadays,胁 薪邪褕 褔邪褋
nowhere,薪褨泻褍写懈
nuclear,褟写械褉薪懈泄
number,薪芯屑械褉
number,薪芯屑械褉
numerous,褔懈褋谢械薪薪褨
nurse,屑械写褋械褋褌褉邪
nursery,褉芯蟹锌谢褨写薪懈泻
nursing,写芯谐谢褟写 蟹邪 褏胁芯褉懈屑懈
nut,谐芯褉褨褏
nutrition,褏邪褉褔褍胁邪薪薪褟
o'clock,袨 锌械褉褕褨泄 谐芯写懈薪褨.
obesity,芯卸懈褉褨薪薪褟
obey,锌褨写泻芯褉褟褌懈褋褟
object,芯斜'褦泻褌
object,芯斜'褦泻褌
objection,蟹邪锌械褉械褔械薪薪褟
objective,屑械褌邪
objective,屑械褌邪
obligation,蟹芯斜芯胁'褟蟹邪薪薪褟
oblige,蟹芯斜芯胁'褟蟹褍褞褌褜
observation,褋锌芯褋褌械褉械卸械薪薪褟
observe,褋锌芯褋褌械褉褨谐邪褌懈
observer,褋锌芯褋褌械褉褨谐邪褔
obsess,芯写械褉卸懈屑懈泄
obsession,芯写械褉卸懈屑褨褋褌褜
obstacle,锌械褉械褕泻芯写邪
obtain,芯褌褉懈屑邪褌懈
obvious,芯褔械胁懈写薪懈泄
obviously,袨褔械胁懈写薪芯.
occasion,胁懈锌邪写芯泻
occasional,胁懈锌邪写泻芯胁懈泄
occasionally,袉薪芯写褨
occupation,锌褉芯褎械褋褨褟
occupy,芯泻褍锌褍胁邪褌懈
occur,胁褨写斜褍胁邪褞褌褜褋褟
occurrence,胁懈薪懈泻薪械薪薪褟
ocean,芯泻械邪薪
October,袞芯胁褌械薪褜
odd,写懈胁薪懈泄
odds,褕邪薪褋懈
of,蟹
off,胁懈屑泻薪械薪芯
off,胁懈屑泻薪械薪芯
offence,锌褉邪胁芯锌芯褉褍褕械薪薪褟
offend,芯斜褉邪卸邪褌懈
offender,蟹谢芯褔懈薪械褑褜
offensive,薪邪褋褌褍锌邪谢褜薪邪.
offer,锌褉芯锌芯蟹懈褑褨褟
offer,锌褉芯锌芯蟹懈褑褨褟
offering,锌褉芯锌芯蟹懈褑褨褟
office,芯褎褨褋
officer,芯褎褨褑械褉
official,芯褎褨褑褨泄薪懈泄
official,芯褎褨褑褨泄薪懈泄
offspring,薪邪褖邪写泻褨胁.
often,褔邪褋褌芯
oh,袨褏.
oil,薪邪褎褌邪
OK,袚袗袪袗袟袛.
OK,袚袗袪袗袟袛.
OK,袚袗袪袗袟袛.
old,褋褌邪褉懈泄
old-fashioned,褋褌邪褉芯屑芯写薪懈泄
on,薪邪
on,薪邪
once,芯写薪芯谐芯 褉邪蟹褍
once,芯写薪芯谐芯 褉邪蟹褍
one,芯写懈薪
one,芯写懈薪
one,芯写懈薪
ongoing,褌褉懈胁邪褦
onion,褑懈斜褍谢褟
online,芯薪谢邪泄薪
online,芯薪谢邪泄薪
only,褌褨谢褜泻懈
only,褌褨谢褜泻懈
onto,薪邪
open,胁褨写泻褉懈褌芯
open,胁褨写泻褉懈褌芯
opening,胁褨写泻褉懈褌褌褟
openly,胁褨写泻褉懈褌芯
opera,芯锌械褉邪
operate,锌褉邪褑褞胁邪褌懈
operation,芯锌械褉邪褑褨褟
operational,芯锌械褉邪褌懈胁薪懈泄
operator,芯锌械褉邪褌芯褉
opinion,写褍屑泻邪
opponent,芯锌芯薪械薪褌
opportunity,屑芯卸谢懈胁褨褋褌褜
oppose,锌褉芯褌懈褋褌芯褟褌懈
opposed,锌褉芯褌懈
opposite,薪邪胁锌邪泻懈
opposite,薪邪胁锌邪泻懈
opposite,薪邪胁锌邪泻懈
opposite,薪邪胁锌邪泻懈
opposition,芯锌芯蟹懈褑褨褟
opt,opt
optical,芯锌褌懈褔薪懈泄
optimism,芯锌褌懈屑褨蟹屑
optimistic,芯锌褌懈屑褨褋褌懈褔薪懈泄
option,胁邪褉褨邪薪褌
or,邪斜芯
oral,褍褋薪懈泄
orange,锌芯屑邪褉邪薪褔械胁懈泄
orange,锌芯屑邪褉邪薪褔械胁懈泄
orchestra,芯褉泻械褋褌褉
order,锌芯褉褟写芯泻
order,锌芯褉褟写芯泻
ordinary,蟹胁懈褔邪泄薪懈泄
organ,芯褉谐邪薪
organic,芯褉谐邪薪褨褔薪懈泄
organization,芯褉谐邪薪褨蟹邪褑褨褟
organizational,芯褉谐邪薪褨蟹邪褑褨泄薪懈泄
organize,芯褉谐邪薪褨蟹芯胁褍胁邪褌懈
organized,芯褉谐邪薪褨蟹芯胁邪薪懈泄
organizer,芯褉谐邪薪褨蟹邪褌芯褉
orientation,芯褉褨褦薪褌邪褑褨褟
origin,锌芯褏芯写卸械薪薪褟
original,芯褉懈谐褨薪邪谢
original,芯褉懈谐褨薪邪谢
originally,胁 芯褉懈谐褨薪邪谢褨
originate,锌芯褏芯写褟褌褜
other,褨薪褕懈泄
other,褨薪褕懈泄
otherwise,褨薪邪泻褕械
ought,褌褉械斜邪 斜褍谢芯 斜.
our,薪邪褕
ours,薪邪褕
ourselves,褋械斜械
out,薪邪蟹芯胁薪褨.
out,薪邪蟹芯胁薪褨.
outbreak,褋锌邪谢邪褏
outcome,褉械蟹褍谢褜褌邪褌
outdoor,薪邪 胁褨写泻褉懈褌芯屑褍 锌芯胁褨褌褉褨
outdoors,薪邪 胁褨写泻褉懈褌芯屑褍 锌芯胁褨褌褉褨
outer,蟹芯胁薪褨褕薪褨泄
outfit,胁斜褉邪薪薪褟
outing,锌褉芯谐褍谢褟薪泻邪
outlet,褉芯蟹械褌泻邪
outline,泻芯薪褋锌械泻褌
outline,泻芯薪褋锌械泻褌
outlook,褋胁褨褌芯谐谢褟写
output,胁懈褏褨写
outrage,芯斜褍褉械薪薪褟
outrage,芯斜褍褉械薪薪褟
outside,薪邪蟹芯胁薪褨
outside,薪邪蟹芯胁薪褨
outside,薪邪蟹芯胁薪褨
outside,薪邪蟹芯胁薪褨
outsider,邪褍褌褋邪泄写械褉
outstanding,胁懈写邪褌薪懈泄
oven,锌褨褔
over,袩褉懈泄芯屑.
over,袩褉懈泄芯屑.
overall,胁 褑褨谢芯屑褍
overall,胁 褑褨谢芯屑褍
overcome,锌芯写芯谢邪褌懈
overlook,薪械 锌芯屑褨褌懈褌懈
overly,薪邪写屑褨褉薪芯
overnight,蟹邪 芯写薪褍 薪褨褔.
overseas,蟹邪 芯泻械邪薪芯屑
overseas,蟹邪 芯泻械邪薪芯屑
oversee,泻芯薪褌褉芯谢褞胁邪褌懈
overturn,锌械褉械胁械褉薪褍褌懈褋褟
overwhelm,锌械褉械锌芯胁薪褞褞褌褜
overwhelming,锌褉懈谐芯谢芯屑褕谢懈胁芯褞.
owe,胁懈薪薪褨
own,胁谢邪褋薪懈泄
own,胁谢邪褋薪懈泄
own,胁谢邪褋薪懈泄
owner,胁谢邪褋薪懈泻
ownership,锌褉邪胁芯 胁谢邪褋薪芯褋褌褨
oxygen,泻懈褋械薪褜
pace,褌械屑锌
pace,褌械屑锌
pack,锌邪褔泻邪
pack,锌邪褔泻邪
package,锌邪泻械褌
package,锌邪泻械褌
packet,锌邪泻械褌
pad,锌芯写褍褕械褔泻邪
page,褋褌芯褉褨薪泻邪
pain,斜褨谢褜
painful,斜芯谢褨褋薪芯
paint,褎邪褉斜邪
paint,褎邪褉斜邪
painter,褏褍写芯卸薪懈泻
painting,卸懈胁芯锌懈褋
pair,锌邪褉邪
palace,锌邪谢邪褑
pale,斜谢褨写懈泄
palm,写芯谢芯薪褟
pan,褋泻芯胁芯褉芯写邪
panel,锌邪薪械谢褜
panic,锌邪薪褨泻邪
pants,褕褌邪薪懈
paper,锌邪锌褨褉
parade,锌邪褉邪写
paragraph,邪斜蟹邪褑
parallel,锌邪褉邪谢械谢褜薪懈泄
parallel,锌邪褉邪谢械谢褜薪懈泄
parameter,锌邪褉邪屑械褌褉
parent,斜邪褌褜泻芯
parental,斜邪褌褜泻褨胁褋褜泻懈泄
parish,锌邪褉邪褎褨褟
park,锌邪褉泻
park,锌邪褉泻
parking,锌邪褉泻芯胁泻邪
parliament,锌邪褉谢邪屑械薪褌
parliamentary,锌邪褉谢邪屑械薪褌褋褜泻懈泄
part,褔邪褋褌懈薪邪
part-time,薪械锌芯胁薪懈泄 褉芯斜芯褔懈泄 写械薪褜
partial,褔邪褋褌泻芯胁懈泄
partially,褔邪褋褌泻芯胁芯
participant,褍褔邪褋薪懈泻
participate,斜褉邪褌懈 褍褔邪褋褌褜
participation,褍褔邪褋褌褜
particular,芯褋芯斜谢懈胁懈泄
particularly,蟹芯泻褉械屑邪
partly,褔邪褋褌泻芯胁芯
partner,锌邪褉褌薪械褉
partnership,锌邪褉褌薪械褉褋褌胁芯
party,胁械褔褨褉泻邪
pass,锌械褉械锌褍褋褌泻邪
pass,锌械褉械锌褍褋褌泻邪
passage,锌褉芯褏褨写
passenger,锌邪褋邪卸懈褉
passing,屑懈屑芯褏褨写褜
passion,锌褉懈褋褌褉邪褋褌褜
passionate,锌褉懈褋褌褉邪褋薪懈泄
passive,锌邪褋懈胁薪懈泄
passport,锌邪褋锌芯褉褌
password,锌邪褉芯谢褜
past,屑懈薪褍谢械
past,屑懈薪褍谢械
past,屑懈薪褍谢械
past,屑懈薪褍谢械
pastor,锌邪褋褌芯褉
patch,谢邪褌泻邪
patent,锌邪褌械薪褌
path,褕谢褟褏
pathway,褕谢褟褏
patience,褌械褉锌褨薪薪褟
patient,锌邪褑褨褦薪褌
patient,锌邪褑褨褦薪褌
patrol,锌邪褌褉褍谢褜
patrol,锌邪褌褉褍谢褜
patron,锌芯泻褉芯胁懈褌械谢褜
pattern,褕邪斜谢芯薪
pause,锌邪褍蟹邪
pause,锌邪褍蟹邪
pay,锌谢邪褌懈褌懈
pay,锌谢邪褌懈褌懈
payment,芯锌谢邪褌邪
peace,屑懈褉
peaceful,屑懈褉薪懈泄
peak,锌褨泻
peasant,褋械谢褟薪懈薪
peculiar,褋胁芯褦褉褨写薪懈泄
peer,芯写薪芯谢褨褌芯泻
pen,褉褍褔泻邪
penalty,褕褌褉邪褎
pencil,芯谢褨胁械褑褜
penny,锌械薪薪褨
pension,锌械薪褋褨褟
people,谢褞写懈
pepper,锌械褉械褑褜
per,蟹邪
per cent,胁褨写褋芯褌芯泻
per cent,胁褨写褋芯褌芯泻
per cent,胁褨写褋芯褌芯泻
perceive,褋锌褉懈泄屑邪褌懈
percentage,胁褨写褋芯褌芯泻
perception,褋锌褉懈泄薪褟褌褌褟
perfect,褨写械邪谢褜薪懈泄
perfectly,写芯褋泻芯薪邪谢芯
perform,胁懈泻芯薪褍胁邪褌懈
performance,锌褉芯写褍泻褌懈胁薪褨褋褌褜
perhaps,屑芯卸谢懈胁芯.
period,锌械褉褨芯写
permanent,锌芯褋褌褨泄薪懈泄
permanently,薪邪蟹邪胁卸写懈
permission,写芯蟹胁褨谢
permit,写芯蟹胁褨谢
permit,写芯蟹胁褨谢
persist,薪械 胁褨写褋褌褍锌邪褌懈
persistent,薪邪锌芯谢械谐谢懈胁懈泄
person,谢褞写懈薪邪
personal,芯褋芯斜懈褋褌懈泄
personality,芯褋芯斜懈褋褌褨褋褌褜
personally,芯褋芯斜懈褋褌芯
personnel,锌械褉褋芯薪邪谢
perspective,锌械褉褋锌械泻褌懈胁邪
persuade,锌械褉械泻芯薪褍胁邪褌懈
pet,写芯屑邪褕薪褟 褌胁邪褉懈薪邪
petition,锌械褌懈褑褨褟
petrol,斜械薪蟹懈薪
phase,褎邪蟹邪
phenomenon,褎械薪芯屑械薪
philosopher,褎褨谢芯褋芯褎
philosophical,褎褨谢芯褋芯褎褋褜泻懈泄
philosophy,褎褨谢芯褋芯褎褨褟
phone,褌械谢械褎芯薪
phone,褌械谢械褎芯薪
photo,褎芯褌芯
photograph,褎芯褌芯谐褉邪褎褨褟
photograph,褎芯褌芯谐褉邪褎褨褟
photographer,褎芯褌芯谐褉邪褎
photography,褎芯褌芯谐褉邪褎褨褟
phrase,褎褉邪蟹邪
physical,褎褨蟹懈褔薪懈泄
physician,谢褨泻邪褉
physics,褎褨蟹懈泻邪
piano,褎芯褉褌械锌褨邪薪芯
pick,胁懈斜懈褉邪褌懈
pick,胁懈斜懈褉邪褌懈
picture,泻邪褉褌懈薪邪
picture,泻邪褉褌懈薪邪
piece,褕屑邪褌芯泻
pig,褋胁懈薪褟
pile,泻褍锌邪
pile,泻褍锌邪
pill,褌邪斜谢械褌泻邪
pilot,锌褨谢芯褌
pin,褕锌懈谢褜泻邪
pin,褕锌懈谢褜泻邪
pink,褉芯卸械胁懈泄
pink,褉芯卸械胁懈泄
pioneer,锌械褉褕芯锌褉芯褏芯写械褑褜
pioneer,锌械褉褕芯锌褉芯褏芯写械褑褜
pipe,褌褉褍斜邪
pipeline,褌褉褍斜芯锌褉芯胁褨写
pirate,锌褨褉邪褌褋褜泻懈泄
pit,褟屑邪
pitch,泻褉芯泻
pity,卸邪谢褜
place,屑褨褋褑械
place,屑褨褋褑械
placement,褉芯蟹屑褨褖械薪薪褟
plain,蟹胁懈褔邪泄薪懈泄
plan,锌谢邪薪
plan,锌谢邪薪
plane,谢褨褌邪泻
planet,锌谢邪薪械褌邪
planning,锌谢邪薪褍胁邪薪薪褟
plant,蟹邪胁芯写
plant,蟹邪胁芯写
plastic,锌谢邪褋褌懈泻
plastic,锌谢邪褋褌懈泻
plate,褌邪褉褨谢泻邪
platform,锌谢邪褌褎芯褉屑邪
play,谐褉邪褌懈
play,谐褉邪褌懈
player,谐褉邪胁械褑褜
plea,斜谢邪谐邪薪薪褟
plead,斜谢邪谐邪褞
pleasant,锌褉懈褦屑薪懈泄
please,袘褍写褜 谢邪褋泻邪.
please,袘褍写褜 谢邪褋泻邪.
pleased,蟹邪写芯胁芯谢械薪懈泄
pleasure,蟹邪写芯胁芯谢械薪薪褟
pledge,蟹邪褋褌邪胁邪
pledge,蟹邪褋褌邪胁邪
plenty,斜邪谐邪褌芯
plot,褋褞卸械褌
plot,褋褞卸械褌
plug,胁懈谢泻邪
plug,胁懈谢泻邪
plunge,蟹邪薪褍褉懈褌懈褋褟
plus,锌谢褞褋
plus,锌谢褞褋
plus,锌谢褞褋
plus,锌谢褞褋
pocket,泻懈褕械薪褞
poem,胁褨褉褕
poet,锌芯械褌
poetry,锌芯械蟹褨褟
point,褌芯褔泻邪
point,褌芯褔泻邪
pointed,蟹邪谐芯褋褌褉械薪懈泄
poison,芯褌褉褍褌邪
poison,芯褌褉褍褌邪
poisonous,芯褌褉褍泄薪懈泄
pole,锌芯谢褞褋
police,锌芯谢褨褑褨褟
policeman,锌芯谢褨褑械泄褋褜泻懈泄
policy,锌芯谢褨褌懈泻邪
polite,胁胁褨褔谢懈胁懈泄
political,锌芯谢褨褌懈褔薪懈泄
politician,锌芯谢褨褌懈泻
politics,锌芯谢褨褌懈泻邪
poll,芯锌懈褌褍胁邪薪薪褟
pollution,蟹邪斜褉褍写薪械薪薪褟
pond,褋褌邪胁芯泻
pool,斜邪褋械泄薪
poor,斜褨写薪懈泄
pop,褏谢芯锌芯泻
pop,褏谢芯锌芯泻
pop,褏谢芯锌芯泻
popular,锌芯锌褍谢褟褉薪懈泄
popularity,锌芯锌褍谢褟褉薪褨褋褌褜
population,薪邪褋械谢械薪薪褟
port,锌芯褉褌
portfolio,锌芯褉褌褎芯谢褨芯
portion,褔邪褋褌懈薪邪
portrait,锌芯褉褌褉械褌
portray,蟹芯斜褉邪卸邪褌懈
pose,袩芯蟹邪
position,锌芯蟹懈褑褨褟
position,锌芯蟹懈褑褨褟
positive,锌芯蟹懈褌懈胁薪懈泄
positive,锌芯蟹懈褌懈胁薪懈泄
possess,胁芯谢芯写褨褌懈
possession,胁芯谢芯写褨薪薪褟
possibility,屑芯卸谢懈胁褨褋褌褜
possible,屑芯卸谢懈胁懈泄
possibly,屑芯卸谢懈胁芯.
post,锌芯褋褌
post,锌芯褋褌
post-war,锌褨褋谢褟胁芯褦薪薪懈泄
poster,锌谢邪泻邪褌
postpone,胁褨写泻谢邪褋褌懈
pot,谐芯褉褖懈泻
potato,泻邪褉褌芯锌谢褟
potential,锌芯褌械薪褑褨邪谢
potential,锌芯褌械薪褑褨邪谢
potentially,锌芯褌械薪褑褨泄薪芯
pound,褎褍薪褌
pour,薪邪谢懈胁邪褌懈
poverty,斜褨写薪褨褋褌褜
powder,锌芯褉芯褕芯泻
power,褋懈谢邪
power,褋懈谢邪
powerful,锌芯褌褍卸薪懈泄
practical,锌褉邪泻褌懈褔薪懈泄
practice,锌褉邪泻褌懈泻邪
practise,锌褉邪泻褌懈泻褍胁邪褌懈
practitioner,谢褨泻邪褉-锌褉邪泻褌懈泻
praise,锌芯褏胁邪谢邪
praise,锌芯褏胁邪谢邪
pray,屑芯谢懈褌懈褋褟.
prayer,屑芯谢懈褌胁邪
preach,锌褉芯锌芯胁褨写褍胁邪褌懈
precede,锌械褉械写褍胁邪褌懈
precedent,锌褉械褑械写械薪褌
precious,写芯褉芯谐芯褑褨薪薪懈泄
precise,褌芯褔薪懈泄
precisely,小邪屑械 褌邪泻.
precision,褌芯褔薪褨褋褌褜
predator,褏懈卸邪泻
predecessor,锌芯锌械褉械写薪懈泻
predict,锌械褉械写斜邪褔懈褌懈
predictable,锌械褉械写斜邪褔褍胁邪薪懈泄
prediction,锌褉芯谐薪芯蟹
predominantly,锌械褉械胁邪卸薪芯
prefer,胁褨写写邪胁邪褌懈 锌械褉械胁邪谐褍
preference,锌械褉械胁邪谐邪
pregnancy,胁邪谐褨褌薪褨褋褌褜
pregnant,胁邪谐褨褌薪邪
prejudice,褍锌械褉械写卸械薪薪褟
preliminary,锌芯锌械褉械写薪褨泄
premier,锌褉械屑'褦褉-屑褨薪褨褋褌褉
premise,锌褉懈屑褨褖械薪薪褟
premium,锌褉械屑褨褟
preparation,锌褨写谐芯褌芯胁泻邪
prepare,锌褨写谐芯褌褍胁邪褌懈褋褟
prepared,锌褨写谐芯褌芯胁谢械薪褨
prescribe,锌褉芯锌懈褋邪褌懈
prescription,褉械褑械锌褌
presence,锌褉懈褋褍褌薪褨褋褌褜
present,褌械锌械褉褨褕薪褨泄
present,褌械锌械褉褨褕薪褨泄
present,褌械锌械褉褨褕薪褨泄
presentation,锌褉械蟹械薪褌邪褑褨褟
presently,胁 写邪薪懈泄 褔邪褋
preservation,蟹斜械褉械卸械薪薪褟
preserve,蟹邪锌芯胁褨写薪懈泻
preside,谐芯谢芯胁褍褞褔懈泄
presidency,锌褉械蟹懈写械薪褌褋褌胁芯
president,锌褉械蟹懈写械薪褌
presidential,锌褉械蟹懈写械薪褌褋褜泻懈泄
press,锌褉械褋邪
press,锌褉械褋邪
pressure,褌懈褋泻
prestigious,锌褉械褋褌懈卸薪懈泄
presumably,褨屑芯胁褨褉薪芯
presume,锌褉懈锌褍褋泻邪褞.
pretend,锌褉懈泻懈写邪褌懈褋褟.
pretty,谐邪褉薪械薪褜泻邪.
pretty,谐邪褉薪械薪褜泻邪.
prevail,锌械褉械胁邪卸邪褞褌褜
prevalence,锌芯褕懈褉械薪褨褋褌褜
prevent,蟹邪锌芯斜褨谐邪褌懈
prevention,锌褉芯褎褨谢邪泻褌懈泻邪
previous,锌芯锌械褉械写薪褨泄
previously,褉邪薪褨褕械
prey,蟹写芯斜懈褔
price,褑褨薪邪
price,褑褨薪邪
pride,谐芯褉写褨褋褌褜
priest,褋胁褟褖械薪懈泻
primarily,胁 锌械褉褕褍 褔械褉谐褍
primary,锌械褉胁懈薪薪懈泄
prime,薪邪泄泻褉邪褖懈泄
prince,锌褉懈薪褑
princess,锌褉懈薪褑械褋邪
principal,写懈褉械泻褌芯褉
principal,写懈褉械泻褌芯褉
principle,锌褉懈薪褑懈锌
print,写褉褍泻
print,写褉褍泻
printer,锌褉懈薪褌械褉
printing,写褉褍泻
prior,锌芯锌械褉械写薪褨泄
priority,锌褉褨芯褉懈褌械褌
prison,胁'褟蟹薪懈褑褟
prisoner,胁'褟蟹械薪褜
privacy,锌褉懈胁邪褌薪褨褋褌褜
private,锌褉懈胁邪褌薪懈泄
privatization,锌褉懈胁邪褌懈蟹邪褑褨褟
privilege,锌褉懈胁褨谢械泄
prize,锌褉械屑褨褟
probability,泄屑芯胁褨褉薪褨褋褌褜
probable,泄屑芯胁褨褉薪芯
probably,屑芯卸谢懈胁芯.
probe,蟹芯薪写
probe,蟹芯薪写
problem,锌褉芯斜谢械屑邪
problematic,锌褉芯斜谢械屑邪褌懈褔薪懈泄
procedure,锌褉芯褑械写褍褉邪
proceed,锌褉芯写芯胁卸褍胁邪褌懈
proceeding,锌械褉械斜褨谐
proceeds,胁懈褉褍褔泻邪
process,锌褉芯褑械褋
process,锌褉芯褑械褋
processing,锌械褉械褉芯斜泻邪
processor,锌褉芯褑械褋芯褉
proclaim,锌褉芯谐芯谢芯褕褍褞
produce,胁懈褉芯斜谢褟褌懈
produce,胁懈褉芯斜谢褟褌懈
producer,锌褉芯写褞褋械褉
product,锌褉芯写褍泻褌
production,胁懈褉芯斜薪懈褑褌胁芯
productive,锌褉芯写褍泻褌懈胁薪懈泄
productivity,锌褉芯写褍泻褌懈胁薪褨褋褌褜
profession,锌褉芯褎械褋褨褟
professional,锌褉芯褎械褋褨泄薪懈泄
professional,锌褉芯褎械褋褨泄薪懈泄
professor,锌褉芯褎械褋芯褉
profile,锌褉芯褎褨谢褜
profit,锌褉懈斜褍褌芯泻
profitable,锌褉懈斜褍褌泻芯胁懈泄
profound,谐谢懈斜芯泻懈泄
program,锌褉芯谐褉邪屑邪
program,锌褉芯谐褉邪屑邪
programme,锌褉芯谐褉邪屑邪
programming,锌褉芯谐褉邪屑褍胁邪薪薪褟
progress,锌褉芯谐褉械褋
progress,锌褉芯谐褉械褋
progressive,锌褉芯谐褉械褋懈胁薪懈泄
prohibit,蟹邪斜芯褉芯薪褟褌懈
project,锌褉芯械泻褌
project,锌褉芯械泻褌
projection,锌褉芯械泻褑褨褟
prominent,胁懈写邪褌薪懈泄
promise,袨斜褨褑褟薪泻邪
promise,袨斜褨褑褟薪泻邪
promising,斜邪谐邪褌芯芯斜褨褑褟褞褔懈泄
promote,锌褉芯褋褍胁邪褌懈
promotion,锌褉芯褋褍胁邪薪薪褟
prompt,锌褨写泻邪蟹泻邪
pronounce,胁懈谐芯谢芯褋懈褌懈
pronounced,袙懈屑芯胁谢械薪芯
proof,写芯泻邪蟹
propaganda,锌褉芯锌邪谐邪薪写邪
proper,胁谢邪褋薪械
properly,薪邪谢械卸薪懈屑 褔懈薪芯屑
property,胁谢邪褋薪褨褋褌褜
proportion,褔邪褋褌泻邪
proposal,锌褉芯锌芯蟹懈褑褨褟
propose,锌褉芯锌芯薪褍褞
proposition,锌褉芯锌芯蟹懈褑褨褟
prosecute,锌械褉械褋谢褨写褍胁邪褌懈
prosecution,锌械褉械褋谢褨写褍胁邪薪薪褟
prosecutor,锌褉芯泻褍褉芯褉
prospect,锌械褉褋锌械泻褌懈胁邪
prospective,锌械褉褋锌械泻褌懈胁薪懈泄
prosperity,锌褉芯褑胁褨褌邪薪薪褟
protect,蟹邪褏懈褖邪褌懈
protection,蟹邪褏懈褋褌
protective,蟹邪褏懈褋薪懈泄
protein,斜褨谢芯泻
protest,锌褉芯褌械褋褌
protest,锌褉芯褌械褋褌
protester,锌褉芯褌械褋褌褍胁邪谢褜薪懈泻
protocol,锌褉芯褌芯泻芯谢
proud,谐芯褉写懈泄
prove,写芯胁械褋褌懈
provide,蟹邪斜械蟹锌械褔懈褌懈
province,锌褉芯胁褨薪褑褨褟
provincial,锌褉芯胁褨薪褑褨泄薪懈泄
provision,锌芯谢芯卸械薪薪褟
provoke,褋锌褉芯胁芯泻褍胁邪褌懈
psychiatric,锌褋懈褏褨邪褌褉懈褔薪懈泄
psychological,锌褋懈褏芯谢芯谐褨褔薪懈泄
psychologist,锌褋懈褏芯谢芯谐
psychology,锌褋懈褏芯谢芯谐褨褟
pub,锌邪斜
public,谐褉芯屑邪写褋褜泻懈泄
public,谐褉芯屑邪写褋褜泻懈泄
publication,锌褍斜谢褨泻邪褑褨褟
publicity,锌褍斜谢褨褔薪褨褋褌褜
publish,锌褍斜谢褨泻褍胁邪褌懈
publishing,胁懈写邪胁薪懈褔邪 褋锌褉邪胁邪
pull,褌褟谐薪懈
pull,褌褟谐薪懈
pulse,锌褍谢褜褋
pump,薪邪褋芯褋
pump,薪邪褋芯褋
punch,褍写邪褉
punch,褍写邪褉
punish,泻邪褉邪褌懈
punishment,锌芯泻邪褉邪薪薪褟
punk,锌邪薪泻
pupil,褍褔械薪褜
purchase,泻褍锌褨胁谢褟
purchase,泻褍锌褨胁谢褟
pure,褔懈褋褌懈泄
purely,褋褍褌芯
purple,褎褨芯谢械褌芯胁懈泄
purple,褎褨芯谢械褌芯胁懈泄
purpose,屑械褌邪
pursue,锌械褉械褋谢褨写褍胁邪褌懈
pursuit,锌械褉械褋谢褨写褍胁邪薪薪褟
push,锌芯褕褌芯胁褏
push,锌芯褕褌芯胁褏
put,锌芯泻谢邪褋褌懈
puzzle,锌邪蟹谢
qualification,泻胁邪谢褨褎褨泻邪褑褨褟
qualified,泻胁邪谢褨褎褨泻芯胁邪薪懈泄
qualify,泻胁邪谢褨褎褨泻褍胁邪褌懈褋褟
quality,褟泻褨褋褌褜
quantity,泻褨谢褜泻褨褋褌褜
quarter,泻胁邪褉褌邪谢
queen,泻芯褉芯谢械胁邪
query,蟹邪锌懈褌
quest,泻胁械褋褌
question,锌懈褌邪薪薪褟
question,锌懈褌邪薪薪褟
questionnaire,邪薪泻械褌邪
queue,褔械褉谐邪
queue,褔械褉谐邪
quick,楔胁懈写褕械.
quickly,褕胁懈写泻芯
quiet,褌懈褏芯
quietly,孝懈褏芯.
quit,蟹胁褨谢褜薪懈褌懈褋褟.
quite,写芯褋懈褌褜
quota,泻胁芯褌邪
quotation,褑懈褌邪褌邪
quote,褑懈褌邪褌邪
quote,褑懈褌邪褌邪
race,锌械褉械谐芯薪懈
race,锌械褉械谐芯薪懈
racial,褉邪褋芯胁懈泄
racing,锌械褉械谐芯薪懈
racism,褉邪褋懈蟹屑
racist,褉邪褋懈褋褌褋褜泻懈泄
racist,褉邪褋懈褋褌褋褜泻懈泄
radar,褉邪写邪褉
radiation,胁懈锌褉芯屑褨薪褞胁邪薪薪褟
radical,褉邪写懈泻邪谢褜薪懈泄
radio,褉邪写褨芯
rage,谢褞褌褜
raid,褉械泄写
raid,褉械泄写
rail,蟹邪谢褨蟹薪懈褑褟
railway,蟹邪谢褨蟹薪懈褑褟
rain,写芯褖
rain,写芯褖
raise,锌褨写胁懈褖懈褌懈
rally,屑褨褌懈薪谐
rally,屑褨褌懈薪谐
random,胁懈锌邪写泻芯胁懈泄
range,写褨邪锌邪蟹芯薪
range,写褨邪锌邪蟹芯薪
rank,褉邪薪谐
rank,褉邪薪谐
ranking,褉械泄褌懈薪谐
rape,蟹覒胁邪谢褌褍胁邪薪薪褟
rape,蟹覒胁邪谢褌褍胁邪薪薪褟
rapid,褕胁懈写泻懈泄
rapidly,褕胁懈写泻芯
rare,褉褨写泻褨褋薪懈泄
rarely,褉褨写泻芯
rat,褖褍褉
rate,褕胁懈写泻褨褋褌褜
rate,褕胁懈写泻褨褋褌褜
rather,褋泻芯褉褨褕械
rating,褉械泄褌懈薪谐
ratio,褋锌褨胁胁褨写薪芯褕械薪薪褟
rational,褉邪褑褨芯薪邪谢褜薪懈泄
raw,褋懈褉懈泄
ray,锌褉芯屑褨薪褜
reach,芯褏芯锌谢械薪薪褟
reach,芯褏芯锌谢械薪薪褟
react,褉械邪谐褍胁邪褌懈
reaction,褉械邪泻褑褨褟
read,褔懈褌邪褌懈
reader,褔懈褌邪褔
readily,蟹 谢械谐泻褨褋褌褞
reading,褔懈褌邪薪薪褟
ready,袚芯褌芯胁懈泄
real,褋锌褉邪胁卸薪褨泄
realistic,褉械邪谢褨褋褌懈褔薪懈泄
reality,褉械邪谢褜薪褨褋褌褜
realization,褉械邪谢褨蟹邪褑褨褟
realize,褍褋胁褨写芯屑谢褞褞
really,褋锌褉邪胁写褨
realm,褋褎械褉邪
rear,褌懈谢
rear,褌懈谢
reason,锌褉懈褔懈薪邪
reasonable,褉芯蟹褍屑薪懈泄
reasonably,褉芯蟹褍屑薪芯
reasoning,屑褨褉泻褍胁邪薪薪褟
reassure,蟹邪褋锌芯泻芯褩褌懈
rebel,斜褍薪褌邪褉.
rebellion,斜褍薪褌
rebuild,胁褨写薪芯胁懈褌懈
recall,薪邪谐邪写邪褌懈
receipt,泻胁懈褌邪薪褑褨褟
receive,芯褌褉懈屑邪褌懈
receiver,锌褉懈泄屑邪褔
recent,薪械写邪胁薪褨泄
recently,薪械褖芯写邪胁薪芯
reception,锌褉懈泄芯屑
recession,褉械褑械褋褨褟
recipe,褉械褑械锌褌
recipient,芯写械褉卸褍胁邪褔
reckon,胁胁邪卸邪褞.
recognition,胁懈蟹薪邪薪薪褟
recognize,褉芯蟹锌褨蟹薪邪褌懈
recommend,褉械泻芯屑械薪写褍胁邪褌懈
recommendation,褉械泻芯屑械薪写邪褑褨褟
reconstruction,褉械泻芯薪褋褌褉褍泻褑褨褟
record,蟹邪锌懈褋
record,蟹邪锌懈褋
recording,蟹邪锌懈褋
recount,锌械褉械褉邪褏褍胁邪褌懈
recover,芯写褍卸邪褌懈
recovery,胁褨写薪芯胁谢械薪薪褟
recruit,褉械泻褉褍褌
recruit,褉械泻褉褍褌
recruitment,锌褨写斜褨褉 锌械褉褋芯薪邪谢褍
recycle,锌械褉械褉芯斜谢褟褌懈
red,褔械褉胁芯薪懈泄
red,褔械褉胁芯薪懈泄
reduce,蟹屑械薪褕懈褌懈
reduction,蟹屑械薪褕械薪薪褟
refer,锌芯褋懈谢邪褌懈褋褟
referee,褉械褎械褉褨
reference,锌芯褋懈谢邪薪薪褟
referendum,褉械褎械褉械薪写褍屑
reflect,褉芯蟹写褍屑褍胁邪褌懈
reflection,褉械褎谢械泻褋褨褟
reform,褉械褎芯褉屑邪
reform,褉械褎芯褉屑邪
refuge,锌褉懈褌褍谢芯泻
refugee,斜褨卸械薪械褑褜
refusal,胁褨写屑芯胁邪
refuse,胁褨写屑芯胁懈褌懈褋褟
regain,胁褨写薪芯胁懈褌懈
regard,胁褨写薪芯褕械薪薪褟
regard,胁褨写薪芯褕械薪薪褟
regardless,薪械蟹邪谢械卸薪芯 胁褨写 褌芯谐芯.
regime,褉械卸懈屑
region,褉械谐褨芯薪
regional,褉械谐褨芯薪邪谢褜薪懈泄
register,褉械褦褋褌褉
register,褉械褦褋褌褉
registration,褉械褦褋褌褉邪褑褨褟
regret,卸邪谢褜
regret,卸邪谢褜
regular,蟹胁懈褔邪泄薪懈泄
regularly,褉械谐褍谢褟褉薪芯
regulate,褉械谐褍谢褞胁邪褌懈
regulation,褉械谐褍谢褞胁邪薪薪褟
regulator,褉械谐褍谢褟褌芯褉
regulatory,褉械谐褍谢褟褌芯褉薪懈泄
rehabilitation,褉械邪斜褨谢褨褌邪褑褨褟
reign,锌邪薪褍胁邪薪薪褟
reign,锌邪薪褍胁邪薪薪褟
reinforce,锌芯褋懈谢懈褌懈
reject,胁褨写泻懈薪褍褌懈
rejection,胁褨写屑芯胁邪
relate,褋褌芯褋褍胁邪褌懈褋褟
related,锌芯胁'褟蟹邪薪懈泄
relation,胁褨写薪芯褕械薪薪褟
relationship,褋褌芯褋褍薪泻懈
relative,褉芯写懈褔
relative,褉芯写懈褔
relatively,胁褨写薪芯褋薪芯
relax,褉芯蟹褋谢邪斜懈褌懈褋褟
relaxed,褉芯蟹褋谢邪斜谢械薪懈泄
relaxing,褉芯蟹褋谢邪斜谢褟褞褔懈泄
release,褉械谢褨蟹
release,褉械谢褨蟹
relevance,邪泻褌褍邪谢褜薪褨褋褌褜
relevant,胁褨写锌芯胁褨写薪懈泄
reliability,薪邪写褨泄薪褨褋褌褜
reliable,薪邪写褨泄薪懈泄
relief,锌芯谢械谐褕械薪薪褟
relieve,锌芯谢械谐褕懈褌懈
relieved,蟹 锌芯谢械谐褕械薪薪褟屑
religion,褉械谢褨谐褨褟
religious,褉械谢褨谐褨泄薪懈泄
reluctant,薪械芯褏芯褔械
rely,锌芯泻谢邪写邪褌懈褋褟
remain,蟹邪谢懈褕邪褞褌褜褋褟
remainder,褉械褕褌邪
remains,蟹邪谢懈褕泻懈
remark,蟹邪褍胁邪卸械薪薪褟
remark,蟹邪褍胁邪卸械薪薪褟
remarkable,褔褍写芯胁懈泄
remarkably,薪邪 写懈胁芯.
remedy,蟹邪褋褨斜
remember,锌邪屑'褟褌邪泄褌械
remind,薪邪谐邪写邪褌懈
reminder,薪邪谐邪写褍胁邪薪薪褟
remote,锌褍谢褜褌
removal,胁懈写邪谢械薪薪褟
remove,胁懈写邪谢懈褌懈
render,褉械薪写械褉懈褌懈
renew,锌芯薪芯胁懈褌懈
renowned,胁褨写芯屑懈泄
rent,芯褉械薪写邪
rent,芯褉械薪写邪
rental,芯褉械薪写邪
repair,褉械屑芯薪褌
repair,褉械屑芯薪褌
repeat,锌芯胁褌芯褉懈褌懈
repeat,锌芯胁褌芯褉懈褌懈
repeated,袩芯胁褌芯褉褞褦褌褜褋褟
replace,蟹邪屑褨薪懈褌懈
replacement,蟹邪屑褨薪邪
reply,胁褨写锌芯胁褨写褜
reply,胁褨写锌芯胁褨写褜
report,写芯锌芯胁褨写褜
report,写芯锌芯胁褨写褜
reportedly,携泻 锌芯胁褨写芯屑谢褟褦褌褜褋褟.
reporter,褉械锌芯褉褌械褉
reporting,蟹胁褨褌薪褨褋褌褜
represent,锌褉械写褋褌邪胁谢褟褌懈
representation,锌褉械写褋褌邪胁薪懈褑褌胁芯
representative,锌褉械写褋褌邪胁薪懈泻
representative,锌褉械写褋褌邪胁薪懈泻
reproduce,褉芯蟹屑薪芯卸褍胁邪褌懈褋褟
reproduction,褉芯蟹屑薪芯卸械薪薪褟
republic,褉械褋锌褍斜谢褨泻邪
reputation,褉械锌褍褌邪褑褨褟
request,蟹邪锌懈褌
request,蟹邪锌懈褌
require,胁懈屑邪谐邪褌懈
requirement,胁懈屑芯谐邪
rescue,锌芯褉褟褌褍薪芯泻
rescue,锌芯褉褟褌褍薪芯泻
research,写芯褋谢褨写卸械薪薪褟
research,写芯褋谢褨写卸械薪薪褟
researcher,写芯褋谢褨写薪懈泻
resemble,薪邪谐邪写褍褞褌褜
reservation,斜褉芯薪褞胁邪薪薪褟
reserve,蟹邪锌芯胁褨写薪懈泻
reserve,蟹邪锌芯胁褨写薪懈泻
reside,锌褉芯卸懈胁邪褌懈
residence,屑褨褋褑械 锌褉芯卸懈胁邪薪薪褟
resident,褉械蟹懈写械薪褌
resident,褉械蟹懈写械薪褌
residential,卸懈褌谢芯胁懈泄
residue,蟹邪谢懈褕芯泻
resign,锌褨褌懈 褍 胁褨写褋褌邪胁泻褍.
resignation,胁褨写褋褌邪胁泻邪
resist,褔懈薪懈褌懈 芯锌褨褉
resistance,芯锌褨褉
resolution,写芯蟹胁褨谢
resolve,褉褨褕褍褔褨褋褌褜
resort,泻褍褉芯褉褌
resource,褉械褋褍褉褋
respect,锌芯胁邪谐邪
respect,锌芯胁邪谐邪
respective,胁褨写锌芯胁褨写薪懈泄
respectively,胁褨写锌芯胁褨写薪芯
respond,胁褨写锌芯胁褨褋褌懈
response,胁褨写锌芯胁褨写褜
responsibility,胁褨写锌芯胁褨写邪谢褜薪褨褋褌褜
responsible,胁褨写锌芯胁褨写邪谢褜薪懈泄
rest,胁褨写锌芯褔懈薪芯泻
rest,胁褨写锌芯褔懈薪芯泻
restaurant,褉械褋褌芯褉邪薪
restoration,褉械褋褌邪胁褉邪褑褨褟
restore,胁褨写薪芯胁懈褌懈
restraint,褋褌褉懈屑邪薪褨褋褌褜
restrict,芯斜屑械卸懈褌懈
restriction,芯斜屑械卸械薪薪褟
result,褉械蟹褍谢褜褌邪褌
result,褉械蟹褍谢褜褌邪褌
resume,褉械蟹褞屑械
retail,褉芯蟹写褉褨斜薪邪 褌芯褉谐褨胁谢褟
retain,褍褌褉懈屑褍胁邪褌懈
retire,锌褨褌懈 薪邪 锌械薪褋褨褞
retired,褍 胁褨写褋褌邪胁褑褨
retirement,胁懈褏褨写 薪邪 锌械薪褋褨褞
retreat,锌褉懈褌褍谢芯泻
retreat,锌褉懈褌褍谢芯泻
retrieve,芯褌褉懈屑邪褌懈
return,锌芯胁械褉薪械薪薪褟
return,锌芯胁械褉薪械薪薪褟
reveal,褉芯蟹泻褉懈褌懈
revelation,芯写泻褉芯胁械薪薪褟
revenge,锌芯屑褋褌邪
revenue,写芯褏褨写
reverse,褉械胁械褉褋
reverse,褉械胁械褉褋
reverse,褉械胁械褉褋
review,芯谐谢褟写
review,芯谐谢褟写
revise,锌械褉械谐谢褟薪褍褌懈
revision,褉械胁褨蟹褨褟
revival,胁褨写褉芯写卸械薪薪褟
revive,胁褨写褉芯写懈褌懈褋褟
revolution,褉械胁芯谢褞褑褨褟
revolutionary,褉械胁芯谢褞褑褨泄薪懈泄
reward,胁懈薪邪谐芯褉芯写邪
reward,胁懈薪邪谐芯褉芯写邪
rhetoric,褉懈褌芯褉懈泻邪
rhythm,褉懈褌屑
rice,褉懈褋
rich,斜邪谐邪褌懈泄
rid,锌芯蟹斜邪胁谢械薪懈泄
ride,褩褏邪褌懈
ride,褩褏邪褌懈
ridiculous,斜械蟹谐谢褍蟹写芯.
rifle,谐胁懈薪褌褨胁泻邪
right,孝邪泻.
right,孝邪泻.
right,孝邪泻.
ring,泻褨谢褜褑械
ring,泻褨谢褜褑械
riot,斜褍薪褌
rip,褉懈锌
rise,锌褨写薪褨屑邪褌懈褋褟
rise,锌褨写薪褨屑邪褌懈褋褟
risk,褉懈蟹懈泻
risk,褉懈蟹懈泻
risky,褉懈蟹懈泻芯胁邪薪芯
ritual,褉懈褌褍邪谢
rival,褋褍锌械褉薪懈泻
rival,褋褍锌械褉薪懈泻
river,褉褨褔泻邪
road,写芯褉芯谐邪
rob,谐褉邪斜褍胁邪褌懈
robbery,锌芯谐褉邪斜褍胁邪薪薪褟
robot,褉芯斜芯褌
robust,屑褨褑薪懈泄
rock,褋泻械谢褟
rock,褋泻械谢褟
rocket,褉邪泻械褌邪
rod,褋褌褉懈卸械薪褜
role,褉芯谢褜
roll,褉褍谢芯薪
roll,褉褍谢芯薪
romance,褉芯屑邪薪褌懈泻邪
romantic,褉芯屑邪薪褌懈褔薪懈泄
roof,写邪褏
room,泻褨屑薪邪褌邪
root,泻芯褉褨薪褜
rope,屑芯褌褍蟹泻邪
rose,褌褉芯褟薪写邪
rotate,芯斜械褉褌邪褌懈褋褟
rotation,芯斜械褉褌邪薪薪褟
rough,谐褉褍斜芯
roughly,锌褉懈斜谢懈蟹薪芯
round,泻褉褍谐谢懈泄
round,泻褉褍谐谢懈泄
round,泻褉褍谐谢懈泄
round,泻褉褍谐谢懈泄
route,屑邪褉褕褉褍褌
routine,褉褍褌懈薪邪
routine,褉褍褌懈薪邪
row,袪褟写
royal,泻芯褉芯谢褨胁褋褜泻懈泄
rub,锌芯褌褉褨褌褜
rubber,谐褍屑邪
rubber,谐褍屑邪
rubbish,褋屑褨褌褌褟
rude,谐褉褍斜芯.
rugby,褉械谐斜褨
ruin,褉褍褩薪邪
ruin,褉褍褩薪邪
rule,锌褉邪胁懈谢芯
rule,锌褉邪胁懈谢芯
ruling,锌芯褋褌邪薪芯胁邪
rumour,褔褍褌泻懈
run,斜褨谐褌懈
run,斜褨谐褌懈
runner,斜褨谐褍薪
running,斜褨谐
rural,褋褨谢褜褋褜泻懈泄
rush,锌芯褋锌褨褕邪泄
rush,锌芯褋锌褨褕邪泄
sack,屑褨褕芯泻
sacred,褋胁褟褖械薪薪懈泄
sacrifice,卸械褉褌胁芯锌褉懈薪芯褕械薪薪褟
sacrifice,卸械褉褌胁芯锌褉懈薪芯褕械薪薪褟
sad,褋褍屑薪懈泄
sadly,袧邪 卸邪谢褜.
safe,斜械蟹锌械褔薪懈泄
safety,斜械蟹锌械泻邪
sail,胁褨褌褉懈谢芯
sail,胁褨褌褉懈谢芯
sailing,胁褨褌褉懈谢褜薪懈泄 褋锌芯褉褌
sailor,屑芯褉褟泻
saint,褋胁褟褌懈泄
sake,褋邪泻械
salad,褋邪谢邪褌
salary,蟹邪褉锌谢邪褌邪
sale,锌褉芯写邪卸
salt,褋褨谢褜
same,褌械 褋邪屑械
same,褌械 褋邪屑械
same,褌械 褋邪屑械
sample,蟹褉邪蟹芯泻
sample,蟹褉邪蟹芯泻
sanction,褋邪薪泻褑褨褟
sand,锌褨褋芯泻
sandwich,斜褍褌械褉斜褉芯写
satellite,褋褍锌褍褌薪懈泻
satisfaction,蟹邪写芯胁芯谢械薪薪褟
satisfied,蟹邪写芯胁芯谢械薪懈泄
satisfy,蟹邪写芯胁芯谢褜薪懈褌懈
Saturday,小褍斜芯褌邪
sauce,褋芯褍褋
save,蟹斜械褉械谐褌懈
saving,械泻芯薪芯屑褨褟
say,褋泻邪卸褨屑芯.
say,褋泻邪卸褨屑芯.
scale,屑邪褋褕褌邪斜
scan,褋泻邪薪褍胁邪薪薪褟
scandal,褋泻邪薪写邪谢
scare,锌械褉械谢褟泻
scare,锌械褉械谢褟泻
scared,薪邪谢褟泻邪薪邪.
scary,褋褌褉邪褕薪芯.
scattered,褉芯蟹泻懈写邪薪褨
scenario,褋褑械薪邪褉褨泄
scene,褋褑械薪邪
sceptical,褋泻械锌褌懈褔薪芯
schedule,褉芯蟹泻谢邪写
schedule,褉芯蟹泻谢邪写
scheme,褋褏械屑邪
scholar,胁褔械薪懈泄
scholarship,褋褌懈锌械薪写褨褟
school,褕泻芯谢邪
science,薪邪褍泻邪
scientific,薪邪褍泻芯胁懈泄
scientist,胁褔械薪懈泄
scope,褋褎械褉邪
score,芯褑褨薪泻邪
score,芯褑褨薪泻邪
scratch,锌芯写褉褟锌懈薪邪
scratch,锌芯写褉褟锌懈薪邪
scream,泻褉懈褔邪褌懈
scream,泻褉懈褔邪褌懈
screen,械泻褉邪薪
screen,械泻褉邪薪
screening,褋泻褉懈薪褨薪谐
screw,谐胁懈薪褌
screw,谐胁懈薪褌
script,褋褑械薪邪褉褨泄
scrutiny,锌械褉械胁褨褉泻邪
sculpture,褋泻褍谢褜锌褌褍褉邪
sea,屑芯褉械
seal,锌械褔邪褌泻邪
seal,锌械褔邪褌泻邪
search,锌芯褕褍泻
search,锌芯褕褍泻
season,褋械蟹芯薪
seat,屑褨褋褑械
seat,屑褨褋褑械
second,写褉褍谐懈泄
second,写褉褍谐懈泄
second,写褉褍谐懈泄
second,写褉褍谐懈泄
secondary,胁褌芯褉懈薪薪懈泄
secondly,锌芯-写褉褍谐械.
secret,褌邪褦屑薪懈褑褟
secret,褌邪褦屑薪懈褑褟
secretary,褋械泻褉械褌邪褉
section,褉芯蟹写褨谢
sector,褋械泻褌芯褉
secular,褋胁褨褌褋褜泻懈泄
secure,斜械蟹锌械褔薪懈泄
secure,斜械蟹锌械褔薪懈泄
security,斜械蟹锌械泻邪
see,袛懈胁褨褌褜褋褟.
seed,薪邪褋褨薪薪褟
seek,褕褍泻邪褌懈
seeker,褕褍泻邪褔
seem,蟹写邪褦褌褜褋褟.
seemingly,蟹写邪胁邪谢芯褋褟 斜.
segment,褋械谐屑械薪褌
seize,蟹邪褏芯锌懈褌懈
seldom,褉褨写泻芯
select,胁懈斜褉邪褌懈
selection,胁懈斜褨褉
selective,胁懈斜褨褉泻芯胁懈泄
self,褋械斜械
sell,锌褉芯写邪胁邪褌懈
seminar,褋械屑褨薪邪褉
senator,褋械薪邪褌芯褉
send,胁褨写锌褉邪胁懈褌懈
senior,褋褌邪褉褕懈泄
sensation,褋械薪褋邪褑褨褟
sense,褋械薪褋
sense,褋械薪褋
sensible,褉芯蟹褍屑薪懈泄
sensitive,褔褍褌谢懈胁懈泄
sensitivity,褔褍褌谢懈胁褨褋褌褜
sentence,胁懈褉芯泻
sentence,胁懈褉芯泻
sentiment,薪邪褋褌褉褨泄
separate,芯泻褉械屑懈泄
separate,芯泻褉械屑懈泄
separation,褉芯蟹写褨谢械薪薪褟
September,袙械褉械褋械薪褜
sequence,锌芯褋谢褨写芯胁薪褨褋褌褜
serial,褋械褉褨泄薪懈泄
series,褋械褉褨褟
serious,褋械褉泄芯蟹薪懈泄
seriously,小械褉泄芯蟹薪芯.
servant,褋谢褍谐邪
serve,褋谢褍卸懈褌懈
service,锌芯褋谢褍谐邪
session,褋械褋褨褟
set,薪邪斜褨褉
set,薪邪斜褨褉
set-up,薪邪谢邪褕褌褍胁邪薪薪褟
setting,薪邪谢邪褕褌褍胁邪薪薪褟
settle,蟹邪褋锌芯泻芯褩褌懈褋褟
settlement,锌芯褋械谢械薪薪褟
settler,锌芯褋械谢械薪械褑褜
seven,褋褨屑
seventeen,褋褨屑薪邪写褑褟褌褜
seventy,褋褨屑写械褋褟褌
several,泻褨谢褜泻邪
several,泻褨谢褜泻邪
severe,褋褍胁芯褉懈泄
severely,写褍卸械 褋械褉泄芯蟹薪芯.
sex,褋械泻褋
sexual,褋械泻褋褍邪谢褜薪懈泄
sexuality,褋械泻褋褍邪谢褜薪褨褋褌褜
sexy,褋械泻褋褍邪谢褜薪懈泄
shade,胁褨写褌褨薪芯泻
shadow,褌褨薪褜
shake,褌褉褟褋褌懈
shake,褌褉褟褋褌懈
shall,锌芯胁懈薪械薪
shallow,薪械谐谢懈斜芯泻懈泄
shame,褋芯褉芯屑.
shape,褎芯褉屑邪
shape,褎芯褉屑邪
shaped,褍 褎芯褉屑褨
share,褔邪褋褌泻邪
share,褔邪褋褌泻邪
shareholder,邪泻褑褨芯薪械褉
sharp,谐芯褋褌褉懈泄
shatter,褉芯蟹斜懈褌懈褋褟
she,胁芯薪邪
shed,褋邪褉邪泄
sheep,胁褨胁褑褨
sheer,褔懈褋褌褨褋褨薪褜泻懈泄
sheet,邪褉泻褍褕
shelf,锌芯谢懈褑褟
shell,芯斜芯谢芯薪泻邪
shelter,锌褉懈褌褍谢芯泻
shelter,锌褉懈褌褍谢芯泻
shift,蟹屑褨薪邪
shift,蟹屑褨薪邪
shine,斜谢懈褋泻
shiny,斜谢懈褋泻褍褔懈泄
ship,泻芯褉邪斜械谢褜
ship,泻芯褉邪斜械谢褜
shipping,褋褍写薪芯锌谢邪胁褋褌胁芯
shirt,褋芯褉芯褔泻邪
shock,褕芯泻
shock,褕芯泻
shocked,褕芯泻芯胁邪薪懈泄
shocking,褕芯泻褍褞褔械
shoe,褔械褉械胁懈泻
shoot,褋褌褉褨谢褟薪懈薪邪
shoot,褋褌褉褨谢褟薪懈薪邪
shooting,褋褌褉褨谢褟薪懈薪邪
shop,屑邪谐邪蟹懈薪
shop,屑邪谐邪蟹懈薪
shopping,褕芯锌褨薪谐
shore,斜械褉械谐
short,泻芯褉芯褌泻懈泄
short-term,泻芯褉芯褌泻芯褋褌褉芯泻芯胁懈泄
shortage,写械褎褨褑懈褌
shortly,薪械蟹邪斜邪褉芯屑
shot,锌芯褋褌褉褨谢
should,锌芯胁懈薪械薪
shoulder,锌谢械褔械
shout,泻褉懈褔邪褌懈
shout,泻褉懈褔邪褌懈
show,褕芯褍
show,褕芯褍
shower,写褍褕
shrink,锌褋懈褏芯褌械褉邪锌械胁褌.
shrug,锌芯褌懈褋薪褍褌懈 锌谢械褔懈屑邪.
shut,蟹邪褔懈薪械薪芯.
shut,蟹邪褔懈薪械薪芯.
shy,褋芯褉芯屑'褟蟹谢懈胁邪.
sibling,斜褉邪褌 褔懈 褋械褋褌褉邪
sick,褏胁芯褉懈泄
side,褋褌芯褉芯薪邪
sigh,蟹褨褌褏邪薪薪褟
sigh,蟹褨褌褏邪薪薪褟
sight,胁懈写芯胁懈褖械
sign,蟹薪邪泻
sign,蟹薪邪泻
signal,褋懈谐薪邪谢
signal,褋懈谐薪邪谢
signature,锌褨写锌懈褋
significance,蟹薪邪褔械薪薪褟
significant,蟹薪邪褔薪懈泄
significantly,蟹薪邪褔薪芯
silence,褌懈褕邪
silent,屑芯胁褔邪蟹薪懈泄
silk,褕芯胁泻
silly,斜械蟹谐谢褍蟹写芯.
silver,褋褉褨斜谢芯
silver,褋褉褨斜谢芯
similar,锌芯写褨斜薪懈泄
similarity,褋褏芯卸褨褋褌褜
similarly,邪薪邪谢芯谐褨褔薪芯
simple,锌褉芯褋褌懈泄
simply,锌褉芯褋褌芯
simulate,褨屑褨褌褍胁邪褌懈
simulation,屑芯写械谢褞胁邪薪薪褟
simultaneously,芯写薪芯褔邪褋薪芯
sin,谐褉褨褏
since,"蟹 褌懈褏 锌褨褉, 褟泻"
since,"蟹 褌懈褏 锌褨褉, 褟泻"
since,"蟹 褌懈褏 锌褨褉, 褟泻"
sincere,褖懈褉懈泄
sing,褋锌褨胁邪褌懈
singer,褋锌褨胁邪褔泻邪
singing,褋锌褨胁邪褞褔懈
single,薪械芯写褉褍卸械薪懈泄
single,薪械芯写褉褍卸械薪懈泄
sink,褉邪泻芯胁懈薪邪.
sir,小械褉.
sister,褋械褋褌褉邪
sit,褋褨褋褌懈
site,褋邪泄褌
situated,褉芯蟹褌邪褕芯胁邪薪懈泄
situation,褋懈褌褍邪褑褨褟
six,褕褨褋褌褜
sixteen,褕褨褋褌薪邪写褑褟褌褜
sixty,褕褨褋褌写械褋褟褌.
size,褉芯蟹屑褨褉
sketch,械褋泻褨蟹
ski,谢懈卸褨
ski,谢懈卸褨
ski,谢懈卸褨
skiing,泻邪褌邪薪薪褟 薪邪 谢懈卸邪褏
skill,胁屑褨薪薪褟
skilled,泻胁邪谢褨褎褨泻芯胁邪薪懈泄
skin,褕泻褨褉邪
skip,锌褉芯锌褍褋褌懈褌懈
skirt,褋锌褨写薪懈褑褟
skull,褔械褉械锌
sky,薪械斜芯
slam,"""小谢褝屑""."
slap,谢褟锌邪褋
slash,泻芯褋邪 褉懈褋泻邪
slave,褉邪斜邪.
slavery,褉邪斜褋褌胁芯
sleep,褋芯薪
sleep,褋芯薪
slice,褕屑邪褌芯褔芯泻
slice,褕屑邪褌芯褔芯泻
slide,褋谢邪泄写
slide,褋谢邪泄写
slight,薪械胁械谢懈泻懈泄
slightly,蟹谢械谐泻邪
slip,胁懈褋谢懈蟹薪褍褌懈
slogan,谐邪褋谢芯
slope,薪邪褏懈谢
slope,薪邪褏懈谢
slot,褋谢芯褌
slow,锌芯胁褨谢褜薪芯
slow,锌芯胁褨谢褜薪芯
slowly,锌芯胁褨谢褜薪芯
small,薪械胁械谢懈泻懈泄
smart,褉芯蟹褍屑薪懈泄
smartphone,褋屑邪褉褌褎芯薪
smash,褉芯蟹斜懈褌懈
smell,蟹邪锌邪褏
smell,蟹邪锌邪褏
smile,锌芯褋屑褨褕泻邪
smile,锌芯褋屑褨褕泻邪
smoke,写懈屑
smoke,写懈屑
smoking,泻褍褉褨薪薪褟
smooth,谐谢邪写泻懈泄
snake,蟹屑褨褟
snap,泻谢邪褑!
snow,褋薪褨谐
snow,褋薪褨谐
so,褌芯卸
so,褌芯卸
so-called,褌邪泻 蟹胁邪薪懈泄
soak,蟹邪屑芯褔懈褌懈
soap,屑懈谢芯
soar,蟹谢械褌褨褌懈
soccer,褎褍褌斜芯谢
social,褋芯褑褨邪谢褜薪懈泄
socialist,褋芯褑褨邪谢褨褋褌懈褔薪懈泄
society,褋褍褋锌褨谢褜褋褌胁芯
sock,褕泻邪褉锌械褌泻邪
soft,屑'褟泻懈泄
software,锌褉芯谐褉邪屑薪械 蟹邪斜械蟹锌械褔械薪薪褟
soil,覒褉褍薪褌
solar,褋芯薪褟褔薪懈泄
soldier,褋芯谢写邪褌
sole,锌褨写芯褕胁邪
solely,胁懈泻谢褞褔薪芯
solicitor,邪写胁芯泻邪褌
solid,屑褨褑薪懈泄
solid,屑褨褑薪懈泄
solidarity,褋芯谢褨写邪褉薪褨褋褌褜
solo,褋芯谢芯
solo,褋芯谢芯
solution,褉褨褕械薪薪褟
solve,胁懈褉褨褕褍胁邪褌懈
some,写械褟泻褨
some,写械褟泻褨
somebody,啸褌芯褋褜
somehow,褟泻懈屑芯褋褜 褔懈薪芯屑
someone,褏褌芯褋褜
something,褖芯褋褜
sometime,携泻芯褋褜
sometimes,褨薪芯写褨
somewhat,写械褖芯
somewhere,写械褋褜
somewhere,写械褋褜
son,褋懈薪泻褍.
song,锌褨褋薪褟
soon,褋泻芯褉芯
sophisticated,胁懈褌芯薪褔械薪懈泄
sorry,袙懈斜邪褔.
sorry,袙懈斜邪褔.
sort,胁懈写
sort,胁懈写
soul,写褍褕邪
sound,蟹胁褍泻
sound,蟹胁褍泻
sound,蟹胁褍泻
soup,褋褍锌
source,写卸械褉械谢芯
south,锌褨胁写械薪褜
south,锌褨胁写械薪褜
south,锌褨胁写械薪褜
southern,锌褨胁写械薪薪懈泄
sovereignty,褋褍胁械褉械薪褨褌械褌
space,锌褉芯褋褌褨褉
spam,褋锌邪屑
span,锌褉芯屑褨卸芯泻
span,锌褉芯屑褨卸芯泻
spare,蟹邪锌邪褋薪懈泄
spare,蟹邪锌邪褋薪懈泄
spark,褨褋泻褉邪
speak,谐芯胁芯褉懈褌懈
speaker,褋锌褨泻械褉
special,芯褋芯斜谢懈胁懈泄
specialist,褎邪褏褨胁械褑褜
specialist,褎邪褏褨胁械褑褜
specialize,褋锌械褑褨邪谢褨蟹褍胁邪褌懈褋褟
specialized,褋锌械褑褨邪谢褨蟹芯胁邪薪懈泄
species,胁懈写懈
specific,褋锌械褑懈褎褨褔薪懈泄
specifically,邪 褋邪屑械
specification,褋锌械褑懈褎褨泻邪褑褨褟
specify,胁泻邪蟹邪褌懈
specimen,蟹褉邪蟹芯泻
spectacle,胁懈写芯胁懈褖械
spectacular,胁褉邪卸邪褞褔械
spectator,谐谢褟写邪褔
spectrum,褋锌械泻褌褉
speculate,锌褉懈锌褍褋泻邪褌懈
speculation,锌褉懈锌褍褖械薪薪褟
speech,锌褉芯屑芯胁邪
speed,褕胁懈写泻褨褋褌褜
speed,褕胁懈写泻褨褋褌褜
spell,蟹邪泻谢懈薪邪薪薪褟
spell,蟹邪泻谢懈薪邪薪薪褟
spelling,锌褉邪胁芯锌懈褋
spend,胁懈褌褉邪褔邪褌懈
spending,胁懈褌褉邪褌懈
sphere,褋褎械褉邪
spice,褋锌械褑褨褟
spicy,谐芯褋褌褉懈泄
spider,锌邪胁褍泻
spill,褉芯蟹谢懈胁
spin,泻褉褍褌懈褌懈褋褟
spin,泻褉褍褌懈褌懈褋褟
spine,褏褉械斜械褌
spirit,写褍褏
spiritual,写褍褏芯胁薪懈泄
spite,蟹谢褨褋褌褜
split,褉芯蟹泻芯谢
split,褉芯蟹泻芯谢
spoil,锌褋褍胁邪褌懈
spoken,褉芯蟹屑芯胁薪邪
spokesman,褉械褔薪懈泻
spokesperson,褉械褔薪懈泻
spokeswoman,褉械褔薪懈褑褟
sponsor,褋锌芯薪褋芯褉
sponsor,褋锌芯薪褋芯褉
sponsorship,褋锌芯薪褋芯褉褋褌胁芯
spoon,谢芯卸泻邪
sport,褋锌芯褉褌
sporting,褋锌芯褉褌懈胁薪懈泄
spot,屑褨褋褑械
spot,屑褨褋褑械
spotlight,锌褉芯卸械泻褌芯褉
spouse,褔芯谢芯胁褨泻
spread,锌芯褕懈褉械薪薪褟
spread,锌芯褕懈褉械薪薪褟
spring,胁械褋薪邪
spring,胁械褋薪邪
spy,褕锌懈谐褍薪.
spy,褕锌懈谐褍薪.
squad,蟹邪谐褨薪
square,锌谢芯褖邪
square,锌谢芯褖邪
squeeze,褋褌懈褋薪褍褌懈
stab,褍写邪褉
stability,褋褌邪斜褨谢褜薪褨褋褌褜
stabilize,褋褌邪斜褨谢褨蟹褍胁邪褌懈褋褟
stable,褋褌邪斜褨谢褜薪懈泄
stadium,褋褌邪写褨芯薪
staff,锌械褉褋芯薪邪谢
stage,褋褑械薪邪
stage,褋褑械薪邪
stair,褋褏芯写懈
stake,泻褨谢芯泻
stall,褋褌褨泄谢芯
stamp,褕褌邪屑锌
stance,锌芯蟹懈褑褨褟
stand,褋褌械薪写
stand,褋褌械薪写
standard,褋褌邪薪写邪褉褌薪懈泄
standard,褋褌邪薪写邪褉褌薪懈泄
standing,褋褌芯褟褔懈
star,蟹褨褉泻邪
star,蟹褨褉泻邪
stare,胁懈褌褉褨褖邪褌懈褋褟.
stark,褋褍胁芯褉懈泄
start,锌芯褔邪褌芯泻
start,锌芯褔邪褌芯泻
starve,谐芯谢芯写褍胁邪褌懈.
state,褋褌邪薪
state,褋褌邪薪
state,褋褌邪薪
statement,蟹邪褟胁邪
station,褋褌邪薪褑褨褟
statistic,褋褌邪褌懈褋褌懈泻邪
statistical,褋褌邪褌懈褋褌懈褔薪懈泄
statue,褋褌邪褌褍褟
status,褋褌邪褌褍褋
stay,蟹邪谢懈褕懈褌懈褋褟
stay,蟹邪谢懈褕懈褌懈褋褟
steadily,褋褌邪斜褨谢褜薪芯
steady,褋褌邪斜褨谢褜薪芯.
steal,泻褉邪褋褌懈
steam,锌邪褉邪
steel,褋褌邪谢褜
steep,泻褉褍褌懈泄
steer,斜懈褔芯泻
stem,褋褌械斜谢芯
stem,褋褌械斜谢芯
step,泻褉芯泻
step,泻褉芯泻
stereotype,褋褌械褉械芯褌懈锌
stick,锌邪谢懈褑褟
stick,锌邪谢懈褑褟
sticky,袥懈锌泻懈泄
stiff,卸芯褉褋褌泻懈泄
still,胁褋械 褖械
still,胁褋械 褖械
stimulate,褋褌懈屑褍谢褞胁邪褌懈
stimulus,褋褌懈屑褍谢
stir,胁芯褉褍褕懈褌懈褋褟
stock,邪泻褑褨褟
stomach,褕谢褍薪芯泻
stone,泻邪屑褨薪褜
stop,褋褌芯锌
stop,褋褌芯锌
storage,褋褏芯胁懈褖械
store,屑邪谐邪蟹懈薪
store,屑邪谐邪蟹懈薪
storm,褕褌芯褉屑
story,褨褋褌芯褉褨褟
straight,锌褉褟屑芯
straight,锌褉褟屑芯
straightforward,锌褉褟屑芯谢褨薪褨泄薪懈泄
strain,薪邪锌褉褍谐邪
strand,锌邪褋屑芯
strange,写懈胁薪芯.
stranger,薪械蟹薪邪泄芯屑械褑褜
strategic,褋褌褉邪褌械谐褨褔薪懈泄
strategy,褋褌褉邪褌械谐褨褟
stream,锌芯褌褨泻
street,胁褍谢懈褑褟
strength,褋懈谢邪
strengthen,蟹屑褨褑薪褞胁邪褌懈
stress,褋褌褉械褋
stress,褋褌褉械褋
stretch,褉芯蟹褌褟卸泻邪
stretch,褉芯蟹褌褟卸泻邪
strict,褋褍胁芯褉懈泄
strictly,褋褍胁芯褉芯
strike,褋褌褉邪泄泻
strike,褋褌褉邪泄泻
striking,胁褉邪卸邪褞褔械
string,褉褟写芯泻
strip,褋屑褍谐邪
strip,褋屑褍谐邪
strive,锌褉邪谐薪褍褌懈
stroke,褨薪褋褍谢褜褌
strong,褋懈谢褜薪懈泄
strongly,褋懈谢褜薪芯
structural,褋褌褉褍泻褌褍褉薪懈泄
structure,褋褌褉褍泻褌褍褉邪
structure,褋褌褉褍泻褌褍褉邪
struggle,斜芯褉芯褌褜斜邪
struggle,斜芯褉芯褌褜斜邪
student,褋褌褍写械薪褌
studio,褋褌褍写褨褟
study,写芯褋谢褨写卸械薪薪褟
study,写芯褋谢褨写卸械薪薪褟
stuff,胁褋褟泻邪 胁褋褟褔懈薪邪
stuff,胁褋褟泻邪 胁褋褟褔懈薪邪
stumble,褋锌褨褌泻薪褍褌懈褋褟
stun,芯谐谢褍褕械薪薪褟
stunning,锌褉懈谐芯谢芯屑褕谢懈胁芯
stupid,写褍褉薪懈泄.
style,褋褌懈谢褜
subject,褌械屑邪
subject,褌械屑邪
submission,锌芯写邪薪薪褟
submit,薪邪写褨褋谢邪褌懈
subscriber,邪斜芯薪械薪褌
subscription,锌褨写锌懈褋泻邪
subsequent,薪邪褋褌褍锌薪懈泄
subsequently,蟹谐芯写芯屑
subsidy,褋褍斜褋懈写褨褟
substance,褉械褔芯胁懈薪邪
substantial,蟹薪邪褔薪懈泄
substantially,褋褍褌褌褦胁芯
substitute,蟹邪屑褨薪薪懈泻
substitute,蟹邪屑褨薪薪懈泻
substitution,蟹邪屑褨薪邪
subtle,褌芯薪泻懈泄
suburb,锌械褉械写屑褨褋褌褟
suburban,锌褉懈屑褨褋褜泻懈泄
succeed,写芯褋褟谐褌懈 褍褋锌褨褏褍
success,褍褋锌褨褏
successful,褍褋锌褨褕薪懈泄
successfully,褍褋锌褨褕薪芯
succession,褋锌邪写泻芯褦屑薪褨褋褌褜
successive,锌芯褋谢褨写芯胁薪懈泄
successor,薪邪褋褌褍锌薪懈泻
such,褌邪泻褨
such,褌邪泻褨
suck,胁褨写褋褌褨泄.
sudden,薪械褋锌芯写褨胁邪薪芯
suddenly,褉邪锌褌芯屑
sue,锌芯写邪褌懈 胁 褋褍写.
suffer,褋褌褉邪卸写邪褌懈
suffering,褋褌褉邪卸写邪薪薪褟
sufficient,写芯褋褌邪褌薪褨泄
sufficiently,写芯褋褌邪褌薪褜芯
sugar,褑褍泻芯褉
suggest,锌褉懈锌褍褋褌懈褌懈
suggestion,锌褉芯锌芯蟹懈褑褨褟
suicide,褋邪屑芯谐褍斜褋褌胁芯
suit,泻芯褋褌褞屑
suit,泻芯褋褌褞屑
suitable,锌褉懈写邪褌薪懈泄
suite,薪芯屑械褉
sum,褋褍屑邪
sum,褋褍屑邪
summarize,锌褨写斜懈胁邪褌懈 锌褨写褋褍屑泻懈
summary,褉械蟹褞屑械
summer,谢褨褌芯
summit,褋邪屑褨褌
sun,褋芯薪褑械
Sunday,袧械写褨谢褟
super,褋褍锌械褉
superb,效褍写芯胁芯.
superior,胁懈褖懈泄
supermarket,褋褍锌械褉屑邪褉泻械褌
supervise,泻芯薪褌褉芯谢褞胁邪褌懈
supervision,薪邪谐谢褟写
supervisor,泻械褉褨胁薪懈泻
supplement,写芯写邪褌芯泻
supplement,写芯写邪褌芯泻
supply,锌芯褋褌邪褔邪薪薪褟
supply,锌芯褋褌邪褔邪薪薪褟
support,锌褨写褌褉懈屑泻邪
support,锌褨写褌褉懈屑泻邪
supporter,锌褉懈褏懈谢褜薪懈泻
supportive,锌褉懈褏懈谢褜薪懈泄
suppose,锌褉懈锌褍褋褌懈屑芯.
supposedly,薪褨斜懈褌芯
suppress,锌褉懈写褍褕懈褌懈
supreme,胁械褉褏芯胁薪懈泄
sure,袟胁褨褋薪芯.
sure,袟胁褨褋薪芯.
surely,袘械蟹褍屑芯胁薪芯.
surface,锌芯胁械褉褏薪褟
surge,褋锌谢械褋泻
surge,褋锌谢械褋泻
surgeon,褏褨褉褍褉谐
surgery,芯锌械褉邪褑褨褟
surgical,褏褨褉褍褉谐褨褔薪懈泄
surplus,薪邪写谢懈褕芯泻
surprise,薪械褋锌芯写褨胁邪薪泻邪
surprise,薪械褋锌芯写褨胁邪薪泻邪
surprised,蟹写懈胁芯胁邪薪懈泄.
surprising,写懈胁芯胁懈卸薪懈泄
surrender,袟写邪胁邪褌懈褋褟!
surround,芯褌芯褔械薪薪褟
surrounding,芯褌芯褔械薪薪褟
surveillance,褋锌芯褋褌械褉械卸械薪薪褟
survey,芯锌懈褌褍胁邪薪薪褟
survey,芯锌懈褌褍胁邪薪薪褟
survival,胁懈卸懈胁邪薪薪褟
survive,胁懈卸懈褌懈
survivor,胁褑褨谢褨谢懈泄
suspect,锌褨写芯蟹褉褞胁邪薪懈泄
suspect,锌褨写芯蟹褉褞胁邪薪懈泄
suspend,锌褉懈蟹褍锌懈薪懈褌懈
suspension,锌褉懈蟹褍锌懈薪械薪薪褟
suspicion,锌褨写芯蟹褉邪
suspicious,锌褨写芯蟹褉褨谢芯.
sustain,锌褨写褌褉懈屑褍胁邪褌懈
sustainable,褋褌邪谢懈泄
swallow,锌褉芯泻芯胁褌薪褍褌懈
swear,锌褉懈褋褟谐邪褞褋褟.
sweater,褋胁械褌褉
sweep,蟹邪褔懈褋褌泻邪
sweet,屑懈谢懈泄
sweet,屑懈谢懈泄
swim,锌谢邪胁邪褌懈
swim,锌谢邪胁邪褌懈
swimming,锌谢邪胁邪薪薪褟
swing,谐芯泄写邪谢泻懈
swing,谐芯泄写邪谢泻懈
switch,锌械褉械屑懈泻邪褔
switch,锌械褉械屑懈泻邪褔
sword,屑械褔
symbol,褋懈屑胁芯谢
symbolic,褋懈屑胁芯谢褨褔薪懈泄
sympathetic,褋锌褨胁褔褍褌谢懈胁懈泄
sympathy,褋锌褨胁褔褍褌褌褟
symptom,褋懈屑锌褌芯屑
syndrome,褋懈薪写褉芯屑
synthesis,褋懈薪褌械蟹
system,褋懈褋褌械屑邪
systematic,褋懈褋褌械屑邪褌懈褔薪懈泄
T-shirt,肖褍褌斜芯谢泻邪.
table,褌邪斜谢懈褑褟
tablet,锌谢邪薪褕械褌
tackle,褋薪邪褋褌褨
tackle,褋薪邪褋褌褨
tactic,孝邪泻褌懈泻邪
tactical,褌邪泻褌懈褔薪懈泄
tag,褌械谐
tag,褌械谐
tail,褏胁褨褋褌
take,胁褨蟹褜屑褨褌褜
tale,泻邪蟹泻邪
talent,褌邪谢邪薪褌
talented,褌邪谢邪薪芯胁懈褌懈泄
talk,褉芯蟹屑芯胁邪
talk,褉芯蟹屑芯胁邪
tall,胁懈褋芯泻懈泄
tank,斜邪泻
tap,泻褉邪薪
tap,泻褉邪薪
tape,褋褌褉褨褔泻邪
target,褑褨谢褜
target,褑褨谢褜
task,蟹邪胁写邪薪薪褟
taste,褋屑邪泻
taste,褋屑邪泻
tax,锌芯写邪褌芯泻
tax,锌芯写邪褌芯泻
taxi,褌邪泻褋褨
taxpayer,锌谢邪褌薪懈泻 锌芯写邪褌泻褨胁
tea,褔邪泄
teach,薪邪胁褔邪褌懈
teacher,胁褔懈褌械谢褜
teaching,胁懈泻谢邪写邪薪薪褟
team,泻芯屑邪薪写邪
tear,褋谢褜芯蟹邪
tear,褋谢褜芯蟹邪
technical,褌械褏薪褨褔薪懈泄
technique,褌械褏薪褨泻邪
technological,褌械褏薪芯谢芯谐褨褔薪懈泄
technology,褌械褏薪芯谢芯谐褨褟
teenage,锌褨写谢褨褌芯泻
teenager,锌褨写谢褨褌芯泻
teens,锌褨写谢褨褌泻懈
telephone,褌械谢械褎芯薪
telephone,褌械谢械褎芯薪
television,褌械谢械斜邪褔械薪薪褟
tell,褋泻邪卸懈
temperature,褌械屑锌械褉邪褌褍褉邪
temple,褏褉邪屑
temporarily,孝懈屑褔邪褋芯胁芯
temporary,褌懈屑褔邪褋芯胁懈泄
tempt,褋锌芯泻褍褕邪褌懈
ten,写械褋褟褌褜.
tenant,芯褉械薪写邪褉
tend,锌褉邪谐薪褍褌懈
tendency,褌械薪写械薪褑褨褟
tender,薪褨卸薪懈泄
tennis,褌械薪褨褋
tension,薪邪锌褉褍谐邪
tent,薪邪屑械褌
tenure,锌械褉械斜褍胁邪薪薪褟 薪邪 锌芯褋邪写褨
term,褌械褉屑褨薪
term,褌械褉屑褨薪
terminal,褌械褉屑褨薪邪谢
terminal,褌械褉屑褨薪邪谢
terminate,锌褉懈锌懈薪懈褌懈
terms,褍屑芯胁懈
terrain,屑褨褋褑械胁褨褋褌褜
terrible,卸邪褏谢懈胁芯.
terribly,卸邪褏谢懈胁芯
terrific,锌褉懈谐芯谢芯屑褕谢懈胁芯.
terrify,卸邪褏邪褞褌褜
territory,褌械褉懈褌芯褉褨褟
terror,褌械褉芯褉
terrorism,褌械褉芯褉懈蟹屑
terrorist,褌械褉芯褉懈褋褌
test,褌械褋褌
test,褌械褋褌
testify,褋胁褨写褔懈褌懈
testimony,褋胁褨写褔械薪薪褟
testing,褌械褋褌褍胁邪薪薪褟
text,褌械泻褋褌
text,褌械泻褋褌
textbook,锌褨写褉褍褔薪懈泻
texture,褌械泻褋褌褍褉邪
than,薪褨卸
than,薪褨卸
thank,写褟泻褍褞
thankfully,薪邪 褖邪褋褌褟.
thanks,写褟泻褍褞
thanks,写褟泻褍褞
that,褖芯
that,褖芯
that,褖芯
that,褖芯
the,"""校 薪邪褋 褌褍褌 褦"
theatre,褌械邪褌褉
theatrical,褌械邪褌褉邪谢褜薪懈泄
theft,泻褉邪写褨卸泻邪
their,褩褏
theirs,褩褏薪褨
them,褩褏
theme,褌械屑邪
themselves,褋械斜械
then,褌芯写褨
theology,斜芯谐芯褋谢芯胁'褟
theoretical,褌械芯褉械褌懈褔薪懈泄
theory,褌械芯褉褨褟
therapist,褌械褉邪锌械胁褌
therapy,褌械褉邪锌褨褟
there,褌邪屑.
thereafter,锌褨褋谢褟 褑褜芯谐芯
thereby,褌懈屑 褋邪屑懈屑
therefore,褌芯屑褍
thesis,写懈褋械褉褌邪褑褨褟
they,胁芯薪懈
thick,褌芯胁褋褌懈泄
thief,蟹谢芯写褨泄
thin,褌芯薪泻懈泄
thing,褉褨褔.
think,写褍屑邪褞.
thinking,写褍屑邪褞褔懈
third,褌褉械褌褨泄
third,褌褉械褌褨泄
thirsty,褋锌褉邪谐谢懈泄.
thirteen,褌褉懈薪邪写褑褟褌褜.
thirty,褌褉懈写褑褟褌褜.
this,褑械
this,褑械
this,褑械
thorough,褉械褌械谢褜薪懈泄
thoroughly,褉械褌械谢褜薪芯
though,褏芯褔邪
though,褏芯褔邪
thought,锌芯写褍屑邪胁 褟.
thought-provoking,薪邪褕褌芯胁褏褍褦 薪邪 褉芯蟹写褍屑懈.
thoughtful,胁写褍屑谢懈胁懈泄
thousand,褌懈褋褟褔邪
thread,薪懈褌泻邪
threat,蟹邪谐褉芯蟹邪
threaten,锌芯谐褉芯卸褍胁邪褌懈
three,褌褉懈
threshold,锌芯褉褨谐
thrilled,胁 蟹邪褏胁邪褌褨.
thrive,锌褉芯褑胁褨褌邪褌懈
throat,谐芯褉谢芯
through,褔械褉械蟹
through,褔械褉械蟹
throughout,锌褉芯褌褟谐芯屑
throughout,锌褉芯褌褟谐芯屑
throw,泻懈写芯泻
thumb,胁械谢懈泻懈泄 锌邪谢械褑褜
Thursday,效械褌胁械褉
thus,褌邪泻懈屑 褔懈薪芯屑
ticket,泻胁懈褌芯泻
tide,锌褉懈锌谢懈胁
tidy,芯褏邪泄薪芯.
tidy,芯褏邪泄薪芯.
tie,泻褉邪胁邪褌泻邪
tie,泻褉邪胁邪褌泻邪
tight,褌褍谐芯
tighten,蟹邪褌褟谐薪褍褌懈
till,"写芯 褌懈褏 锌褨褉, 锌芯泻懈"
till,"写芯 褌懈褏 锌褨褉, 锌芯泻懈"
timber,写械褉械胁懈薪邪
time,褔邪褋
time,褔邪褋
timely,褋胁芯褦褔邪褋薪懈泄
timing,褔邪褋
tin,芯谢芯胁芯
tiny,泻褉懈褏褨褌薪懈泄
tip,锌褨写泻邪蟹泻邪
tip,锌褨写泻邪蟹泻邪
tired,胁褌芯屑谢械薪懈泄
tissue,褌泻邪薪懈薪邪
title,薪邪蟹胁邪
title,薪邪蟹胁邪
to,写芯
to,写芯
tobacco,褌褞褌褞薪
today,褋褜芯谐芯写薪褨
today,褋褜芯谐芯写薪褨
toe,锌邪谢械褑褜 薪邪 薪芯蟹褨
together,褉邪蟹芯屑
toilet,褌褍邪谢械褌
tolerance,褌芯谢械褉邪薪褌薪褨褋褌褜
tolerate,褌械褉锌褨褌懈
toll,锌谢邪褌邪 蟹邪 锌褉芯褩蟹写
tomato,锌芯屑褨写芯褉
tomorrow,蟹邪胁褌褉邪
tomorrow,蟹邪胁褌褉邪
ton,褌芯薪薪邪
tone,褌芯薪
tongue,褟蟹懈泻
tonight,褋褜芯谐芯写薪褨 胁薪芯褔褨.
tonight,褋褜芯谐芯写薪褨 胁薪芯褔褨.
tonne,褌芯薪薪邪
too,袉 褟 褌械卸.
tool,褨薪褋褌褉褍屑械薪褌
tooth,蟹褍斜
top,胁械褉褏薪褨泄
top,胁械褉褏薪褨泄
top,胁械褉褏薪褨泄
topic,褌械屑邪
torture,泻邪褌褍胁邪薪薪褟
torture,泻邪褌褍胁邪薪薪褟
toss,锌褨写泻懈薪褍褌懈
total,胁褋褜芯谐芯
total,胁褋褜芯谐芯
total,胁褋褜芯谐芯
totally,锌芯胁薪褨褋褌褞
touch,写芯褌懈泻
touch,写芯褌懈泻
tough,卸芯褉褋褌泻懈泄
tour,械泻褋泻褍褉褋褨褟
tour,械泻褋泻褍褉褋褨褟
tourism,褌褍褉懈蟹屑
tourist,褌褍褉懈褋褌
tournament,褌褍褉薪褨褉
towards,写芯
towel,褉褍褕薪懈泻
tower,胁械卸邪
town,屑褨褋褌芯
toxic,褌芯泻褋懈褔薪懈泄
toy,褨谐褉邪褕泻邪
toy,褨谐褉邪褕泻邪
trace,褋谢褨写
trace,褋谢褨写
track,褌褉械泻
track,褌褉械泻
trade,褌芯褉谐褨胁谢褟
trade,褌芯褉谐褨胁谢褟
trademark,褌芯褉谐芯胁邪 屑邪褉泻邪
trading,褌芯褉谐褨胁谢褟
tradition,褌褉邪写懈褑褨褟
traditional,褌褉邪写懈褑褨泄薪懈泄
traffic,褌褉邪褎褨泻
tragedy,褌褉邪谐械写褨褟
tragic,褌褉邪谐褨褔薪懈泄
trail,褋谢褨写
trail,褋谢褨写
trailer,锌褉懈褔褨锌
train,锌芯褌褟谐
train,锌芯褌褟谐
trainer,褌褉械薪械褉
training,薪邪胁褔邪薪薪褟
trait,褉懈褋邪
transaction,褌褉邪薪蟹邪泻褑褨褟
transcript,褋褌械薪芯谐褉邪屑邪
transfer,锌械褉械写邪褔邪
transfer,锌械褉械写邪褔邪
transform,褌褉邪薪褋褎芯褉屑褍胁邪褌懈褋褟
transformation,褌褉邪薪褋褎芯褉屑邪褑褨褟
transit,褌褉邪薪蟹懈褌
transition,锌械褉械褏褨写
translate,锌械褉械泻谢邪褋褌懈
translation,锌械褉械泻谢邪写
transmission,锌械褉械写邪褔邪
transmit,锌械褉械写邪褌懈
transparency,锌褉芯蟹芯褉褨褋褌褜
transparent,锌褉芯蟹芯褉懈泄
transport,褌褉邪薪褋锌芯褉褌
transport,褌褉邪薪褋锌芯褉褌
transportation,褌褉邪薪褋锌芯褉褌褍胁邪薪薪褟
trap,锌邪褋褌泻邪
trap,锌邪褋褌泻邪
trauma,褌褉邪胁屑邪
travel,锌芯写芯褉芯卸
travel,锌芯写芯褉芯卸
traveller,屑邪薪写褉褨胁薪懈泻
treasure,褋泻邪褉斜
treat,褔邪褋褌褍胁邪薪薪褟
treatment,谢褨泻褍胁邪薪薪褟
treaty,写芯谐芯胁褨褉
tree,写械褉械胁芯
tremendous,薪械泄屑芯胁褨褉薪懈泄.
trend,褌械薪写械薪褑褨褟
trial,胁懈锌褉芯斜褍胁邪薪薪褟
tribal,锌谢械屑褨薪薪懈泄
tribe,锌谢械屑'褟
tribunal,褌褉懈斜褍薪邪谢
tribute,写邪薪懈薪邪
trick,褌褉褞泻
trick,褌褉褞泻
trigger,褋锌褍褋泻芯胁懈泄 谐邪褔芯泻
trigger,褋锌褍褋泻芯胁懈泄 谐邪褔芯泻
trillion,褌褉懈谢褜泄芯薪
trio,褌褉褨芯
trip,锌芯写芯褉芯卸
trip,锌芯写芯褉芯卸
triumph,褌褉褨褍屑褎
troop,蟹邪谐褨薪
trophy,褌褉芯褎械泄
tropical,褌褉芯锌褨褔薪懈泄
trouble,薪械锌褉懈褦屑薪褨褋褌褜
trouble,薪械锌褉懈褦屑薪褨褋褌褜
troubled,薪械褋锌芯泻褨泄薪懈泄
trousers,褕褌邪薪懈
truck,胁邪薪褌邪卸褨胁泻邪
true,锌褉邪胁写邪
truly,褋锌褉邪胁写褨
trust,写芯胁褨褉邪
trust,写芯胁褨褉邪
trustee,芯锌褨泻褍薪
truth,锌褉邪胁写邪
try,小锌褉芯斜褍泄
try,小锌褉芯斜褍泄
tsunami,褑褍薪邪屑褨
tube,褌褉褍斜泻邪
Tuesday,袙褨胁褌芯褉芯泻
tuition,薪邪胁褔邪薪薪褟
tune,屑械谢芯写褨褟
tunnel,褌褍薪械谢褜
turn,锌芯胁芯褉芯褌
turn,锌芯胁芯褉芯褌
turnout,褟胁泻邪
turnover,芯斜芯褉芯褌
TV,孝袝袥袝袘袗效袝袧袧携
twelve,袛胁邪薪邪写褑褟褌褜.
twenty,写胁邪写褑褟褌褜.
twice,袛胁褨褔褨
twin,斜谢懈蟹薪褞泻
twin,斜谢懈蟹薪褞泻
twist,褌胁褨褋褌
twist,褌胁褨褋褌
two,写胁邪
type,褌懈锌
type,褌懈锌
typical,褌懈锌芯胁懈泄
typically,蟹邪蟹胁懈褔邪泄
tyre,褕懈薪邪
ugly,锌芯褌胁芯褉薪懈泄
ultimate,芯褋褌邪褌芯褔薪懈泄
ultimately,蟹褉械褕褌芯褞
umbrella,锌邪褉邪褋芯谢褜泻邪
unable,薪械 胁 蟹屑芯蟹褨
unacceptable,薪械锌褉懈泄薪褟褌薪芯
uncertainty,薪械胁懈蟹薪邪褔械薪褨褋褌褜
uncle,写褟写褜泻芯
uncomfortable,薪械蟹褉褍褔薪芯
unconscious,斜械蟹 褋胁褨写芯屑芯褋褌褨.
under,锌褨写
under,锌褨写
undergo,锌褨写写邪褌懈褋褟
undergraduate,斜邪泻邪谢邪胁褉
underground,锌褨写 蟹械屑谢械褞
underground,锌褨写 蟹械屑谢械褞
underlying,褖芯 谢械卸懈褌褜 胁 芯褋薪芯胁褨
undermine,锌褨写褨褉胁邪褌懈
understand,褉芯蟹褍屑褨褞.
understanding,褉芯蟹褍屑褨薪薪褟
undertake,胁蟹褟褌懈 薪邪 褋械斜械 蟹芯斜芯胁'褟蟹邪薪薪褟
underwear,薪懈卸薪褟 斜褨谢懈蟹薪邪
undoubtedly,斜械蟹褋褍屑薪褨胁薪芯
unemployed,斜械蟹褉芯斜褨褌薪褨
unemployment,斜械蟹褉芯斜褨褌褌褟
unexpected,薪械褋锌芯写褨胁邪薪芯
unfair,薪械褋锌褉邪胁械写谢懈胁芯
unfold,褉芯蟹谐芯褉褌邪褦褌褜褋褟
unfortunate,薪械褖邪褋薪懈泄
unfortunately,薪邪 卸邪谢褜
unhappy,薪械褖邪褋薪懈泄.
uniform,褎芯褉屑邪
unify,芯斜'褦写薪邪褌懈
union,芯斜'褦写薪邪薪薪褟
unique,褍薪褨泻邪谢褜薪懈泄
unit,芯写懈薪懈褑褟
unite,芯斜'褦写薪邪褌懈褋褟
united,芯斜'褦写薪邪薪褨
unity,褦写薪褨褋褌褜
universal,褍薪褨胁械褉褋邪谢褜薪懈泄
universe,胁褋械褋胁褨褌
university,褍薪褨胁械褉褋懈褌械褌
unknown,薪械胁褨写芯屑芯
unless,褟泻褖芯 褌褨谢褜泻懈
unlike,薪邪 胁褨写屑褨薪褍 胁褨写
unlikely,屑邪谢芯泄屑芯胁褨褉薪芯
unnecessary,薪械锌芯褌褉褨斜薪懈泄
unpleasant,薪械锌褉懈褦屑薪懈泄
unprecedented,斜械蟹锌褉械褑械写械薪褌薪懈泄
until,"写芯 褌懈褏 锌褨褉, 锌芯泻懈"
until,"写芯 褌懈褏 锌褨褉, 锌芯泻懈"
unusual,薪械蟹胁懈褔邪泄薪懈泄
unveil,褉芯蟹泻褉懈褌懈
up,写芯谐芯褉懈
up,写芯谐芯褉懈
upcoming,屑邪泄斜褍褌薪褨泄
update,芯薪芯胁谢械薪薪褟
update,芯薪芯胁谢械薪薪褟
upgrade,芯薪芯胁谢械薪薪褟
upgrade,芯薪芯胁谢械薪薪褟
uphold,锌褨写褌褉懈屑褍胁邪褌懈
upon,薪邪
upper,胁械褉褏薪褨泄
upset,蟹邪褋屑褍褔械薪懈泄
upset,蟹邪褋屑褍褔械薪懈泄
upstairs,薪邪谐芯褉褍.
upstairs,薪邪谐芯褉褍.
upwards,胁谐芯褉褍
urban,屑褨褋褜泻懈泄
urge,锌褉邪谐薪械薪薪褟
urgent,褌械褉屑褨薪芯胁芯
us,薪邪褋
usage,胁懈泻芯褉懈褋褌邪薪薪褟
use,胁懈泻芯褉懈褋褌邪薪薪褟
use,胁懈泻芯褉懈褋褌邪薪薪褟
used,胁懈泻芯褉懈褋褌邪薪懈泄
used to,蟹胁懈泻
useful,泻芯褉懈褋薪懈泄
useless,屑邪褉薪邪.
user,泻芯褉懈褋褌褍胁邪褔
usual,蟹胁懈褔邪泄薪懈泄
usually,袟邪蟹胁懈褔邪泄
utility,泻芯褉懈褋薪褨褋褌褜
utilize,胁懈泻芯褉懈褋褌芯胁褍胁邪褌懈
utterly,邪斜褋芯谢褞褌薪芯
vacation,胁褨写锌褍褋褌泻邪
vacuum,胁邪泻褍褍屑
vague,褉芯蟹锌谢懈胁褔邪褋褌懈泄
valid,写褨泄褋薪懈泄
validity,写褨泄褋薪褨褋褌褜
valley,写芯谢懈薪邪
valuable,褑褨薪薪懈泄
value,蟹薪邪褔械薪薪褟
value,蟹薪邪褔械薪薪褟
van,褎褍褉谐芯薪
vanish,蟹薪懈泻邪褌懈
variable,蟹屑褨薪薪邪
variable,蟹屑褨薪薪邪
variation,胁邪褉褨邪褑褨褟
varied,褉褨蟹薪芯屑邪薪褨褌薪褨
variety,褉褨蟹薪芯屑邪薪褨褌薪褨褋褌褜
various,褉褨蟹薪懈泄
vary,胁邪褉褨褞胁邪褌懈褋褟
vast,胁械谢懈褔械蟹薪邪
vegetable,芯胁芯褔械胁懈泄
vehicle,褌褉邪薪褋锌芯褉褌薪懈泄 蟹邪褋褨斜
vein,胁械薪邪
venture,锌褨写锌褉懈褦屑褋褌胁芯
venture,锌褨写锌褉懈褦屑褋褌胁芯
venue,屑褨褋褑械 锌褉芯胁械写械薪薪褟
verbal,褋谢芯胁械褋薪懈泄
verdict,胁懈褉芯泻
verify,锌械褉械胁褨褉懈褌懈
verse,胁褨褉褕
version,胁械褉褋褨褟
versus,锌褉芯褌懈
vertical,胁械褉褌懈泻邪谢褜薪懈泄
very,写褍卸械
very,写褍卸械
vessel,褋褍写薪芯
veteran,胁械褌械褉邪薪
via,褔械褉械蟹
viable,卸懈褌褌褦蟹写邪褌薪懈泄
vibrant,褟褋泻褉邪胁懈泄
vice,锌芯褉芯泻
vicious,蟹谢褨褋薪懈泄
victim,卸械褉褌胁邪
victory,锌械褉械屑芯谐邪
video,胁褨写械芯
view,胁懈写
view,胁懈写
viewer,谐谢褟写邪褔
viewpoint,褌芯褔泻邪 蟹芯褉褍
village,褋械谢芯
villager,褋械谢褟薪懈薪
violate,锌芯褉褍褕褍胁邪褌懈
violation,锌芯褉褍褕械薪薪褟
violence,薪邪褋懈谢褜褋褌胁芯
violent,卸芯褉褋褌芯泻懈泄
virtual,胁褨褉褌褍邪谢褜薪懈泄
virtue,褔械褋薪芯褌邪
virus,胁褨褉褍褋
visa,胁褨蟹邪
visible,胁懈写懈屑懈泄
vision,斜邪褔械薪薪褟
visit,胁褨蟹懈褌
visit,胁褨蟹懈褌
visitor,胁褨写胁褨写褍胁邪褔
visual,胁褨蟹褍邪谢褜薪懈泄
vital,卸懈褌褌褦胁芯 胁邪卸谢懈胁懈泄
vitamin,胁褨褌邪屑褨薪
vocal,胁芯泻邪谢褜薪懈泄
voice,谐芯谢芯褋
volume,芯斜褋褟谐
voluntary,写芯斜褉芯胁褨谢褜薪懈泄
volunteer,胁芯谢芯薪褌械褉
volunteer,胁芯谢芯薪褌械褉
vote,谐芯谢芯褋褍胁邪褌懈
vote,谐芯谢芯褋褍胁邪褌懈
voting,谐芯谢芯褋褍胁邪薪薪褟
vow,泻谢褟褌胁邪
vulnerability,胁褉邪蟹谢懈胁褨褋褌褜
vulnerable,胁褉邪蟹谢懈胁懈泄
wage,蟹邪褉芯斜褨褌薪邪 锌谢邪褌邪
wait,袟邪褔械泻邪泄.
wait,袟邪褔械泻邪泄.
waiter,芯褎褨褑褨邪薪褌
wake,锌褉芯泻懈写邪泄褋褟
walk,锌褉芯谐褍谢褟薪泻邪
walk,锌褉芯谐褍谢褟薪泻邪
wall,褋褌褨薪邪
wander,斜谢褍泻邪褌懈
want,褏芯褔褍
war,胁褨泄薪邪
ward,锌褨写芯锌褨褔薪懈泄
warehouse,褋泻谢邪写
warfare,胁褨泄薪邪
warm,褌械锌谢懈泄
warm,褌械锌谢懈泄
warming,锌芯褌械锌谢褨薪薪褟
warn,锌芯锌械褉械写懈褌懈
warning,锌芯锌械褉械写卸械薪薪褟
warrant,芯褉写械褉
warrant,芯褉写械褉
warrior,胁芯褩薪
wash,屑懈褌懈
wash,屑懈褌懈
washing,锌褉邪薪薪褟
waste,胁褨写褏芯写懈
waste,胁褨写褏芯写懈
waste,胁褨写褏芯写懈
watch,谐芯写懈薪薪懈泻
watch,谐芯写懈薪薪懈泻
water,胁芯写邪
water,胁芯写邪
wave,褏胁懈谢褟
wave,褏胁懈谢褟
way,褕谢褟褏
way,褕谢褟褏
we,屑懈
weak,褋谢邪斜泻懈泄
weaken,芯褋谢邪斜薪褍褌懈
weakness,褋谢邪斜泻褨褋褌褜
wealth,斜邪谐邪褌褋褌胁芯
wealthy,蟹邪屑芯卸薪懈泄
weapon,蟹斜褉芯褟
wear,蟹薪芯褋
weather,锌芯谐芯写邪
weave,锌谢械褌褨薪薪褟
web,锌邪胁褍褌懈薪邪
website,褋邪泄褌
wedding,胁械褋褨谢谢褟
Wednesday,小械褉械写邪
weed,斜褍褉'褟薪
week,褌懈卸写械薪褜
weekend,胁懈褏褨写薪褨
weekly,褖芯褌懈卸薪褟
weigh,胁邪卸懈褌懈
weight,胁邪谐邪
weird,写懈胁薪芯.
welcome,谢邪褋泻邪胁芯 锌褉芯褋懈屑芯
welcome,谢邪褋泻邪胁芯 锌褉芯褋懈屑芯
welcome,谢邪褋泻邪胁芯 锌褉芯褋懈屑芯
welcome,谢邪褋泻邪胁芯 锌褉芯褋懈屑芯
welfare,写芯斜褉芯斜褍褌
well,"袧褍, 写芯斜褉械."
well,"袧褍, 写芯斜褉械."
well,"袧褍, 写芯斜褉械."
well,"袧褍, 写芯斜褉械."
well-being,斜谢邪谐芯锌芯谢褍褔褔褟
west,蟹邪褏褨写
west,蟹邪褏褨写
west,蟹邪褏褨写
western,蟹邪褏褨写薪懈泄
wet,屑芯泻褉懈泄
what,褖芯
what,褖芯
whatever,薪械胁邪卸谢懈胁芯.
whatever,薪械胁邪卸谢懈胁芯.
whatever,薪械胁邪卸谢懈胁芯.
whatsoever,褖芯 斜 褌邪屑 薪械 斜褍谢芯.
wheat,锌褕械薪懈褑褟
wheel,泻芯谢械褋芯
when,泻芯谢懈
when,泻芯谢懈
when,泻芯谢懈
whenever,泻芯谢懈 斜 褌芯 薪械 斜褍谢芯.
where,写械
where,写械
whereas,褌芯写褨 褟泻
whereby,蟹谐褨写薪芯 蟹 褟泻懈屑
wherever,写械 斜 褌芯 薪械 斜褍谢芯.
whether,褔懈
which,褟泻懈泄
which,褟泻懈泄
while,胁 褌芯泄 褔邪褋 褟泻
while,胁 褌芯泄 褔邪褋 褟泻
whilst,胁 褌芯泄 褔邪褋 褟泻
whip,斜邪褌褨谐
whisper,褕械锌褨褌
whisper,褕械锌褨褌
white,斜褨谢懈泄
white,斜褨谢懈泄
who,褏褌芯
whoever,褏褌芯 斜 褌邪屑 薪械 斜褍胁.
whole,褑褨谢懈泄
whole,褑褨谢懈泄
wholly,锌芯胁薪褨褋褌褞
whom,泻芯谐芯
whose,褔懈褟
whose,褔懈褟
why,褔芯屑褍
wide,褕懈褉芯泻懈泄
widely,褕懈褉芯泻芯
widen,褉芯蟹褕懈褉褞胁邪褌懈褋褟
widespread,褕懈褉芯泻芯 褉芯蟹锌芯胁褋褞写卸械薪懈泄
widow,胁写芯胁邪
width,褕懈褉懈薪邪
wife,写褉褍卸懈薪邪
wild,写懈泻懈泄
wildlife,写懈泻邪 锌褉懈褉芯写邪
will,胁芯谢褟
will,胁芯谢褟
willing,斜邪卸邪褞褔懈
willingness,谐芯褌芯胁薪褨褋褌褜
win,胁懈谐褉邪褌懈
win,胁懈谐褉邪褌懈
wind,胁褨褌械褉
wind,胁褨褌械褉
window,胁褨泻薪芯
wine,胁懈薪芯
wing,泻褉懈谢芯
winner,锌械褉械屑芯卸械褑褜
winter,蟹懈屑邪
wipe,胁懈褌懈褉邪褌懈
wire,写褉褨褌
wisdom,屑褍写褉褨褋褌褜
wise,屑褍写褉懈泄
wish,斜邪卸邪薪薪褟
wish,斜邪卸邪薪薪褟
wit,写芯褌械锌薪褨褋褌褜
with,蟹
withdraw,蟹薪褟褌懈
withdrawal,胁懈胁械写械薪薪褟 泻芯褕褌褨胁
within,胁 屑械卸邪褏
without,斜械蟹
witness,褋胁褨写芯泻
witness,褋胁褨写芯泻
woman,卸褨薪泻邪
wonder,写懈胁褍胁邪褌懈褋褟
wonder,写懈胁褍胁邪褌懈褋褟
wonderful,褔褍写芯胁懈泄
wood,写械褉械胁懈薪邪
wooden,写械褉械胁'褟薪懈泄
wool,褕械褉褋褌褜
word,褋谢芯胁芯
work,褉芯斜芯褌邪
work,褉芯斜芯褌邪
worker,锌褉邪褑褨胁薪懈泻
workforce,褉芯斜芯褔邪 褋懈谢邪
working,锌褉邪褑褞褞褔懈泄
workout,褌褉械薪褍胁邪薪薪褟
workplace,褉芯斜芯褔械 屑褨褋褑械
workshop,屑邪泄褋褌械褉-泻谢邪褋
world,褋胁褨褌
worldwide,锌芯 胁褋褜芯屑褍 褋胁褨褌褍
worldwide,锌芯 胁褋褜芯屑褍 褋胁褨褌褍
worm,褔械褉胁'褟泻
worried,蟹邪薪械锌芯泻芯褦薪懈泄.
worry,褏胁懈谢褞胁邪褌懈褋褟
worry,褏胁懈谢褞胁邪褌懈褋褟
worse,谐褨褉褕械.
worse,谐褨褉褕械.
worse,谐褨褉褕械.
worship,锌芯泻谢芯薪褨薪薪褟
worship,锌芯泻谢芯薪褨薪薪褟
worst,薪邪泄谐褨褉褕懈泄
worst,薪邪泄谐褨褉褕懈泄
worst,薪邪泄谐褨褉褕懈泄
worth,胁邪褉褌褨褋褌褞
worth,胁邪褉褌褨褋褌褞
worthwhile,胁邪褉褌褨褋薪芯褞.
worthy,谐褨写薪懈泄
would,斜褍写械
wound,褉邪薪邪
wound,褉邪薪邪
wow,袨谐芯.
wrap,芯斜谐芯褉褌泻邪
wrist,蟹邪锌'褟褋褌褟
write,薪邪锌懈褋邪褌懈
writer,锌懈褋褜屑械薪薪懈泻
writing,薪邪锌懈褋邪薪薪褟
written,薪邪锌懈褋邪薪懈泄
wrong,薪械锌褉邪胁懈谢褜薪芯
wrong,薪械锌褉邪胁懈谢褜薪芯
wrong,薪械锌褉邪胁懈谢褜薪芯
yard,写胁褨褉
yeah,孝邪泻.
year,褉褨泻
yell,泻褉懈褔邪褌懈
yellow,卸芯胁褌懈泄
yellow,卸芯胁褌懈泄
yes,孝邪泻.
yesterday,胁褔芯褉邪
yesterday,胁褔芯褉邪
yet,锌芯泻懈 褖芯.
yet,锌芯泻懈 褖芯.
yield,锌褉懈斜褍褌泻芯胁褨褋褌褜
yield,锌褉懈斜褍褌泻芯胁褨褋褌褜
you,褌懈
young,屑芯谢芯写懈泄
young,屑芯谢芯写懈泄
youngster,褞薪邪泻
your,褌胁褨泄
yours,孝胁芯褟.
yourself,褋械斜械.
youth,屑芯谢芯写褜
zero,薪褍谢褜
zone,蟹芯薪邪
wonderland,泻褉邪褩薪邪 褔褍写械褋
conversely,薪邪胁锌邪泻懈
mediation,锌芯褋械褉械写薪懈褑褌胁芯
cherry,胁懈褕薪褟
testword,褌械褋褌芯胁械 褋谢芯胁芯
