English,German
a,a
abandon,aufgeben
ability,Fähigkeit
able,fähig
abolish,abschaffen
abortion,Abtreibung
about,über
about,über
above,über
above,über
abroad,im Ausland
absence,Abwesenheit
absent,abwesend
absolute,absolut
absolutely,absolut
absorb,absorbieren
abstract,abstrakt
absurd,absurd
abundance,Reichtum
abuse,Missbrauch
abuse,Missbrauch
academic,akademisch
academic,akademisch
academy,akademie
accelerate,beschleunigen
accent,Akzent
accept,akzeptieren
acceptable,akzeptabel
acceptance,Akzeptanz
access,Zugang
access,Zugang
accessible,zugänglich
accident,Unfall
accidentally,versehentlich
accommodate,unterbringen.
accommodation,Unterkunft
accompany,begleiten
accomplish,erreichen
accomplishment,Leistung
accordance,Übereinstimmung
according to,laut
accordingly,entsprechend
account,Konto
account,Konto
accountability,Rechenschaftspflicht
accountable,rechenschaftspflichtig
accountant,Buchhalter
accounting,Buchhaltung
accumulate,akkumulieren
accumulation,Akkumulation
accuracy,Genauigkeit
accurate,genau
accurately,genau
accusation,Anschuldigung
accuse,anklagen
accused,beschuldigt
achieve,erreichen
achievement,Leistung
acid,Säure
acid,Säure
acknowledge,anerkennen.
acquire,erwerben
acquisition,Erwerb
acre,acre
across,über
across,über
act,handeln
act,handeln
action,Aktion
activate,aktivieren.
activation,Aktivierung
active,aktiv
activist,Aktivist
activity,Tätigkeit
actor,Schauspieler
actress,Schauspielerin
actual,aktuell
actually,eigentlich
acute,akut
ad,ad
adapt,anpassen
adaptation,Anpassung
add,hinzufügen.
addiction,Sucht
addition,Zusatz
additional,zusätzlich
additionally,zusätzlich
address,Adresse
address,Adresse
adequate,angemessen
adequately,angemessen
adhere,haften
adjacent,angrenzend
adjust,einstellen.
adjustment,Anpassung
administer,verwalten
administration,Verwaltung
administrative,Verwaltung
administrator,Verwalter
admire,bewundern
admission,Zulassung
admit,zugeben
adolescent,Jugendlicher
adopt,übernehmen.
adoption,Adoption
adult,Erwachsene
adult,Erwachsene
advance,Vorschuss
advance,Vorschuss
advance,Vorschuss
advanced,erweiterte
advantage,Vorteil
adventure,Abenteuer
adverse,nachteilig
advertise,inserieren.
advertisement,Anzeige
advertising,Werbung
advice,Beratung
advise,beraten
advocate,Befürworter
advocate,Befürworter
aesthetic,Ästhetik
affair,Affäre
affect,beeinflussen
affection,Zuneigung
afford,leisten
affordable,erschwinglich
afraid,Angst
after,nach
after,nach
after,nach
aftermath,Nachwehen
afternoon,Nachmittag
afterwards,danach
again,wieder
against,gegen
age,Alter
age,Alter
aged,im Alter von
agency,Agentur
agenda,Tagesordnung
agent,Agent
aggression,Aggression
aggressive,aggressiv
ago,vor
agree,zustimmen
agreement,Vereinbarung
agricultural,Landwirtschaft
agriculture,Landwirtschaft
ah,ah
ahead,voraus
aid,Hilfe
aid,Hilfe
aide,Adjutant
AIDS,AIDS
aim,Ziel
aim,Ziel
air,Luft
aircraft,Flugzeug
airline,Fluggesellschaft
airport,Flughafen
alarm,Alarm
alarm,Alarm
albeit,wenn auch
album,Album
alcohol,Alkohol
alcoholic,alkoholisch
alert,Alarm
alert,Alarm
alert,Alarm
alien,Außerirdische
alien,Außerirdische
align,ausrichten
alignment,Ausrichtung
alike,gleich
alike,gleich
alive,lebendig
all,alle
all,alle
all,alle
all right,in Ordnung
all right,in Ordnung
all right,in Ordnung
allegation,Behauptung
allege,behaupten
allegedly,Angeblich
alliance,Allianz
allocate,zuordnen.
allocation,Zuweisung
allow,ermöglichen
allowance,Zulage
ally,ally
almost,fast
alone,allein
alone,allein
along,entlang
along,entlang
alongside,neben
already,bereits
also,auch
alter,ändern
alternative,alternativ
alternative,alternativ
although,obwohl
altogether,insgesamt
aluminium,Aluminium
always,immer
amateur,Amateur
amateur,Amateur
amazed,erstaunt
amazing,erstaunlich
ambassador,Botschafter
ambition,Ehrgeiz
ambitious,ehrgeizig
ambulance,Krankenwagen
amend,ändern.
amendment,Änderung
amid,inmitten von
among,unter
amount,Betrag
amount,Betrag
amusing,amüsant
analogy,Analogie
analyse,analysieren.
analysis,Analyse
analyst,Analysten
ancestor,Vorfahren
anchor,Anker
ancient,alt
and,und
angel,Engel
anger,Wut
angle,Winkel
angrily,wütend
angry,wütend
animal,Tier
animation,Animation
ankle,Knöchel
anniversary,Jahrestag
announce,anmelden
announcement,Anzeige
annoy,verärgern
annoyed,verärgert
annoying,lästige
annual,jährlich
annually,jährlich
anonymous,anonyme
another,eine andere
another,eine andere
answer,Antwort
answer,Antwort
anticipate,rechnen Sie mit
anxiety,Ängste
anxious,ängstlich
any,jede
any,jede
any,jede
any more,mehr
anybody,jeder
anyone,jeder
anything,alles
anyway,trotzdem
anywhere,überall
anywhere,überall
apart,getrennt
apartment,Wohnung
apologize,entschuldigen.
apology,Entschuldigung
app,app
apparatus,Gerät
apparent,scheinbar
apparently,offenbar
appeal,Beschwerde
appeal,Beschwerde
appealing,ansprechend
appear,erscheinen
appearance,Aussehen
appetite,Appetit
applaud,applaudieren
apple,Apfel
applicable,anwendbar
applicant,Antragsteller
application,Anmeldung
apply,anwenden.
appoint,ernennen
appointment,Ernennung
appreciate,schätzen
appreciation,Wertschätzung
approach,Anfahrt
approach,Anfahrt
appropriate,geeignet.
appropriately,Entsprechend
approval,Zulassung
approve,genehmigen
approximately,etwa
April,April
arbitrary,willkürlich
architect,Architekt
architectural,Architektur
architecture,Architektur
archive,Archiv
area,Bereich
arena,arena
arguably,wohl
argue,argumentieren
argument,Argument
arise,entstehen
arm,Arm
arm,Arm
armed,bewaffnet
arms,Arme
army,Armee
around,um
around,um
arrange,arrangieren.
arrangement,Anordnung
array,Array
arrest,festnehmen
arrest,festnehmen
arrival,Ankunft
arrive,ankommen
arrow,Pfeil
art,Kunst
article,Artikel
articulate,artikulieren
artificial,künstlich
artist,Künstler
artistic,künstlerisch
artwork,Kunstwerk
as,als
as,als
as,als
ash,Asche
ashamed,schämen
aside,beiseite
ask,fragen Sie
asleep,schlafend
aspect,Aspekt
aspiration,Absaugung
aspire,anstreben
assassination,Attentat
assault,Angriff
assault,Angriff
assemble,zusammenstellen
assembly,Montage
assert,behaupten.
assertion,Behauptung
assess,bewerten.
assessment,Bewertung
asset,Vermögen
assign,zuweisen.
assignment,Auftrag
assist,helfen
assistance,Unterstützung
assistant,Assistent
assistant,Assistent
associate,Mitarbeiterin
associated,zugehörig
association,Verein
assume,annehmen
assumption,Annahme
assurance,Versicherung
assure,versichern.
astonishing,Erstaunlich
asylum,Asyl
at,unter
athlete,Athleten
atmosphere,Atmosphäre
atrocity,Gräueltat
attach,anhängen.
attachment,Anhang
attack,angreifen
attack,angreifen
attain,erlangen.
attempt,Versuch
attempt,Versuch
attend,besuchen Sie
attendance,Teilnahme an
attention,Achtung
attention,Achtung
attitude,Einstellung
attorney,Rechtsanwalt
attract,anziehen.
attraction,Anziehungskraft
attractive,attraktiv
attribute,Attribut
attribute,Attribut
auction,Auktion
audience,Publikum
audio,Audio
audit,Prüfung
August,August
aunt,Tante
authentic,authentisch
author,Autor
authority,Behörde
authorize,bevollmächtigen
auto,Auto
automatic,automatisch
automatically,automatisch
autonomy,Autonomie
autumn,Herbst
availability,Verfügbarkeit
available,verfügbar
average,Durchschnitt
average,Durchschnitt
average,Durchschnitt
avoid,vermeiden
await,warten Sie
award,Auszeichnung
award,Auszeichnung
aware,bewusst
awareness,Bewusstsein
away,weg
awful,furchtbar
awkward,peinlich
baby,Baby
back,zurück
back,zurück
back,zurück
back,zurück
backdrop,Kulisse
background,Hintergrund
backing,Rückendeckung
backup,Backup
backwards,rückwärts
bacteria,Bakterien
bad,schlecht
badge,Ausweis
badly,schlecht
bag,Tasche
bail,Kaution
bake,backen
balance,Bilanz
balance,Bilanz
balanced,ausgeglichen
ball,Kugel
ballet,Ballett
balloon,Ballon
ballot,Stimmzettel
ban,verbieten
ban,verbieten
banana,Banane
band,Band
bank,Bank
banner,Banner
bar,bar
bar,bar
bare,nackt
barely,kaum
bargain,Schnäppchen
barrel,Fass
barrier,Barriere
base,Basis
base,Basis
baseball,Baseball
based,basiert
basement,Keller
basic,grundlegend
basically,Grundsätzlich
basis,Basis
basket,Korb
basketball,Basketball
bass,Bass
bat,Fledermaus
bat,Fledermaus
bath,Bad
bathroom,Badezimmer
battery,Batterie
battle,Schlacht
battle,Schlacht
battlefield,Schlachtfeld
bay,Bucht
be,sein
be,sein
beach,Strand
beam,Strahl
bean,Bohne
bear,Bär
bear,Bär
beast,Biest
beat,schlagen
beat,schlagen
beautiful,schön
beauty,Schönheit
because,denn
become,werden.
bed,Bett
bedroom,Schlafzimmer
bee,Biene
beef,Rindfleisch
beer,Bier
before,vor
before,vor
before,vor
beg,betteln
begin,beginnen
beginning,Anfang
behalf,für
behave,sich verhalten
behaviour,Verhalten
behind,hinter
behind,hinter
being,unter
belief,Glaube
believe,glauben
bell,Glocke
belong,gehören
beloved,Geliebte
below,unter
below,unter
belt,Gürtel
bench,Bank
benchmark,Benchmark
bend,biegen
bend,biegen
beneath,unter
beneficial,nützlich
beneficiary,Begünstigter
benefit,profitieren
benefit,profitieren
bent,gebogen
beside,neben
besides,neben
besides,neben
best,am besten
best,am besten
best,am besten
bet,Wette
bet,Wette
betray,verraten
better,besser
better,besser
better,besser
between,zwischen
between,zwischen
beyond,jenseits von
beyond,jenseits von
bias,Vorspannung
bicycle,Fahrrad
bid,Angebot
bid,Angebot
big,groß
bike,Fahrrad
bill,Rechnung
bill,Rechnung
billion,Milliarden
bin,bin
bind,binden
biography,Biographie
biological,biologisch
biology,Biologie
bird,Vogel
birth,Geburt
birthday,Geburtstag
biscuit,Kekse
bishop,Bischof
bit,bit
bite,beißen
bite,beißen
bitter,bitter
bizarre,bizarr
black,schwarz
black,schwarz
blade,Klinge
blame,beschuldigen
blame,beschuldigen
blank,leer
blank,leer
blanket,Decke
blast,Sprengung
blast,Sprengung
bleed,bluten
blend,Mischung
blend,Mischung
bless,segne
blessing,Segen
blind,blind
block,Block
block,Block
blog,Blog
blonde,blond
blood,Blut
blow,blasen
blow,blasen
blue,blau
blue,blau
board,Vorstand
board,Vorstand
boast,rühmen
boat,Boot
body,Körper
boil,kochen
bold,fett
bomb,Bombe
bomb,Bombe
bombing,Bombardierung
bond,Anleihe
bone,Knochen
bonus,Bonus
book,Buch
book,Buch
booking,Buchung
boom,Ausleger
boost,erhöhen
boost,erhöhen
boot,boot
border,Grenze
border,Grenze
bored,gelangweilt
boring,langweilig
born,geboren
borrow,ausleihen
boss,Chef
both,beide
both,beide
bother,belästigen.
bottle,Flasche
bottom,unten
bottom,unten
bounce,Aufprallen
bound,gebunden
boundary,Grenze
bow,Bogen
bow,Bogen
bowl,Schale
box,Box
boy,Junge
boyfriend,Freund
brain,Gehirn
branch,Zweigstelle
brand,Marke
brand,Marke
brave,tapfer
breach,Verletzung
breach,Verletzung
bread,Brot
break,Pause
break,Pause
breakdown,Panne
breakfast,Frühstück
breakthrough,bahnbrechend
breast,Brust
breath,Atem
breathe,atmen
breathing,Atmen
breed,züchten
breed,züchten
brick,Ziegelstein
bride,braut
bridge,Brücke
brief,kurz
briefly,kurz
bright,hell
brilliant,brillant
bring,bringen
broad,breit
broadband,Breitband
broadcast,Sendung
broadcast,Sendung
broadcaster,Fernsehveranstalter
broadly,Im Großen und Ganzen
broken,gebrochen
brother,Bruder
brown,braun
brown,braun
browser,Browser
brush,Bürste
brush,Bürste
brutal,brutal
bubble,Blase
buck,Bock
buddy,Kumpel
budget,Haushalt
buffer,Puffer
bug,Fehler
build,bauen
building,Gebäude
bulk,Masse
bullet,Aufzählung
bunch,Bündel
burden,Belastung
bureaucracy,Bürokratie
burial,Beerdigung
burn,brennen
burn,brennen
burst,platzen
bury,begraben.
bus,Bus
bush,Busch
business,Unternehmen
businessman,Geschäftsmann
busy,beschäftigt
but,sondern
but,sondern
butter,Butter
button,Taste
buy,kaufen
by,von
by,von
bye,tschüss
cabin,Kabine
cabinet,Schrank
cable,Kabel
cafe,Cafe
cake,Kuchen
calculate,berechnen
calculation,Berechnung
call,aufrufen
call,aufrufen
calm,ruhig
calm,ruhig
calm,ruhig
camera,Kamera
camp,Lager
camp,Lager
campaign,Kampagne
campaign,Kampagne
camping,Camping
campus,Campus
can,kann
can,kann
canal,kanal
cancel,kündigen
cancer,Krebs
candidate,Kandidat
candle,Kerze
cannot,kann nicht
canvas,Leinwand
cap,Kappe
capability,Fähigkeit
capable,fähig
capacity,Kapazität
capital,Kapital
capital,Kapital
capitalism,Kapitalismus
capitalist,kapitalistische
captain,Kapitän
capture,erfassen
capture,erfassen
car,Auto
carbon,Kohlenstoff
card,Karte
care,Pflege
care,Pflege
career,Karriere
careful,vorsichtig
carefully,sorgfältig
careless,achtlos
cargo,Fracht
carpet,Teppich
carriage,Wagen
carrot,Karotte
carry,tragen
cartoon,Cartoon
carve,schnitzen
case,Fall
cash,Bargeld
casino,Kasino
cast,gießen
cast,gießen
castle,Schloss
casual,lässig
casualty,Unfall
cat,Katze
catalogue,Katalog
catch,fangen
catch,fangen
category,Kategorie
cater,Verpflegung
cattle,Vieh
cause,verursachen
cause,verursachen
caution,Vorsicht
cautious,vorsichtig
cave,Höhle
CD,CD
cease,aufhören
ceiling,Decke
celebrate,feiern
celebration,Feier
celebrity,Berühmtheit
cell,Zelle
cemetery,Friedhof
cent,Cent
central,zentral
centre,Zentrum
centre,Zentrum
century,Jahrhundert
ceremony,Zeremonie
certain,bestimmte
certainly,sicherlich
certainty,Gewissheit
certificate,Zertifikat
chain,Kette
chain,Kette
chair,Stuhl
chair,Stuhl
chairman,Vorsitzender
challenge,Herausforderung
challenge,Herausforderung
challenging,herausfordernd
chamber,Kammer
champion,Meister
championship,Meisterschaft
chance,Chance
change,ändern
change,ändern
channel,Kanal
chaos,chaos
chapter,Kapitel
character,Zeichen
characteristic,Merkmal
characteristic,Merkmal
characterize,charakterisieren
charge,Gebühr
charge,Gebühr
charity,Wohltätigkeit
charm,Charme
charming,charmant
chart,Karte
chart,Karte
charter,Charter
chase,Verfolgung
chase,Verfolgung
chat,Chat
chat,Chat
cheap,billig
cheap,billig
cheat,schummeln
cheat,schummeln
check,siehe
check,siehe
cheek,Wange
cheer,jubeln
cheer,jubeln
cheerful,heiter
cheese,Käse
chef,Chefkoch
chemical,Chemie
chemical,Chemie
chemistry,Chemie
chest,Brust
chicken,Huhn
chief,Chef
chief,Chef
child,Kind
childhood,Kindheit
chip,Chip
chocolate,Schokolade
choice,Auswahl
choir,Chor
choose,wählen.
chop,Kotelett
chronic,chronisch
chunk,Stückchen
church,Kirche
cigarette,Zigarette
cinema,Kino
circle,Kreis
circle,Kreis
circuit,Schaltung
circulate,zirkulieren
circulation,.
circumstance,Umstand
cite,zitieren
citizen,Bürger
citizenship,Staatsbürgerschaft
city,Stadt
civic,zivilgesellschaftlich
civil,zivil
civilian,zivil
civilian,zivil
civilization,Zivilisation
claim,Anspruch
claim,Anspruch
clarify,klären.
clarity,Übersichtlichkeit
clash,clash
class,Klasse
classic,klassisch
classic,klassisch
classical,klassisch
classification,Klassifizierung
classify,einordnen.
classroom,Klassenzimmer
clause,Klausel
clean,sauber
clean,sauber
cleaning,Reinigung
clear,klar
clear,klar
clearly,eindeutig
clerk,Sachbearbeiter
clever,schlau
click,anklicken.
click,anklicken.
client,Kunde
cliff,Klippe
climate,Klima
climb,klettern
climb,klettern
cling,klammern
clinic,Klinik
clinical,klinisch
clip,Clip
clock,Uhr
close,schließen
close,schließen
close,schließen
close,schließen
closed,geschlossen
closely,eng
closure,Verschluss
cloth,Tuch
clothes,Kleidung
clothing,Kleidung
cloud,Wolke
club,Verein
clue,Hinweis
cluster,Cluster
coach,Coach
coach,Coach
coal,Kohle
coalition,Koalition
coast,Küste
coastal,Küste
coat,Mantel
cocktail,Cocktail
code,Code
coffee,Kaffee
cognitive,kognitiv
coin,Münze
coincide,übereinstimmen
coincidence,Zufall
cold,kalt
cold,kalt
collaborate,zusammenarbeiten
collaboration,Zusammenarbeit
collapse,zusammenbrechen
collapse,zusammenbrechen
colleague,Kollege
collect,sammeln
collection,Sammlung
collective,kollektiv
collector,Kollektor
college,Hochschule
collision,Kollision
colonial,kolonial
colony,Kolonie
colour,Farbe
coloured,farbig
colourful,bunt
column,Spalte
columnist,Kolumnist
combat,Kampf
combat,Kampf
combination,Kombination
combine,Mähdrescher
come,kommen
comedy,Komödie
comfort,Komfort
comfort,Komfort
comfortable,bequem
comic,comic
comic,comic
command,Befehl
command,Befehl
commander,Kommandeur
commence,beginnen.
comment,Kommentar
comment,Kommentar
commentary,Kommentar
commentator,Kommentator
commerce,Handel
commercial,kommerziell
commercial,kommerziell
commission,.
commission,.
commissioner,Kommissar
commit,übergeben.
commitment,Engagement
committee,Ausschuss
commodity,Ware
common,gemeinsame
commonly,allgemein
communicate,kommunizieren
communication,Kommunikation
communist,kommunistisch
community,Gemeinschaft
companion,Begleiter
company,Unternehmen
comparable,vergleichbar
comparative,vergleichend
compare,vergleichen
comparison,Vergleich
compassion,Mitgefühl
compel,zwingen
compelling,Zwingend
compensate,kompensieren
compensation,Entschädigung
compete,konkurrieren
competence,Kompetenz
competent,kompetent
competition,Wettbewerb
competitive,wettbewerbsfähig
competitor,Mitbewerber
compile,kompilieren
complain,beschweren
complaint,Beschwerde
complement,ergänzen
complete,vollständig
complete,vollständig
completely,vollständig
completion,Fertigstellung
complex,komplex
complex,komplex
complexity,Komplexität
compliance,Compliance
complicated,kompliziert
complication,Komplikation
comply,entsprechen
component,Komponente
compose,verfassen.
composer,Komponist
composition,Zusammensetzung
compound,Verbindung
comprehensive,umfassend
comprise,umfassen
compromise,Kompromiss
compromise,Kompromiss
compulsory,obligatorisch
compute,berechnen Sie
computer,Computer
conceal,verbergen
concede,konzedieren
conceive,konzipieren
concentrate,Konzentrat
concentration,Konzentration
concept,Konzept
conception,Konzeption
concern,Anliegen
concern,Anliegen
concerned,betroffen
concert,Konzert
concession,Konzession
conclude,schließen
conclusion,Schlussfolgerung
concrete,Beton
concrete,Beton
condemn,verurteilen.
condition,Zustand
conduct,durchführen
conduct,durchführen
confer,konferieren
conference,Konferenz
confess,bekennen
confession,Beichte
confidence,Vertrauen
confident,selbstbewusst
configuration,Konfiguration
confine,beschränken
confirm,bestätigen.
confirmation,Bestätigung
conflict,Konflikt
conflict,Konflikt
confront,konfrontieren
confrontation,Konfrontation
confuse,verwirren
confused,verwirrt
confusing,verwirrend
confusion,Verwirrung
congratulate,gratulieren
congregation,Gemeinde
congressional,Kongress
connect,verbinden
connected,verbunden
connection,Verbindung
conquer,erobern.
conscience,Gewissen
conscious,bewusst
consciousness,Bewusstsein
consecutive,fortlaufend
consensus,Konsens
consent,Zustimmung
consent,Zustimmung
consequence,Folge
consequently,folglich
conservation,Erhaltung
conservative,konservativ
conservative,konservativ
conserve,konservieren
consider,berücksichtigen.
considerable,beachtlich
considerably,erheblich
consideration,Berücksichtigung
consist,bestehen
consistency,Konsistenz
consistent,einheitlich
consistently,durchgehend
consolidate,konsolidieren
conspiracy,Verschwörung
constant,Konstante
constantly,ständig
constituency,Wahlkreis
constitute,bilden
constitution,Verfassung
constitutional,Verfassung
constraint,Einschränkung
construct,konstruieren
construction,Konstruktion
consult,konsultieren.
consultant,Berater
consultation,Beratung
consume,verbrauchen
consumer,Verbraucher
consumption,Verbrauch
contact,Kontakt
contact,Kontakt
contain,enthalten
container,Container
contemplate,betrachten.
contemporary,zeitgemäß
contempt,Verachtung
contend,konkurrieren
contender,Anwärter
content,Inhalt
content,Inhalt
contention,Streitfall
contest,Wettbewerb
contest,Wettbewerb
context,Kontext
continent,Kontinent
continually,ständig
continue,weiter
continuous,kontinuierlich
contract,Vertrag
contract,Vertrag
contractor,Auftragnehmer
contradiction,Widerspruch
contrary,gegen
contrary,gegen
contrast,Kontrast
contrast,Kontrast
contribute,beitragen
contribution,Beitrag
contributor,Beitragszahler
control,Kontrolle
control,Kontrolle
controversial,umstritten
controversy,Kontroverse
convenience,Bequemlichkeit
convenient,bequem
convention,Tagung
conventional,konventionell
conversation,Gespräch
conversion,Umwandlung
convert,konvertieren
convey,übermitteln.
convict,Sträfling
conviction,Verurteilung
convince,überzeugen
convinced,überzeugt
convincing,überzeugend
cook,kochen
cook,kochen
cooker,Herd
cooking,Kochen
cool,cool
cool,cool
cooperate,zusammenarbeiten
cooperative,Genossenschaft
coordinate,koordinieren
coordination,Koordination
coordinator,Koordinator
cop,Polizist
cope,bewältigen
copper,Kupfer
copy,kopieren.
copy,kopieren.
copyright,Copyright
core,Kernstück
core,Kernstück
corner,Ecke
corporate,Unternehmen
corporation,Unternehmen
correct,richtig
correct,richtig
correction,Korrektur
correctly,richtig
correlate,korrelieren
correlation,Korrelation
correspond,entsprechen
correspondence,Korrespondenz
correspondent,Korrespondent
corresponding,Die entsprechende
corridor,Korridor
corrupt,korrupt
corruption,Korruption
cost,Kosten
cost,Kosten
costly,kostspielig
costume,Kostüm
cottage,Hütte
cotton,Baumwolle
could,könnte
council,Rat
councillor,Stadtrat
counselling,Beratung
counsellor,Beraterin
count,zählen
count,zählen
counter,Zähler
counter,Zähler
counterpart,Gegenstück
countless,unzählige
country,Land
countryside,Landleben
county,Landkreis
coup,Coup
couple,Paar
courage,Mut
course,Kurs
court,Gericht
courtesy,mit freundlicher Genehmigung
cousin,Cousine
cover,Abdeckung
cover,Abdeckung
coverage,Abdeckung
covered,überdacht
cow,Kuh
crack,Riss
crack,Riss
craft,Handwerk
craft,Handwerk
crash,Absturz
crash,Absturz
crawl,krabbeln
crazy,verrückt
cream,Creme
cream,Creme
create,erstellen.
creation,Erstellung
creative,kreativ
creativity,Kreativität
creator,Ersteller
creature,Lebewesen
credibility,Glaubwürdigkeit
credible,glaubwürdig
credit,Kredit
credit,Kredit
creep,Kriechen
crew,Mannschaft
crime,Verbrechen
criminal,kriminell
criminal,kriminell
crisis,Krise
criterion,Kriterium
critic,Kritik
critical,kritisch
critically,kritisch
criticism,Kritik
criticize,kritisieren
critique,Kritik
crop,Ernte
cross,Kreuz
cross,Kreuz
crowd,Menge
crowded,überfüllt
crown,Krone
crucial,entscheidend
crude,roh
cruel,grausam
cruise,Kreuzfahrt
cruise,Kreuzfahrt
crush,zerquetschen
cry,weinen
cry,weinen
crystal,Kristall
cue,Stichwort
cult,Kult
cult,Kult
cultivate,anbauen.
cultural,Kultur
culture,Kultur
cup,Tasse
cupboard,Schrank
cure,Heilung
cure,Heilung
curiosity,Neugierde
curious,neugierig
curly,kraus
currency,Währung
current,aktuell
current,aktuell
currently,derzeit
curriculum,Lehrplan
curtain,Vorhang
curve,Kurve
curve,Kurve
curved,gekrümmt
custody,Gewahrsam
custom,benutzerdefinierte
customer,Kunde
cut,schneiden
cut,schneiden
cute,niedlich
cutting,Schneiden
cycle,Zyklus
cycle,Zyklus
cynical,zynisch
dad,Papa
daily,täglich
daily,täglich
dairy,Molkerei
dairy,Molkerei
dam,Damm
damage,Schaden
damage,Schaden
damaging,schädlich
dance,tanzen
dance,tanzen
dancer,Tänzerin
dancing,Tanzen
danger,Gefahr
dangerous,gefährlich
dare,wagen
dark,dunkel
dark,dunkel
darkness,Dunkelheit
data,Daten
database,Datenbank
date,Datum
date,Datum
daughter,Tochter
dawn,Morgengrauen
day,Tag
dead,tot
deadline,Frist
deadly,tödlich
deal,Angebot
deal,Angebot
dealer,Händler
dear,liebe
dear,liebe
death,Tod
debate,Debatte
debate,Debatte
debris,Trümmer
debt,Schulden
debut,Debüt
decade,Jahrzehnt
December,Dezember
decent,anständig
decide,entscheiden
decision,Entscheidung
decision-making,Entscheidungsfindung
decisive,entscheidend
deck,Deck
declaration,Erklärung
declare,deklarieren
decline,Rückgang
decline,Rückgang
decorate,verzieren
decoration,Dekoration
decrease,verringern
decrease,verringern
dedicated,engagiert
dedication,Einweihung
deed,Urkunde
deem,betrachten.
deep,tief
deep,tief
deeply,tief
default,Standard
defeat,besiegen
defeat,besiegen
defect,Fehler
defence,Verteidigung
defend,verteidigen
defender,Verteidiger
defensive,Verteidigung
deficiency,Mangel
deficit,Defizit
define,definieren.
definite,definitiv
definitely,definitiv
definition,Definition
defy,trotzen.
degree,Grad
delay,Verzögerung
delay,Verzögerung
delegate,delegieren
delegation,Delegation
delete,löschen
deliberate,absichtlich
deliberately,absichtlich
delicate,zarte
delicious,lecker
delight,Freude
delight,Freude
delighted,erfreut
deliver,liefern
delivery,Lieferung
demand,Nachfrage
demand,Nachfrage
democracy,Demokratie
democratic,demokratisch
demon,Dämon
demonstrate,zeigen
demonstration,Vorführung
denial,Verweigerung
denounce,anprangern.
dense,Dichtes
density,Dichte
dentist,zahnarzt
deny,verweigern
depart,abreisen
department,Abteilung
departure,Abreise
depend,abhängen
dependence,Abhängigkeit
dependent,abhängig
depict,abbilden.
deploy,einsetzen.
deployment,Bereitstellung
deposit,Kaution
deposit,Kaution
depressed,deprimiert
depressing,deprimierend
depression,Depression
deprive,berauben
depth,Tiefe
deputy,Stellvertreter
derive,ableiten.
descend,Abstieg
descent,Abstieg
describe,beschreiben
description,Beschreibung
desert,Wüste
desert,Wüste
deserve,verdienen
design,Entwurf
design,Entwurf
designate,benennen.
designer,Designer
desirable,wünschenswert
desire,Wunsch
desire,Wunsch
desk,Schreibtisch
desktop,Desktop
desperate,verzweifelt
desperately,verzweifelt
despite,trotz
destination,Zielort
destroy,zerstören
destruction,Zerstörung
destructive,destruktiv
detail,Detail
detail,Detail
detailed,detailliert
detain,zurückhalten
detect,erkennen.
detection,Erkennung
detective,Detektiv
detention,Nachsitzen
deteriorate,verschlechtern
determination,Bestimmung
determine,ermitteln.
determined,bestimmt
devastate,verwüsten
develop,entwickeln.
development,Entwicklung
device,Gerät
devil,Teufel
devise,entwickeln.
devote,widmen.
diagnose,diagnostizieren.
diagnosis,Diagnose
diagram,Diagramm
dialogue,Dialog
diamond,Diamant
diary,Tagebuch
dictate,diktieren
dictator,Diktator
dictionary,Wörterbuch
die,die
diet,Diät
differ,abweichen
difference,Unterschied
different,verschiedene
differentiate,differenzieren
differently,anders
difficult,schwierig
difficulty,Schwierigkeit
dig,dig
digital,digital
dignity,Würde
dilemma,Dilemma
dimension,Dimension
diminish,vermindern
dinner,Abendessen
dip,dip
diplomat,Diplomat
diplomatic,diplomatisch
direct,direkt
direct,direkt
direct,direkt
direction,Richtung
directly,direkt
director,Direktor
directory,Verzeichnis
dirt,Schmutz
dirty,schmutzig
disability,Behinderung
disabled,deaktiviert
disadvantage,Nachteil
disagree,nicht zustimmen
disagreement,Meinungsverschiedenheiten
disappear,verschwinden
disappoint,enttäuschen
disappointed,enttäuscht
disappointing,enttäuschend
disappointment,Enttäuschung
disaster,Katastrophe
disastrous,Verheerend
disc,Scheibe
discard,verwerfen
discharge,Entladung
discipline,Disziplin
disclose,offenlegen
disclosure,Offenlegung
discount,Rabatt
discount,Rabatt
discourage,entmutigen
discourse,Diskurs
discover,entdecken
discovery,Entdeckung
discretion,Diskretion
discrimination,Diskriminierung
discuss,diskutieren
discussion,Diskussion
disease,Krankheit
dish,Gericht
dishonest,unehrlich
disk,Festplatte
dislike,nicht mögen
dislike,nicht mögen
dismiss,entlassen
dismissal,Entlassung
disorder,Störung
displace,verdrängen
display,Anzeige
display,Anzeige
disposal,Entsorgung
dispose,entsorgen
dispute,Streitfall
dispute,Streitfall
disrupt,stören.
disruption,Störung
dissolve,auflösen.
distance,Entfernung
distant,entfernte
distinct,deutlich
distinction,Auszeichnung
distinctive,Unverwechselbar
distinguish,unterscheiden.
distort,verzerren
distract,ablenken.
distress,Notruf
distress,Notruf
distribute,vertreiben
distribution,Vertrieb
district,Bezirk
disturb,stören.
disturbing,beunruhigend.
dive,Tauchen
dive,Tauchen
diverse,diverse
diversity,Vielfalt
divert,umleiten
divide,dividieren
divide,dividieren
divine,göttlich
division,Abteilung
divorce,Scheidung
divorce,Scheidung
divorced,geschieden
do,tun
do,tun
doctor,Doktor
doctrine,Doktrin
document,Dokument
document,Dokument
documentary,Dokumentarfilm
documentation,Dokumentation
dog,Hund
dollar,Dollar
domain,Domain
domestic,inländisch
dominance,Dominanz
dominant,dominant
dominate,dominieren
donate,spenden
donation,Spende
donor,Spender
door,Tür
dose,Dosis
dot,Punkt
double,doppelt
double,doppelt
double,doppelt
double,doppelt
double,doppelt
doubt,Zweifel
doubt,Zweifel
down,unten
down,unten
download,herunterladen
download,herunterladen
downstairs,im Erdgeschoss
downstairs,im Erdgeschoss
downtown,Stadtzentrum
downtown,Stadtzentrum
downtown,Stadtzentrum
downwards,nach unten
dozen,Dutzend
dozen,Dutzend
draft,Entwurf
draft,Entwurf
drag,ziehen
drain,Ablauf
drama,Drama
dramatic,dramatisch
dramatically,dramatisch
draw,zeichnen
drawing,Zeichnung
dream,Traum
dream,Traum
dress,Kleid
dress,Kleid
dressed,gekleidet
drift,Drift
drink,trinken
drink,trinken
drive,Antrieb
drive,Antrieb
driver,Fahrer
driving,Fahren
driving,Fahren
drop,fallen lassen
drop,fallen lassen
drought,Dürre
drown,ertrinken
drug,Droge
drum,Trommel
drunk,betrunken
dry,trocken
dry,trocken
dual,dual
dub,Synchronisation
due,fällig
dull,langweilig
dumb,dumm
dump,abladen
duo,duo
duration,Dauer
during,während
dust,Staub
duty,Zoll
DVD,DVD
dynamic,dynamisch
dynamic,dynamisch
each,jede
each,jede
each,jede
eager,eifrig
ear,Ohr
early,früh
early,früh
earn,verdienen
earnings,Ergebnis
earth,Erde
earthquake,Erdbeben
ease,erleichtern
ease,erleichtern
easily,einfach
east,Osten
east,Osten
east,Osten
eastern,Ost
easy,einfach
eat,essen
echo,echo
echo,echo
ecological,ökologisch
economic,wirtschaftlich
economics,Wirtschaft
economist,Wirtschaftswissenschaftler
economy,Wirtschaft
edge,Rand
edit,bearbeiten
edition,Ausgabe
editor,Herausgeber
editorial,Impressum
educate,erziehen
educated,Gebildet
education,Bildung
educational,Bildung
educator,Erzieherin
effect,Wirkung
effective,wirksam
effectively,effektiv
effectiveness,Wirksamkeit
efficiency,Effizienz
efficient,effizient
efficiently,effizient
effort,Aufwand
egg,Ei
ego,Ego
eight,acht
eighteen,achtzehn
eighty,achtzig
either,entweder
either,entweder
either,entweder
elaborate,aufwendig
elbow,Ellenbogen
elderly,ältere Menschen
elect,wählen
election,Wahl
electoral,Wahlen
electric,elektrisch
electrical,elektrisch
electricity,Strom
electronic,elektronisch
electronics,Elektronik
elegant,elegant
element,Element
elementary,elementar
elephant,Elefant
elevate,erheben.
eleven,elf
eligible,förderfähig
eliminate,beseitigen.
elite,elite
else,sonst
elsewhere,anderswo
email,E-Mail
email,E-Mail
embark,einleiten.
embarrassed,peinlich
embarrassing,peinlich
embarrassment,Peinlichkeit
embassy,botschaft
embed,einbetten
embody,verkörpern
embrace,umarmen.
emerge,auftauchen
emergence,Entstehung
emergency,Notfall
emission,Emission
emotion,Emotionen
emotional,emotional
emotionally,gefühlsmäßig
emphasis,Schwerpunkt
emphasize,hervorheben.
empire,Imperium
empirical,empirisch
employ,einsetzen.
employee,Mitarbeiter
employer,Arbeitgeber
employment,Beschäftigung
empower,bevollmächtigen
empty,leer
empty,leer
enable,aktivieren.
enact,in Kraft setzen.
encompass,umfassen
encounter,Begegnung
encounter,Begegnung
encourage,fördern
encouragement,Ermutigung
encouraging,ermutigend
end,Ende
end,Ende
endeavour,Bemühen
ending,Ende
endless,endlos
endorse,befürworten.
endorsement,Indossament
endure,ertragen
enemy,Feind
energy,Energie
enforce,durchsetzen.
enforcement,Durchsetzung
engage,einschalten.
engaged,engagiert
engagement,Verlobung
engaging,engagieren
engine,Motor
engineer,Ingenieur
engineering,Technik
enhance,verbessern.
enjoy,genießen Sie
enjoyable,unterhaltsam
enormous,enorm
enough,genug
enough,genug
enough,genug
enquire,anfragen.
enquiry,Anfrage
enrich,bereichern
enrol,einschreiben.
ensue,folgen.
ensure,sicherstellen
enter,eingeben.
enterprise,Unternehmen
entertain,unterhalten
entertaining,unterhaltsam
entertainment,Unterhaltung
enthusiasm,Begeisterung
enthusiast,Liebhaber
enthusiastic,Begeistert
entire,gesamte
entirely,vollständig
entitle,berechtigen
entity,Unternehmen
entrance,Eingang
entrepreneur,Unternehmer
entry,Eintrag
envelope,Briefumschlag
environment,Umwelt
environmental,Umwelt
epidemic,Epidemie
episode,Folge
equal,gleich
equal,gleich
equal,gleich
equality,Gleichstellung
equally,ebenso
equation,Gleichung
equip,ausstatten
equipment,Ausrüstung
equivalent,gleichwertig
equivalent,gleichwertig
era,Ära
erect,aufstellen
error,Fehler
erupt,ausbrechen.
escalate,eskalieren.
escape,Flucht
escape,Flucht
especially,insbesondere
essay,Aufsatz
essence,Essenz
essential,Wesentlich
essentially,im Wesentlichen
establish,einrichten.
establishment,Einrichtung
estate,Nachlass
estimate,Schätzung
estimate,Schätzung
eternal,ewig
ethic,Ethik
ethical,ethisch
ethnic,ethnisch
euro,euro
evacuate,evakuieren.
evaluate,bewerten
evaluation,Bewertung
even,sogar
even,sogar
evening,Abend
event,Veranstaltung
eventually,eventuell
ever,immer
every,jede
everybody,alle
everyday,Alltag
everyone,alle
everything,alles
everywhere,überall
evidence,Beweise
evident,Offensichtlich
evil,böse
evil,böse
evoke,evozieren
evolution,Entwicklung
evolutionary,evolutionär
evolve,weiterentwickeln
exact,genau
exactly,genau
exaggerate,übertreiben
exam,Prüfung
examination,Prüfung
examine,prüfen.
example,Beispiel
exceed,übersteigen
excellence,Exzellenz
excellent,ausgezeichnet
except,außer
except,außer
exception,Ausnahme
exceptional,außergewöhnlich
excess,Überschuss
excess,Überschuss
excessive,Übermäßige
exchange,Austausch
exchange,Austausch
excited,aufgeregt
excitement,Aufregung
exciting,Spannend
exclude,ausschließen
exclusion,Ausschluss
exclusive,exklusiv
exclusively,ausschließlich
excuse,Entschuldigung
excuse,Entschuldigung
execute,ausführen.
execution,Ausführung
executive,Exekutive
executive,Exekutive
exercise,Übung
exercise,Übung
exert,ausüben.
exhibit,ausstellen
exhibit,ausstellen
exhibition,Ausstellung
exile,Exil
exist,existieren
existence,Existenz
exit,Ausgang
exit,Ausgang
exotic,exotisch
expand,erweitern.
expansion,Erweiterung
expect,erwarten
expectation,Erwartung
expected,erwartet
expedition,Expedition
expenditure,Ausgaben
expense,Kosten
expensive,teuer
experience,erleben
experience,erleben
experienced,erfahren
experiment,Experiment
experiment,Experiment
experimental,experimentell
expert,Experte
expert,Experte
expertise,Fachwissen
expire,ablaufen
explain,erklären
explanation,Erklärung
explicit,ausdrücklich
explicitly,ausdrücklich
explode,explodieren
exploit,ausnutzen.
exploitation,Ausbeutung
exploration,Erkundung
explore,erkunden.
explosion,Explosion
explosive,explosiv
explosive,explosiv
export,exportieren
export,exportieren
expose,aussetzen.
exposure,Belastung
express,express
expression,Ausdruck
extend,erweitern.
extension,Erweiterung
extensive,umfangreich
extensively,Ausführlich
extent,Umfang
external,extern
extra,extra
extra,extra
extra,extra
extract,Auszug
extract,Auszug
extraordinary,außerordentlich
extreme,extrem
extreme,extrem
extremely,extrem
extremist,extremistisch
eye,Auge
fabric,Stoff
fabulous,märchenhaft
face,Gesicht
face,Gesicht
facilitate,erleichtern
facility,Einrichtung
fact,Tatsache
faction,Fraktion
factor,Faktor
factory,Werk
faculty,Fachbereich
fade,verblassen
fail,scheitern
failed,gescheitert
failure,Ausfall
fair,Messe
fairly,Ziemlich
fairness,Fairness
faith,Glaube
fake,gefälscht
fall,Herbst
fall,Herbst
false,falsch
fame,Ruhm
familiar,vertraut
family,Familie
family,Familie
famous,berühmt
fan,Fan
fancy,schick
fancy,schick
fantastic,fantastisch
fantasy,Fantasie
far,weit
far,weit
fare,Tarif
farm,Bauernhof
farm,Bauernhof
farmer,Landwirt
farming,Landwirtschaft
fascinating,faszinierend
fashion,Mode
fashionable,modisch
fast,schnell
fast,schnell
fasten,befestigen.
fat,fett
fat,fett
fatal,tödlich
fate,Schicksal
father,Vater
fault,Störung
favour,begünstigen
favour,begünstigen
favourable,günstig
favourite,Favorit
favourite,Favorit
fear,Angst
fear,Angst
feat,feat.
feather,Feder
feature,Funktion
feature,Funktion
February,Februar
federal,Bund
fee,Gebühr
feed,Futtermittel
feed,Futtermittel
feedback,Rückmeldung
feeding,Fütterung
feel,fühlen
feel,fühlen
feeling,Gefühl
fellow,Mitstreiter
female,weiblich
female,weiblich
feminist,feministisch
feminist,feministisch
fence,Zaun
festival,Festival
fever,Fieber
few,wenige
few,wenige
few,wenige
fibre,Faser
fiction,Belletristik
field,Feld
fierce,heftig
fifteen,fünfzehn
fifth,fünfte
fifty,fünfzig
fight,kämpfen
fight,kämpfen
fighting,Kampf gegen
figure,Abbildung
figure,Abbildung
file,Datei
file,Datei
fill,füllen.
film,Film
film,Film
film-maker,Filmemacher
filter,Filter
filter,Filter
final,endgültig
final,endgültig
finally,schließlich
finance,Finanzen
finance,Finanzen
financial,Finanzen
find,finden.
finding,finden.
fine,fein
fine,fein
fine,fein
finger,Finger
finish,fertigstellen
finish,fertigstellen
fire,Feuer
fire,Feuer
firearm,Schusswaffe
firefighter,Feuerwehrmann
firework,Feuerwerk
firm,Firma
firm,Firma
firmly,fest
first,erste
first,erste
first,erste
first,erste
firstly,erstens
fish,Fisch
fish,Fisch
fishing,Angeln
fit,fit
fit,fit
fit,fit
fitness,Fitness
five,fünf
fix,reparieren
fix,reparieren
fixed,fest
fixture,Vorrichtung
flag,Flagge
flame,Flamme
flash,Blitzlicht
flash,Blitzlicht
flat,Wohnung
flat,Wohnung
flavour,Geschmack
flaw,Fehler
flawed,mangelhaft
flee,fliehen
fleet,Flotte
flesh,Fleisch
flexibility,Flexibilität
flexible,flexibel
flight,Flug
float,Schwimmer
flood,Hochwasser
flood,Hochwasser
floor,Boden
flour,Mehl
flourish,blühen
flow,Durchfluss
flow,Durchfluss
flower,Blume
flu,Grippe
fluid,Flüssigkeit
fly,Fliege
fly,Fliege
flying,Fliegen
flying,Fliegen
focus,Fokus
focus,Fokus
fold,falten
fold,falten
folding,klappbar
folk,Volk
folk,Volk
follow,folgen Sie
following,unter
following,unter
following,unter
fond,liebevoll
food,Lebensmittel
fool,Narr
foot,Fuß
footage,Bildmaterial
football,Fußball
for,für
forbid,verbieten
force,Kraft
force,Kraft
forecast,Prognose
forecast,Prognose
foreign,Ausland
foreigner,Ausländer
forest,Wald
forever,für immer
forge,schmieden
forget,vergessen
forgive,verzeihen
fork,Gabel
form,Formular
form,Formular
formal,formal
format,Format
formation,Bildung
former,ehemals
formerly,ehemals
formula,Formel
formulate,formulieren.
forth,weiter
forthcoming,demnächst
fortunate,Glücklich
fortunately,zum Glück
fortune,Glück
forty,vierzig
forum,Forum
forward,weiter
forward,weiter
fossil,Fossil
foster,pflegen
found,gefunden
foundation,Stiftung
founder,Gründer
four,vier
fourteen,vierzehn
fourth,vierte
fraction,Fraktion
fragile,zerbrechlich
fragment,Fragment
frame,Rahmen
frame,Rahmen
framework,Rahmenwerk
franchise,Franchise
frankly,offen gesagt
fraud,Betrug
free,kostenlos
free,kostenlos
free,kostenlos
freedom,Freiheit
freely,frei
freeze,einfrieren
frequency,Frequenz
frequent,häufig
frequently,häufig
fresh,frisch
Friday,Freitag
fridge,Kühlschrank
friend,Freund
friendly,freundlich
friendship,Freundschaft
frighten,erschrecken
frightened,verängstigt
frightening,beängstigend
frog,Frosch
from,von
front,Vorderseite
front,Vorderseite
frozen,gefroren
fruit,Obst
frustrated,Frustriert
frustrating,Frustrierend
frustration,Frustration
fry,braten
fuel,Kraftstoff
fuel,Kraftstoff
fulfil,erfüllen
full,vollständig
full-time,Vollzeit
full-time,Vollzeit
fully,vollständig
fun,Spaß
fun,Spaß
function,Funktion
function,Funktion
functional,funktionell
fund,Fonds
fund,Fonds
fundamental,grundlegend
fundamentally,grundlegend
funding,Finanzierung
fundraising,Fundraising
funeral,Beerdigung
funny,lustig
fur,Pelz
furious,wütend
furniture,Möbel
further,weiter
further,weiter
furthermore,außerdem
future,Zukunft
future,Zukunft
gain,gewinnen
gain,gewinnen
gallery,Galerie
gallon,Gallone
gambling,Glücksspiel
game,Spiel
gaming,Gaming
gang,Bande
gap,Lücke
garage,Garage
garden,Garten
gas,Gas
gate,Tor
gather,sammeln.
gathering,Sammeln
gay,schwul
gaze,Blick
gaze,Blick
gear,Getriebe
gender,Geschlecht
gene,Gen
general,allgemein
generally,allgemein
generate,erzeugen
generation,Generation
generic,generisch
generous,großzügig
genetic,genetisch
genius,genial
genocide,Genozid
genre,Genre
gentle,sanft
gentleman,Gentleman
genuine,echt
genuinely,wirklich
geography,Geographie
gesture,Geste
get,erhalten.
ghost,Geist
giant,riesig
giant,riesig
gift,Geschenk
gig,Auftritt
girl,Mädchen
girlfriend,Freundin
give,geben.
glad,froh
glance,Blick
glance,Blick
glass,Glas
glimpse,flüchtiger Blick
global,weltweit
globalization,Globalisierung
globe,Weltkugel
glorious,glorreich
glory,Ruhm
glove,Handschuh
go,gehen.
go,gehen.
goal,Ziel
god,Gott
gold,Gold
gold,Gold
golden,goldene
golf,Golf
good,gut
good,gut
goodbye,Auf Wiedersehen
goodbye,Auf Wiedersehen
goodness,Güte
goods,Waren
gorgeous,wunderschön
govern,regeln
governance,Steuerung
government,Regierung
governor,Gouverneur
grab,greifen
grace,Gnade
grade,Klasse
grade,Klasse
gradually,allmählich
graduate,Absolvent
graduate,Absolvent
grain,Getreide
grand,großartig
grandfather,Großvater
grandmother,Großmutter
grandparent,Großeltern
grant,gewähren
grant,gewähren
graphic,Grafik
graphics,Grafik
grasp,greifen.
grasp,greifen.
grass,Gras
grateful,dankbar
grave,Grab
grave,Grab
gravity,Schwerkraft
great,großartig
greatly,sehr
green,grün
green,grün
greenhouse,Gewächshaus
greet,grüßen
grey,grau
grey,grau
grid,Gitter
grief,Kummer
grin,grinsen
grin,grinsen
grind,mahlen
grip,Griff
grip,Griff
grocery,Lebensmittelgeschäft
gross,brutto
ground,Boden
group,Gruppe
grow,wachsen
growth,Wachstum
guarantee,Garantie
guarantee,Garantie
guard,Wache
guard,Wache
guerrilla,Guerrilla
guess,erraten
guess,erraten
guest,Gast
guidance,Anleitung
guide,Leitfaden
guide,Leitfaden
guideline,Leitfaden
guilt,Schuld
guilty,schuldig
guitar,Gitarre
gun,Waffe
gut,Darm
guy,Typ
gym,Fitnessstudio
habit,Gewohnheit
habitat,Lebensraum
hail,hagel
hair,Haare
half,halb
half,halb
half,halb
half,halb
halfway,auf halbem Weg
hall,Halle
halt,halt
halt,halt
hand,Hand
hand,Hand
handful,eine Handvoll
handle,Griff
handle,Griff
handling,Umgang mit
handy,handlich
hang,hängen
happen,geschehen
happily,fröhlich
happiness,Glück
happy,glücklich
harassment,Belästigung
harbour,Hafen
hard,hart
hard,hart
hardly,kaum
hardware,Hardware
harm,Schaden
harm,Schaden
harmful,schädlich
harmony,Harmonie
harsh,.
harvest,ernten
harvest,ernten
hat,Hut
hate,hassen
hate,hassen
hatred,Hass
haunt,spuken
have,haben
have,haben
have to,müssen
hazard,Gefahr
he,er
head,Kopf
head,Kopf
headache,Kopfschmerzen
headline,Schlagzeile
headquarters,Hauptsitz
heal,heilen
health,Gesundheit
healthcare,Gesundheitswesen
healthy,gesund
hear,hören
hearing,Hören
heart,Herz
heat,Wärme
heat,Wärme
heating,Heizung
heaven,Himmel
heavily,schwer
heavy,schwer
heel,Ferse
height,Höhe
heighten,Erhöhen Sie
helicopter,Hubschrauber
hell,Hölle
hello,hallo
hello,hallo
helmet,Helm
help,Hilfe
help,Hilfe
helpful,hilfreich
hence,daher
her,ihre
her,ihre
herb,Kräuter
here,hier
heritage,Erbe
hero,Held
hers,ihre
herself,selbst
hesitate,zögern
hey,Hallo
hi,Hallo
hidden,versteckt
hide,ausblenden
hierarchy,Hierarchie
high,hoch
high,hoch
high,hoch
high-profile,hochkarätige
highlight,Highlight
highlight,Highlight
highly,sehr
highway,Autobahn
hilarious,urkomisch
hill,Hügel
him,er
himself,selbst
hint,Hinweis
hint,Hinweis
hip,hip
hire,mieten
hire,mieten
his,seine
his,seine
historian,Historiker
historic,historisch
historical,historisch
history,Geschichte
hit,treffen.
hit,treffen.
hobby,Hobby
hockey,Eishockey
hold,halten
hold,halten
hole,Loch
holiday,Urlaub
hollow,hohl
holy,Heilige
home,Startseite
home,Startseite
home,Startseite
homeland,Heimatland
homeless,Obdachlos
homework,Hausaufgaben
honest,ehrlich
honesty,Ehrlichkeit
honour,Ehre
honour,Ehre
hook,Haken
hook,Haken
hope,Hoffnung
hope,Hoffnung
hopeful,hoffnungsvoll
hopefully,hoffentlich
horizon,Horizont
horn,Horn
horrible,Schrecklich
horror,Horror
horse,Pferd
hospital,Krankenhaus
host,Gastgeber
host,Gastgeber
hostage,Geisel
hostile,feindliche
hostility,Feindseligkeit
hot,heiß
hotel,Hotel
hour,Stunde
house,Haus
house,Haus
household,Haushalt
housing,Gehäuse
how,wie
however,jedoch
huge,riesig
human,menschlich
human,menschlich
humanitarian,humanitäre Hilfe
humanity,Menschlichkeit
humble,bescheidene
humorous,witzig
humour,Humor
hundred,hundert
hunger,Hunger
hungry,hungrig
hunt,jagen
hunt,jagen
hunting,Jagd
hurricane,Wirbelsturm
hurry,Eile
hurry,Eile
hurt,verletzt
hurt,verletzt
hurt,verletzt
husband,Ehemann
hydrogen,Wasserstoff
hypothesis,Hypothese
I,I
ice,Eis
ice cream,Eiscreme
icon,Symbol
ID,ID
idea,Idee
ideal,ideal
ideal,ideal
identical,identisch
identification,Identifizierung
identify,identifizieren.
identity,Identität
ideological,ideologisch
ideology,Ideologie
idiot,Idiot
if,wenn
ignorance,Unwissenheit
ignore,ignorieren.
ill,krank
illegal,illegal
illness,Krankheit
illusion,Illusion
illustrate,illustrieren
illustration,Abbildung
image,Bild
imagery,Bildmaterial
imaginary,imaginäre
imagination,Phantasie
imagine,vorstellen
immediate,sofort
immediately,sofort
immense,immense
immigrant,Einwanderer
immigration,Einwanderung
imminent,Unmittelbar bevorstehend
immune,Immunsystem
impact,Auswirkungen
impact,Auswirkungen
impatient,Ungeduldig
implement,implementieren
implementation,Umsetzung
implication,Implikation
imply,implizieren
import,importieren
import,importieren
importance,Bedeutung
important,wichtig
impose,auferlegen.
impossible,unmöglich
impress,beeindrucken
impressed,beeindruckt
impression,Abdruck
impressive,beeindruckend
imprison,inhaftieren
imprisonment,Freiheitsentzug
improve,verbessern
improvement,Verbesserung
in,in
in,in
inability,Unfähigkeit
inadequate,unzureichend
inappropriate,Ungeeignet
incentive,Anreiz
inch,Zoll
incidence,Inzidenz
incident,Vorfall
inclined,schräg
include,einschließen.
included,inklusive
including,einschließlich
inclusion,Einbeziehung
income,Einkommen
incorporate,einbeziehen.
incorrect,falsch
increase,erhöhen.
increase,erhöhen.
increasingly,zunehmend
incredible,unglaublich
incredibly,unglaublich
incur,anfallen
indeed,in der Tat
independence,Unabhängigkeit
independent,unabhängig
index,Index
indicate,anzeigen.
indication,Anzeige
indicator,Anzeige
indictment,Anklageschrift
indigenous,Einheimische
indirect,indirekt
individual,individuell
individual,individuell
indoor,Innenbereich
indoors,drinnen
induce,auslösen.
indulge,verwöhnen
industrial,Industrie
industry,Industrie
inequality,Ungleichheit
inevitable,Unvermeidlich
inevitably,Unweigerlich
infamous,berüchtigt
infant,Kleinkind
infect,infizieren
infection,Infektion
infer,ableiten
inflation,Inflation
inflict,zufügen
influence,Einfluss
influence,Einfluss
influential,einflussreich
info,Infos
inform,informieren
informal,informell
information,Informationen
infrastructure,Infrastruktur
ingredient,Inhaltsstoff
inhabitant,Einwohnerin
inherent,inhärent
inherit,erben
inhibit,hemmen
initial,erste
initially,ursprünglich
initiate,einleiten.
initiative,Initiative
inject,einspeisen.
injection,Einspritzung
injure,verletzen
injured,verletzt
injury,Verletzung
injustice,Ungerechtigkeit
ink,Tinte
inmate,Häftling
inner,innen
innocent,unschuldig
innovation,Innovation
innovative,innovativ
input,Eingabe
inquiry,Anfrage
insect,Insekt
insert,einfügen.
insertion,Einfügung
inside,innerhalb
inside,innerhalb
inside,innerhalb
inside,innerhalb
insider,Insider
insight,Einblick
insist,darauf bestehen
inspect,prüfen
inspection,Inspektion
inspector,Inspektor
inspiration,Inspiration
inspire,inspirieren
install,installieren
installation,Installation
instance,Instanz
instant,sofort
instantly,sofort
instead,stattdessen
instinct,Instinkt
institute,Institut
institution,Einrichtung
institutional,Institutionelle
instruct,beauftragen.
instruction,Anleitung
instructor,Ausbilder
instrument,Instrument
instrumental,Instrumental
insufficient,unzureichend
insult,Beleidigung
insult,Beleidigung
insurance,Versicherung
intact,intakt
intake,Ansaugung
integral,Integral
integrate,integrieren
integrated,integriert
integration,Integration
integrity,Integrität
intellectual,intellektuell
intellectual,intellektuell
intelligence,Intelligenz
intelligent,intelligent
intend,beabsichtigen
intended,beabsichtigt
intense,intensiv
intensify,intensivieren
intensity,Intensität
intensive,intensiv
intent,Absicht
intention,Absicht
interact,interagieren
interaction,Interaktion
interactive,interaktiv
interest,Interesse
interest,Interesse
interested,Interessiert
interesting,interessant
interface,Schnittstelle
interfere,sich einmischen
interference,Störung
interim,vorläufige
interior,Innenbereich
interior,Innenbereich
intermediate,Zwischenbericht
internal,intern
international,international
internet,Internet
interpret,dolmetschen
interpretation,Auslegung
interrupt,unterbrechen
interval,Intervall
intervene,intervenieren
intervention,Intervention
interview,Interview
interview,Interview
intimate,intime
into,in
intriguing,Faszinierend
introduce,vorstellen.
introduction,Einführung
invade,eindringen.
invasion,Invasion
invent,erfinden
invention,Erfindung
invest,investieren
investigate,Untersuchen Sie
investigation,Untersuchung
investigator,Ermittler
investment,Investition
investor,Investor
invisible,unsichtbar
invitation,Einladung
invite,einladen
invoke,aufrufen.
involve,einbeziehen.
involved,beteiligt
involvement,Beteiligung
iron,Eisen
iron,Eisen
ironic,ironisch
ironically,ironischerweise
irony,Ironie
irrelevant,irrelevant
island,Insel
isolate,isolieren
isolated,isoliert
isolation,Isolierung
issue,Ausgabe
issue,Ausgabe
IT,IT
it,es
item,Artikel
its,seine
itself,selbst
jacket,Jacke
jail,Gefängnis
jail,Gefängnis
jam,Marmelade
January,Januar
jazz,Jazz
jeans,Jeans
jet,jet
jewellery,Schmuck
job,Job
join,beitreten
joint,gemeinsame
joint,gemeinsame
joke,Scherzartikel
joke,Scherzartikel
journal,Zeitschrift
journalism,Journalismus
journalist,Journalist
journey,Reise
joy,Freude
judge,Richter
judge,Richter
judgement,Urteil
judicial,gerichtlich
juice,Saft
July,Juli
jump,springen
jump,springen
junction,Kreuzung
June,Juni
junior,Junior
jurisdiction,Gerichtsbarkeit
jury,Jury
just,nur
just,nur
justice,Justiz
justification,Rechtfertigung
justify,rechtfertigen
keen,scharfsinnig
keep,behalten.
key,Schlüssel
key,Schlüssel
key,Schlüssel
keyboard,Tastatur
kick,treten
kick,treten
kid,Kind
kidnap,entführen
kidney,Niere
kill,töten
killing,Töten
kilometre,Kilometer
kind,freundlich
kind,freundlich
king,König
kingdom,Königreich
kiss,Kuss
kiss,Kuss
kit,Bausatz
kitchen,Küche
knee,Knie
knife,Messer
knock,klopfen
knock,klopfen
know,wissen
knowledge,Wissen
lab,Labor
label,Etikett
label,Etikett
laboratory,Labor
labour,Arbeit
lack,Mangel
lack,Mangel
lad,Junge
ladder,Leiter
lady,Dame
lake,See
lamp,Lampe
land,Land
land,Land
landing,Landung
landlord,Vermieter
landmark,Wahrzeichen
landscape,Landschaft
lane,Spur
language,Sprache
lap,Runde
laptop,Laptop
large,groß
large-scale,Großes
largely,weitgehend
laser,Laser
last,zuletzt
last,zuletzt
last,zuletzt
last,zuletzt
late,spät
late,spät
lately,In letzter Zeit
later,später
later,später
latest,neueste
latest,neueste
latter,letztere
latter,letztere
laugh,lachen
laugh,lachen
laughter,Lachen
launch,Start
launch,Start
law,Gesetz
lawn,Rasen
lawsuit,Rechtsstreit
lawyer,Rechtsanwalt
lay,legen
layer,Ebene
layout,Layout
lazy,faule
lead,Blei
lead,Blei
leader,Anführer
leadership,Führung
leading,führend
leaf,Blatt
leaflet,Flugblatt
league,Liga
leak,Leck
leak,Leck
lean,schlank
leap,springt
leap,springt
learn,lernen
learning,Lernen
least,am wenigsten
least,am wenigsten
least,am wenigsten
leather,Leder
leave,verlassen
leave,verlassen
lecture,Vortrag
lecture,Vortrag
left,links
left,links
left,links
leg,Bein
legacy,Erbe
legal,legal
legend,Legende
legendary,legendär
legislation,Gesetzgebung
legislative,Gesetzgebung
legislature,Legislative
legitimate,rechtmäßig
leisure,Freizeit
lemon,Zitrone
lend,ausleihen.
length,Länge
lengthy,langatmig
lens,Objektiv
lesbian,lesbisch
less,weniger
less,weniger
less,weniger
lesser,weniger
lesson,Lektion
let,lassen Sie
lethal,tödlich
letter,Schreiben
level,Ebene
level,Ebene
level,Ebene
liable,haftbar
liberal,liberal
liberal,liberal
liberation,Befreiung
liberty,Freiheit
library,Bibliothek
licence,Lizenz
license,Lizenz
lie,liegen
lie,liegen
lie,liegen
life,Leben
lifelong,lebenslänglich
lifestyle,Lebensstil
lifetime,Lebensdauer
lift,Aufzug
lift,Aufzug
light,Licht
light,Licht
light,Licht
lighting,Beleuchtung
like,wie
like,wie
like,wie
likelihood,likelihood
likely,wahrscheinlich
likewise,Ebenso
limb,Gliedmaßen
limit,Grenze
limit,Grenze
limitation,Begrenzung
limited,begrenzt
line,Zeile
line,Zeile
line-up,Aufstellung
linear,linear
linger,verweilen
link,Link
link,Link
lion,Löwe
lip,Lippe
liquid,flüssig
liquid,flüssig
list,Liste
list,Liste
listen,hören.
listener,Hörer
listing,Auflistung
literacy,Alphabetisierung
literally,buchstäblich
literary,Literatur
literature,Literatur
litre,Liter
litter,Abfälle
little,wenig
little,wenig
little,wenig
little,wenig
live,live
live,live
live,live
lively,lebendig
liver,Leber
living,leben
living,leben
load,laden
load,laden
loan,Darlehen
lobby,Lobby
lobby,Lobby
local,.
local,.
locate,ausfindig machen.
located,Standort
location,Standort
lock,sperren
lock,sperren
log,Protokoll
log,Protokoll
logic,Logik
logical,logisch
logo,Logo
lonely,einsam
long,lang
long,lang
long-standing,Langjährige
long-term,langfristig
long-term,langfristig
long-time,langjährig
look,siehe
look,siehe
loom,Webstuhl
loop,Schleife
loose,lose
lord,Fürst
lorry,Lkw
lose,verlieren
loss,Verlust
lost,verloren
lot,Los
lot,Los
lot,Los
lottery,Lotterie
loud,laut
loud,laut
loudly,lautstark
love,Liebe
love,Liebe
lovely,schön
low,niedrig
low,niedrig
low,niedrig
lower,unter
loyal,treu
loyalty,Loyalität
luck,Glück
lucky,Glück
lunch,Mittagessen
lung,Lunge
luxury,Luxus
luxury,Luxus
lyric,Lyrik
machine,Maschine
machinery,Maschinenpark
mad,verrückt
magazine,Zeitschrift
magic,Magie
magic,Magie
magical,magisch
magistrate,Magistrat
magnetic,magnetisch
magnificent,prächtige
magnitude,Größenordnung
mail,E-Mail
mail,E-Mail
main,Haupt
mainland,Festland
mainly,hauptsächlich
mainstream,Mainstream
mainstream,Mainstream
maintain,pflegen.
maintenance,Wartung
major,Haupt
major,Haupt
majority,Mehrheit
make,machen.
make,machen.
make-up,Schminke
making,Herstellung von
male,männlich
male,männlich
mall,Einkaufszentrum
man,man
manage,verwalten
management,Management
manager,Manager
mandate,Mandat
mandatory,obligatorisch
manifest,Manifest
manipulate,manipulieren
manipulation,Manipulation
manner,Art und Weise
manufacture,Herstellung
manufacturing,Herstellung
manuscript,Manuskript
many,viele
many,viele
map,Karte
map,Karte
marathon,Marathon
March,März
march,März
march,März
margin,Marge
marginal,marginal
marine,Marine
mark,mark
mark,mark
marker,Markierung
market,Markt
market,Markt
marketing,Marketing
marketplace,Marktplatz
marriage,Ehe
married,verheiratet
marry,heiraten
martial,martialisch
mask,Maske
mass,Masse
mass,Masse
massacre,Gemetzel
massive,massiv
master,Meister
master,Meister
match,Spiel
match,Spiel
matching,passend zu
mate,Kumpel
mate,Kumpel
material,Material
material,Material
mathematical,mathematisch
mathematics,Mathematik
maths,Mathe
matter,Materie
matter,Materie
mature,reife
mature,reife
maximize,maximieren
maximum,maximal
maximum,maximal
May,Mai
may,Mai
maybe,vielleicht
mayor,Bürgermeister
me,ich
meal,Mahlzeit
mean,mittlere
meaning,Bedeutung
meaningful,sinnvoll
means,bedeutet
meantime,Inzwischen
meanwhile,Inzwischen
measure,Maßnahme
measure,Maßnahme
measurement,Messung
meat,Fleisch
mechanic,Mechaniker
mechanical,mechanisch
mechanism,Mechanismus
medal,Medaille
media,Medien
medical,medizinisch
medication,Medikamente
medicine,Medizin
medieval,mittelalterlich
meditation,Meditation
medium,mittel
medium,mittel
meet,treffen
meeting,Treffen
melody,Melodie
melt,schmelzen
member,Mitglied
membership,Mitgliedschaft
memo,Memo
memoir,Memoiren
memorable,denkwürdig
memorial,Gedenkstätte
memory,Speicher
mental,mental
mention,erwähnen.
mention,erwähnen.
mentor,Mentor
menu,Menü
merchant,Händler
mercy,Barmherzigkeit
mere,nur
merely,lediglich
merge,zusammenführen
merger,Fusion
merit,Verdienst
mess,Chaos
message,Nachricht
metal,Metall
metaphor,Metapher
method,Methode
methodology,Methodik
metre,Meter
middle,Mitte
middle,Mitte
midnight,Mitternacht
midst,in der Mitte
might,könnte
migration,Migration
mild,mild
mile,Meile
militant,militant
militant,militant
military,Militär
military,Militär
militia,Miliz
milk,Milch
mill,Mühle
million,Millionen
mind,Geist
mind,Geist
mine,meine
mine,meine
miner,Bergmann
mineral,Mineralien
minimal,minimal
minimize,minimieren.
minimum,Minimum
minimum,Minimum
mining,Bergbau
minister,Minister
ministry,ministerium
minor,geringfügig
minority,Minderheit
minute,Minute
minute,Minute
miracle,Wunder
mirror,Spiegel
miserable,miserabel
misery,Elend
misleading,Irreführend
miss,Miss
missile,Rakete
missing,fehlt
mission,Mission
mistake,Fehler
mistake,Fehler
mix,mischen
mix,mischen
mixed,gemischt
mixture,Mischung
mob,Mob
mobile,mobil
mobile,mobil
mobility,Mobilität
mobilize,mobilisieren.
mode,Modus
model,Modell
model,Modell
moderate,mäßig
modern,modern
modest,bescheiden
modification,Änderung
modify,ändern.
moment,Moment
momentum,Schwung
Monday,Montag
money,Geld
monitor,überwachen
monitor,überwachen
monk,Mönch
monkey,Affen
monopoly,Monopol
monster,monster
month,Monat
monthly,monatlich
monument,Denkmal
mood,Stimmung
moon,Mond
moral,moralisch
moral,moralisch
morality,Moral
more,mehr
more,mehr
more,mehr
moreover,Außerdem
morning,Morgen
mortgage,Hypothek
mosque,Moschee
most,Die meisten
most,Die meisten
most,Die meisten
mostly,meist
mother,Mutter
motion,Antrag
motivate,motivieren
motivation,Motivation
motive,Motiv
motor,Motor
motor,Motor
motorcycle,Motorrad
motorist,Autofahrer
mount,montieren.
mountain,Berg
mouse,Maus
mouth,Mund
move,umziehen
move,umziehen
movement,Bewegung
movie,Film
moving,Umzug
much,viel
much,viel
much,viel
mud,Schlamm
multiple,mehrere
multiply,multiplizieren
mum,Mutter
municipal,kommunal
murder,Mord
murder,Mord
muscle,Muskel
museum,Museum
music,Musik
musical,musikalisch
musical,musikalisch
musician,Musiker
must,muss
mutual,gegenseitig
my,meine
myself,mich
mysterious,geheimnisvoll
mystery,Geheimnis
myth,Mythos
nail,Nagel
naked,nackt
name,Name
name,Name
namely,nämlich
narrative,Erzählung
narrative,Erzählung
narrow,schmal
narrow,schmal
nasty,böse
nation,Nation
national,national
national,national
nationwide,bundesweit
native,einheimische
native,einheimische
natural,natürlich
naturally,natürlich
nature,Natur
naval,Marine
navigation,Navigation
near,in der Nähe von
near,in der Nähe von
near,in der Nähe von
nearby,in der Nähe
nearby,in der Nähe
nearly,fast
neat,ordentlich
necessarily,unbedingt
necessary,erforderlich
necessity,Notwendigkeit
neck,Nacken
need,brauchen
need,brauchen
need,brauchen
needle,Nadel
negative,negativ
negative,negativ
neglect,Vernachlässigung
neglect,Vernachlässigung
negotiate,verhandeln.
negotiation,Verhandlung
neighbour,Nachbar
neighbourhood,Nachbarschaft
neighbouring,Nachbarschaftlich
neither,weder
neither,weder
neither,weder
nerve,Nerven
nervous,nervös
nest,Nest
net,Netz
net,Netz
network,Netzwerk
neutral,neutral
never,niemals
nevertheless,Dennoch
new,neu
newly,neu
news,Nachrichten
newsletter,Newsletter
newspaper,Zeitung
next,nächste
next,nächste
next,nächste
next to,neben
nice,schön
niche,Nische
night,Nacht
nightmare,Alptraum
nine,neun
nineteen,Neunzehn
ninety,neunzig
no,keine
no,keine
no one,niemand
noble,edel
nobody,niemand
nod,nicken
noise,Lärm
noisy,lärmend
nominate,nominieren
nomination,Ernennung
nominee,Kandidat
non-profit,Gemeinnützig
none,keine
nonetheless,Nichtsdestotrotz
nonsense,Blödsinn
noon,Mittag
nor,noch
nor,noch
norm,Norm
normal,normal
normal,normal
normally,normalerweise
north,Norden
north,Norden
north,Norden
northern,Norden
nose,Nase
not,nicht
notable,Bemerkenswert
notably,insbesondere
note,Hinweis
note,Hinweis
notebook,Notizbuch
nothing,nichts
notice,Hinweis
notice,Hinweis
notify,benachrichtigen
notion,Begriff
notorious,Berühmt-berüchtigt
novel,Roman
novel,Roman
novelist,Romanautor
November,November
now,jetzt
now,jetzt
nowadays,Heutzutage
nowhere,Nirgendwo
nuclear,Kernkraft
number,Nummer
number,Nummer
numerous,zahlreiche
nurse,Krankenschwester
nursery,Gärtnerei
nursing,Pflege
nut,Nuss
nutrition,Ernährung
o'clock,Uhr
obesity,Fettleibigkeit
obey,gehorchen
object,Objekt
object,Objekt
objection,Einspruch
objective,Zielsetzung
objective,Zielsetzung
obligation,Verpflichtung
oblige,verpflichten
observation,Beobachtung
observe,beobachten.
observer,Beobachter
obsess,besetzen
obsession,Besessenheit
obstacle,Hindernis
obtain,erhalten
obvious,Offensichtlich
obviously,natürlich
occasion,Anlass
occasional,gelegentlich
occasionally,gelegentlich
occupation,Beruf
occupy,besetzen
occur,auftreten
occurrence,Vorkommen
ocean,Meer
October,Oktober
odd,ungerade
odds,Quoten
of,von
off,aus
off,aus
offence,Vergehen
offend,beleidigen
offender,Straftäter
offensive,Offensive
offer,Angebot
offer,Angebot
offering,Angebot
office,Büro
officer,Offizier
official,offiziell
official,offiziell
offspring,Nachkommenschaft
often,oft
oh,oh
oil,Öl
OK,OK
OK,OK
OK,OK
old,alt
old-fashioned,altmodisch
on,auf
on,auf
once,einmal
once,einmal
one,eine
one,eine
one,eine
ongoing,laufend
onion,Zwiebel
online,online
online,online
only,nur
only,nur
onto,auf
open,öffnen
open,öffnen
opening,Eröffnung
openly,offen
opera,Oper
operate,betreiben.
operation,Betrieb
operational,Betrieb
operator,Betreiber
opinion,Stellungnahme
opponent,Gegner
opportunity,Gelegenheit
oppose,gegen
opposed,gegen
opposite,gegenüber
opposite,gegenüber
opposite,gegenüber
opposite,gegenüber
opposition,Opposition
opt,optieren
optical,optisch
optimism,Optimismus
optimistic,optimistisch
option,Option
or,oder
oral,mündlich
orange,orange
orange,orange
orchestra,Orchester
order,Bestellung
order,Bestellung
ordinary,normal
organ,Organ
organic,Bio
organization,Organisation
organizational,organisatorisch
organize,organisieren
organized,organisiert
organizer,Veranstalter
orientation,Orientierung
origin,Herkunft
original,Original
original,Original
originally,ursprünglich
originate,hervorbringen.
other,andere
other,andere
otherwise,ansonsten
ought,sollte
our,unser
ours,unsere
ourselves,uns selbst
out,aus
out,aus
outbreak,Ausbruch
outcome,Ergebnis
outdoor,im Freien
outdoors,im Freien
outer,Außen
outfit,Outfit
outing,Ausflug
outlet,Steckdose
outline,Skizze
outline,Skizze
outlook,Ausblick
output,Ausgabe
outrage,Empörung
outrage,Empörung
outside,außerhalb
outside,außerhalb
outside,außerhalb
outside,außerhalb
outsider,Außenseiter
outstanding,herausragend
oven,Ofen
over,über
over,über
overall,Insgesamt
overall,Insgesamt
overcome,überwinden.
overlook,überblicken
overly,Übermäßig
overnight,über Nacht
overseas,Übersee
overseas,Übersee
oversee,beaufsichtigen
overturn,umstoßen.
overwhelm,überwältigen
overwhelming,überwältigend
owe,verdanken
own,eigene
own,eigene
own,eigene
owner,Eigentümer
ownership,Eigentum
oxygen,Sauerstoff
pace,Tempo
pace,Tempo
pack,packen
pack,packen
package,Paket
package,Paket
packet,Paket
pad,Polster
page,Seite
pain,Schmerzen
painful,schmerzhaft
paint,Farbe
paint,Farbe
painter,Maler
painting,Malerei
pair,Paar
palace,Palast
pale,blass
palm,Palme
pan,pan
panel,Panel
panic,Panik
pants,Hosen
paper,Papier
parade,Parade
paragraph,Absatz
parallel,parallel
parallel,parallel
parameter,Parameter
parent,Elternteil
parental,elterliche
parish,Gemeinde
park,Park
park,Park
parking,Parkplatz
parliament,Parlament
parliamentary,parlamentarisch
part,Teil
part-time,Teilzeit
partial,teilweise
partially,teilweise
participant,Teilnehmer
participate,teilnehmen
participation,Teilnahme
particular,besondere
particularly,insbesondere
partly,teilweise
partner,Partner
partnership,Partnerschaft
party,Partei
pass,Pass
pass,Pass
passage,Durchgang
passenger,Passagier
passing,vorbei an
passion,Leidenschaft
passionate,leidenschaftlich
passive,passiv
passport,Reisepass
password,Passwort
past,Vergangenheit
past,Vergangenheit
past,Vergangenheit
past,Vergangenheit
pastor,Pfarrer
patch,Patch
patent,Patent
path,Pfad
pathway,Pfad
patience,Geduld
patient,Patient
patient,Patient
patrol,Streife
patrol,Streife
patron,Schirmherr
pattern,Muster
pause,Pause
pause,Pause
pay,bezahlen.
pay,bezahlen.
payment,Zahlung
peace,Frieden
peaceful,friedlich
peak,Spitze
peasant,Bauer
peculiar,Eigenartig
peer,Peer
pen,Stift
penalty,Strafe
pencil,Bleistift
penny,Penny
pension,Rente
people,Menschen
pepper,Pfeffer
per,per
per cent,Prozent
per cent,Prozent
per cent,Prozent
perceive,wahrnehmen
percentage,Prozentsatz
perception,Wahrnehmung
perfect,perfekt
perfectly,perfekt
perform,durchführen
performance,Leistung
perhaps,vielleicht
period,Zeitraum
permanent,dauerhaft
permanently,dauerhaft
permission,Genehmigung
permit,Genehmigung
permit,Genehmigung
persist,beharren
persistent,beständig
person,Person
personal,persönlich
personality,Persönlichkeit
personally,persönlich
personnel,Personal
perspective,Perspektive
persuade,überreden
pet,Haustier
petition,Petition
petrol,Benzin
phase,Phase
phenomenon,Phänomen
philosopher,Philosoph
philosophical,philosophisch
philosophy,Philosophie
phone,Telefon
phone,Telefon
photo,Foto
photograph,Foto
photograph,Foto
photographer,Fotograf
photography,Fotografie
phrase,Phrase
physical,physisch
physician,Arzt
physics,Physik
piano,Klavier
pick,Wählen Sie
pick,Wählen Sie
picture,Bild
picture,Bild
piece,Stück
pig,Schwein
pile,Stapel
pile,Stapel
pill,Pille
pilot,Pilot
pin,Stift
pin,Stift
pink,rosa
pink,rosa
pioneer,Pionierarbeit
pioneer,Pionierarbeit
pipe,Rohr
pipeline,Pipeline
pirate,Pirat
pit,Grube
pitch,Stellplatz
pity,Mitleid
place,Ort
place,Ort
placement,Platzierung
plain,einfach
plan,Plan
plan,Plan
plane,Flugzeug
planet,Planet
planning,Planung
plant,Anlage
plant,Anlage
plastic,Kunststoff
plastic,Kunststoff
plate,Platte
platform,Plattform
play,spielen
play,spielen
player,Spieler
plea,Plädoyer
plead,plädieren
pleasant,angenehm
please,bitte
please,bitte
pleased,zufrieden
pleasure,Vergnügen
pledge,verpfänden
pledge,verpfänden
plenty,viel
plot,Grundstück
plot,Grundstück
plug,Stecker
plug,Stecker
plunge,Eintauchen
plus,plus
plus,plus
plus,plus
plus,plus
pocket,Tasche
poem,Gedicht
poet,Dichter
poetry,Poesie
point,Punkt
point,Punkt
pointed,spitz
poison,Gift
poison,Gift
poisonous,Giftig
pole,Stange
police,Polizei
policeman,Polizist
policy,Politik
polite,höflich
political,politisch
politician,Politiker
politics,Politik
poll,Umfrage
pollution,Verschmutzung
pond,Teich
pool,Pool
poor,arm
pop,pop
pop,pop
pop,pop
popular,beliebt
popularity,Popularität
population,Bevölkerung
port,Hafen
portfolio,Portfolio
portion,Anteil
portrait,Porträt
portray,porträtieren
pose,Pose
position,Position
position,Position
positive,positiv
positive,positiv
possess,besitzen
possession,Besitz
possibility,Möglichkeit
possible,möglich
possibly,möglicherweise
post,Beitrag
post,Beitrag
post-war,Nachkriegszeit
poster,Poster
postpone,verschieben
pot,Topf
potato,Kartoffel
potential,potenziell
potential,potenziell
potentially,Möglicherweise
pound,Pfund
pour,für
poverty,Armut
powder,Pulver
power,Macht
power,Macht
powerful,leistungsstarke
practical,praktisch
practice,Praxis
practise,üben
practitioner,Praktiker
praise,loben
praise,loben
pray,beten
prayer,Gebet
preach,predigen
precede,vorangehen
precedent,Präzedenzfall
precious,wertvoll
precise,genau
precisely,genau
precision,Präzision
predator,Raubtier
predecessor,Vorgänger
predict,vorhersagen
predictable,vorhersehbar
prediction,Vorhersage
predominantly,überwiegend
prefer,lieber
preference,Präferenz
pregnancy,Schwangerschaft
pregnant,schwanger
prejudice,Vorurteile
preliminary,vorläufig
premier,Erstmals
premise,Prämisse
premium,Prämie
preparation,Vorbereitung
prepare,vorbereiten
prepared,vorbereitet
prescribe,verschreiben.
prescription,Verschreibung
presence,Präsenz
present,Gegenwart
present,Gegenwart
present,Gegenwart
presentation,Präsentation
presently,Zurzeit
preservation,Erhaltung
preserve,erhalten
preside,den Vorsitz führen
presidency,Präsidentschaft
president,Präsident
presidential,Präsidentschaftswahlen
press,Presse
press,Presse
pressure,Druck
prestigious,Renommiert
presumably,Vermutlich
presume,Vermutlich
pretend,"so tun, als ob"
pretty,hübsch
pretty,hübsch
prevail,durchsetzen.
prevalence,Prävalenz
prevent,verhindern.
prevention,Prävention
previous,vorherige
previously,zuvor
prey,Beute
price,Preis
price,Preis
pride,Stolz
priest,Priester
primarily,hauptsächlich
primary,primär
prime,prime
prince,Fürst
princess,prinzessin
principal,Auftraggeber
principal,Auftraggeber
principle,Prinzip
print,drucken
print,drucken
printer,Drucker
printing,Drucken
prior,vor
priority,Priorität
prison,Gefängnis
prisoner,Häftling
privacy,Datenschutz
private,privat
privatization,Privatisierung
privilege,Privileg
prize,Preis
probability,Wahrscheinlichkeit
probable,Wahrscheinlich
probably,wahrscheinlich
probe,Sonde
probe,Sonde
problem,Problem
problematic,problematisch
procedure,Verfahren
proceed,fortfahren
proceeding,weiterführend
proceeds,Erlöse
process,Prozess
process,Prozess
processing,Verarbeitung
processor,Prozessor
proclaim,verkünden
produce,produzieren
produce,produzieren
producer,Hersteller
product,Produkt
production,Produktion
productive,produktiv
productivity,Produktivität
profession,Beruf
professional,professionell
professional,professionell
professor,Professor
profile,Profil
profit,Gewinn
profitable,profitabel
profound,tiefgründig
program,Programm
program,Programm
programme,Programm
programming,Programmierung
progress,Fortschritte
progress,Fortschritte
progressive,progressiv
prohibit,verbieten
project,Projekt
project,Projekt
projection,Projektion
prominent,prominent
promise,Versprechen
promise,Versprechen
promising,vielversprechend
promote,fördern.
promotion,Förderung
prompt,Aufforderung
pronounce,auszusprechen.
pronounced,ausgeprägt
proof,Nachweis
propaganda,Propaganda
proper,richtig
properly,richtig
property,Eigenschaft
proportion,Anteil
proposal,Vorschlag
propose,vorschlagen
proposition,Vorschlag
prosecute,verfolgen
prosecution,Staatsanwaltschaft
prosecutor,Staatsanwalt
prospect,Aussicht
prospective,angehende
prosperity,Wohlstand
protect,schützen
protection,Schutz
protective,Schutz
protein,Eiweiß
protest,Protest
protest,Protest
protester,Protestierer
protocol,Protokoll
proud,stolz
prove,beweisen
provide,anbieten.
province,Provinz
provincial,Provinz
provision,Bereitstellung
provoke,provozieren
psychiatric,Psychiatrie
psychological,psychologisch
psychologist,Psychologe
psychology,Psychologie
pub,Pub
public,öffentlich
public,öffentlich
publication,Veröffentlichung
publicity,Öffentlichkeitsarbeit
publish,veröffentlichen.
publishing,Veröffentlichung
pull,ziehen
pull,ziehen
pulse,Puls
pump,Pumpe
pump,Pumpe
punch,Stanze
punch,Stanze
punish,bestrafen
punishment,Bestrafung
punk,Punk
pupil,Schülerin
purchase,kaufen
purchase,kaufen
pure,rein
purely,rein
purple,lila
purple,lila
purpose,Zweck
pursue,verfolgen
pursuit,Verfolgung
push,drücken.
push,drücken.
put,setzen.
puzzle,Rätsel
qualification,Qualifikation
qualified,qualifiziert
qualify,qualifizieren
quality,Qualität
quantity,Menge
quarter,Quartal
queen,Königin
query,Abfrage
quest,Suche
question,Frage
question,Frage
questionnaire,Fragebogen
queue,Warteschlange
queue,Warteschlange
quick,schnell
quickly,schnell
quiet,leise
quietly,leise
quit,kündigen
quite,ziemlich
quota,Quote
quotation,Angebot
quote,Zitat
quote,Zitat
race,Ethnie
race,Ethnie
racial,Rasse
racing,Rennsport
racism,Rassismus
racist,rassistisch
racist,rassistisch
radar,Radar
radiation,Strahlung
radical,radikal
radio,Radio
rage,Wut
raid,Raid
raid,Raid
rail,Schiene
railway,Eisenbahn
rain,Regen
rain,Regen
raise,erhöhen
rally,Rallye
rally,Rallye
random,zufällig
range,Bereich
range,Bereich
rank,Rang
rank,Rang
ranking,Ranking
rape,Vergewaltigung
rape,Vergewaltigung
rapid,schnell
rapidly,schnell
rare,selten
rarely,selten
rat,Ratte
rate,Satz
rate,Satz
rather,eher
rating,Bewertung
ratio,Verhältnis
rational,rational
raw,roh
ray,ray
reach,erreichen.
reach,erreichen.
react,reagieren
reaction,Reaktion
read,lesen
reader,Leser
readily,leicht
reading,Lesen
ready,bereit
real,real
realistic,realistisch
reality,Realität
realization,Realisierung
realize,realisieren
really,wirklich
realm,Bereich
rear,hinten
rear,hinten
reason,Grund
reasonable,vernünftig
reasonably,einigermaßen
reasoning,Argumentation
reassure,beruhigen
rebel,Rebellen
rebellion,Rebellion
rebuild,wiederherstellen
recall,Rückruf
receipt,Beleg
receive,erhalten
receiver,Empfänger
recent,aktuelle
recently,kürzlich
reception,Empfang
recession,Rezession
recipe,Rezept
recipient,Empfänger
reckon,rechnen Sie mit
recognition,Anerkennung
recognize,erkennen
recommend,empfehlen
recommendation,Empfehlung
reconstruction,Wiederaufbau
record,Eintrag
record,Eintrag
recording,Aufnahme
recount,nachzählen
recover,wiederherstellen
recovery,Wiederherstellung
recruit,anwerben.
recruit,anwerben.
recruitment,Anwerbung
recycle,recyceln
red,rot
red,rot
reduce,reduzieren.
reduction,Reduzierung
refer,siehe
referee,Schiedsrichter
reference,Referenz
referendum,Referendum
reflect,reflektieren
reflection,Reflexion
reform,Reform
reform,Reform
refuge,Zuflucht
refugee,Flüchtling
refusal,Ablehnung
refuse,Abfall
regain,wiedergewinnen
regard,siehe
regard,siehe
regardless,trotzdem
regime,Regime
region,Region
regional,regional
register,registrieren
register,registrieren
registration,Anmeldung
regret,Bedauern
regret,Bedauern
regular,regelmäßig
regularly,regelmäßig
regulate,regeln
regulation,Verordnung
regulator,Regler
regulatory,Regulierung
rehabilitation,Rehabilitation
reign,regieren
reign,regieren
reinforce,verstärken.
reject,zurückweisen
rejection,Ablehnung
relate,beziehen
related,zugehörige
relation,Beziehung
relationship,Beziehung
relative,relativ
relative,relativ
relatively,relativ
relax,entspannen
relaxed,entspannt
relaxing,entspannend
release,freigeben
release,freigeben
relevance,Relevanz
relevant,.
reliability,Zuverlässigkeit
reliable,zuverlässig
relief,Relief
relieve,entlasten
relieved,entlastet
religion,Religion
religious,religiös
reluctant,widerwillig
rely,verlassen Sie sich auf
remain,bleiben
remainder,Restbetrag
remains,bleibt
remark,Bemerkung
remark,Bemerkung
remarkable,bemerkenswert
remarkably,Bemerkenswert
remedy,Abhilfe
remember,erinnern Sie sich an
remind,erinnern
reminder,Erinnerung
remote,remote
removal,Umzug
remove,entfernen
render,machen.
renew,erneuern
renowned,bekannt
rent,mieten
rent,mieten
rental,Vermietung
repair,Reparatur
repair,Reparatur
repeat,wiederholen
repeat,wiederholen
repeated,wiederholt
replace,ersetzen.
replacement,Ersatz
reply,Antwort
reply,Antwort
report,Bericht
report,Bericht
reportedly,Berichten zufolge
reporter,Reporterin
reporting,Berichterstattung
represent,vertreten
representation,Vertretung
representative,repräsentativ
representative,repräsentativ
reproduce,vervielfältigen
reproduction,Reproduktion
republic,republik
reputation,Ruf
request,Anfrage
request,Anfrage
require,erfordern
requirement,Anforderung
rescue,Rettung
rescue,Rettung
research,Forschung
research,Forschung
researcher,Forscher
resemble,ähneln
reservation,Reservierung
reserve,Reserve
reserve,Reserve
reside,wohnhaft
residence,Aufenthalt
resident,resident
resident,resident
residential,Wohnen
residue,Rückstand
resign,zurücktreten
resignation,Rücktritt
resist,widerstehen
resistance,Widerstand
resolution,Entschließung
resolve,beheben
resort,Urlaubsort
resource,Ressource
respect,Respekt
respect,Respekt
respective,jeweilige
respectively,bzw.
respond,antworten
response,Antwort
responsibility,Verantwortung
responsible,verantwortlich
rest,Rest
rest,Rest
restaurant,Restaurant
restoration,Restaurierung
restore,wiederherstellen
restraint,zurückhaltend
restrict,einschränken
restriction,Einschränkung
result,Ergebnis
result,Ergebnis
resume,Lebenslauf
retail,Einzelhandel
retain,beibehalten.
retire,in den Ruhestand treten
retired,im Ruhestand
retirement,Ruhestand
retreat,Rückzug
retreat,Rückzug
retrieve,abrufen.
return,return
return,return
reveal,enthüllen
revelation,Enthüllung
revenge,Rache
revenue,Umsatz
reverse,umkehren
reverse,umkehren
reverse,umkehren
review,Überprüfung
review,Überprüfung
revise,überarbeiten.
revision,Revision
revival,Wiederbelebung
revive,wiederbeleben
revolution,Revolution
revolutionary,revolutionär
reward,Belohnung
reward,Belohnung
rhetoric,Rhetorik
rhythm,Rhythmus
rice,Reis
rich,reich
rid,loswerden
ride,Fahrt
ride,Fahrt
ridiculous,lächerlich
rifle,Gewehr
right,rechts
right,rechts
right,rechts
ring,Ring
ring,Ring
riot,Aufruhr
rip,rip
rise,aufsteigen
rise,aufsteigen
risk,Risiko
risk,Risiko
risky,riskant
ritual,Ritual
rival,Rivalen
rival,Rivalen
river,Fluss
road,Straße
rob,rob
robbery,Raubüberfall
robot,Roboter
robust,robust
rock,Felsen
rock,Felsen
rocket,Rakete
rod,Stab
role,Rolle
roll,Rolle
roll,Rolle
romance,Romanze
romantic,romantisch
roof,Dach
room,Zimmer
root,Wurzel
rope,Seil
rose,Rose
rotate,rotieren
rotation,Rotation
rough,grob
roughly,etwa
round,rund
round,rund
round,rund
round,rund
route,Route
routine,Routine
routine,Routine
row,Zeile
royal,königlich
rub,reiben
rubber,Gummi
rubber,Gummi
rubbish,Müll
rude,unhöflich
rugby,Rugby
ruin,ruinieren
ruin,ruinieren
rule,Regel
rule,Regel
ruling,Urteil
rumour,Gerücht
run,laufen.
run,laufen.
runner,Läufer
running,läuft
rural,ländlich
rush,Eile
rush,Eile
sack,sack
sacred,heilige
sacrifice,opfern
sacrifice,opfern
sad,traurig
sadly,leider
safe,sicher
safety,Sicherheit
sail,Segel
sail,Segel
sailing,Segeln
sailor,Seemann
saint,heilige
sake,Sake
salad,Salat
salary,Gehalt
sale,Verkauf
salt,Salz
same,dieselbe
same,dieselbe
same,dieselbe
sample,Muster
sample,Muster
sanction,Sanktionen
sand,Sand
sandwich,Sandwich
satellite,Satellit
satisfaction,Zufriedenheit
satisfied,zufrieden
satisfy,erfüllen
Saturday,Samstag
sauce,Sauce
save,speichern
saving,Sparen
say,sagen
say,sagen
scale,Skala
scan,scannen.
scandal,Skandal
scare,erschrecken
scare,erschrecken
scared,verängstigt
scary,beängstigend
scattered,verstreut
scenario,Szenario
scene,Szene
sceptical,skeptisch
schedule,Zeitplan
schedule,Zeitplan
scheme,Schema
scholar,Wissenschaftler
scholarship,Stipendium
school,Schule
science,Wissenschaft
scientific,wissenschaftlich
scientist,Wissenschaftlerin
scope,Umfang
score,Ergebnis
score,Ergebnis
scratch,Kratzer
scratch,Kratzer
scream,schreien
scream,schreien
screen,Bildschirm
screen,Bildschirm
screening,Screening
screw,Schraube
screw,Schraube
script,Skript
scrutiny,Prüfung
sculpture,Skulptur
sea,Meer
seal,Siegel
seal,Siegel
search,Suche
search,Suche
season,Saison
seat,Sitz
seat,Sitz
second,zweite
second,zweite
second,zweite
second,zweite
secondary,sekundär
secondly,zweitens
secret,geheim
secret,geheim
secretary,Sekretärin
section,Abschnitt
sector,Sektor
secular,säkulare
secure,sicher
secure,sicher
security,Sicherheit
see,siehe
seed,Samen
seek,suchen.
seeker,Suchende
seem,scheinen
seemingly,scheinbar
segment,Segment
seize,beschlagnahmen
seldom,Selten
select,Wählen Sie
selection,Auswahl
selective,Selektiv
self,selbst
sell,verkaufen
seminar,Seminar
senator,Senator
send,senden.
senior,Senior
sensation,Sensation
sense,Sinn
sense,Sinn
sensible,sinnvoll
sensitive,empfindlich
sensitivity,Empfindlichkeit
sentence,Satz
sentence,Satz
sentiment,Stimmungslage
separate,getrennt
separate,getrennt
separation,Trennung
September,September
sequence,Reihenfolge
serial,Serie
series,Serie
serious,seriös
seriously,ernsthaft
servant,Diener
serve,dienen
service,Dienstleistung
session,Sitzung
set,einstellen.
set,einstellen.
set-up,Einrichtung
setting,Einstellung
settle,regeln.
settlement,Siedlung
settler,Siedler
seven,sieben
seventeen,siebzehn
seventy,siebzig
several,mehrere
several,mehrere
severe,schwer
severely,stark
sex,Sex
sexual,sexuell
sexuality,Sexualität
sexy,sexy
shade,Farbton
shadow,Schatten
shake,schütteln
shake,schütteln
shall,soll
shallow,flach
shame,Schande
shape,Form
shape,Form
shaped,geformt
share,Aktie
share,Aktie
shareholder,Aktionär
sharp,scharf
shatter,zerschlagen
she,sie
shed,Schuppen
sheep,Schafe
sheer,pur
sheet,Blatt
shelf,Regal
shell,Shell
shelter,Unterkunft
shelter,Unterkunft
shift,Schicht
shift,Schicht
shine,glänzen
shiny,Glänzend
ship,Schiff
ship,Schiff
shipping,Versand
shirt,Hemd
shock,Schock
shock,Schock
shocked,schockiert
shocking,schockierend
shoe,Schuh
shoot,schießen
shoot,schießen
shooting,Schießen
shop,Shop
shop,Shop
shopping,Einkaufen
shore,Landseite
short,kurz
short-term,kurzfristig
shortage,Knappheit
shortly,in Kürze
shot,Schuss
should,sollte
shoulder,Schulter
shout,Schrei
shout,Schrei
show,anzeigen
show,anzeigen
shower,Dusche
shrink,schrumpfen
shrug,Achselzucken
shut,schließen
shut,schließen
shy,schüchtern
sibling,Geschwisterkind
sick,krank
side,Seite
sigh,seufzend
sigh,seufzend
sight,Ansicht
sign,Zeichen
sign,Zeichen
signal,Signal
signal,Signal
signature,Unterschrift
significance,Bedeutung
significant,bedeutsam
significantly,deutlich
silence,Schweigen
silent,still
silk,Seide
silly,dumm
silver,Silber
silver,Silber
similar,ähnlich
similarity,Ähnlichkeit
similarly,ähnlich
simple,einfach
simply,einfach
simulate,simulieren.
simulation,Simulation
simultaneously,gleichzeitig
sin,Sünde
since,seit
since,seit
since,seit
sincere,aufrichtig
sing,singen
singer,Sängerin
singing,Gesang
single,einzeln
single,einzeln
sink,Waschbecken
sir,Herr
sister,Schwester
sit,sitzen
site,Website
situated,gelegen
situation,Lage
six,sechs
sixteen,sechzehn
sixty,Sechzig
size,Größe
sketch,Skizze
ski,Ski
ski,Ski
ski,Ski
skiing,Skifahren
skill,Fähigkeiten
skilled,qualifiziert
skin,Haut
skip,überspringen
skirt,Rock
skull,Schädel
sky,Himmel
slam,zuschlagen.
slap,Ohrfeige
slash,Schrägstrich
slave,Sklave
slavery,Sklaverei
sleep,schlafen
sleep,schlafen
slice,slice
slice,slice
slide,Dia
slide,Dia
slight,leicht
slightly,leicht
slip,Schlupf
slogan,Slogan
slope,Piste
slope,Piste
slot,Steckplatz
slow,langsam
slow,langsam
slowly,langsam
small,klein
smart,smart
smartphone,Smartphone
smash,zertrümmern
smell,riechen
smell,riechen
smile,Lächeln
smile,Lächeln
smoke,Rauch
smoke,Rauch
smoking,Rauchen
smooth,glatt
snake,Schlange
snap,schnappen
snow,Schnee
snow,Schnee
so,also
so,also
so-called,so genannte
soak,einweichen
soap,Seife
soar,aufsteigen
soccer,Fußball
social,sozial
socialist,sozialistisch
society,Gesellschaft
sock,Socke
soft,weich
software,Software
soil,Boden
solar,Solar
soldier,Soldat
sole,allein
solely,ausschließlich
solicitor,Rechtsanwältin
solid,solide
solid,solide
solidarity,Solidarität
solo,solo
solo,solo
solution,Lösung
solve,lösen
some,einige
some,einige
somebody,jemand
somehow,irgendwie
someone,jemand
something,etwas
sometime,gelegentlich
sometimes,manchmal
somewhat,etwas
somewhere,irgendwo
somewhere,irgendwo
son,Sohn
song,Lied
soon,bald
sophisticated,anspruchsvoll
sorry,Entschuldigung
sorry,Entschuldigung
sort,sortieren
sort,sortieren
soul,Seele
sound,Klang
sound,Klang
sound,Klang
soup,Suppe
source,Quelle
south,Süden
south,Süden
south,Süden
southern,südlich
sovereignty,Souveränität
space,Raum
spam,Spam
span,span
span,span
spare,Ersatz
spare,Ersatz
spark,Funken
speak,sprechen
speaker,Sprecher
special,Spezial
specialist,Spezialist
specialist,Spezialist
specialize,spezialisieren
specialized,spezialisiert
species,Arten
specific,spezifisch
specifically,speziell
specification,Spezifikation
specify,angeben.
specimen,Exemplar
spectacle,Brille
spectacular,Spektakulär
spectator,Zuschauer
spectrum,Spektrum
speculate,spekulieren
speculation,Spekulationen
speech,Rede
speed,Geschwindigkeit
speed,Geschwindigkeit
spell,Zauberspruch
spell,Zauberspruch
spelling,Rechtschreibung
spend,ausgeben
spending,Ausgaben
sphere,Kugel
spice,Gewürz
spicy,würzig
spider,Spinne
spill,Auslaufen
spin,Spin
spin,Spin
spine,Wirbelsäule
spirit,Geist
spiritual,spirituell
spite,Trotz
split,geteilt
split,geteilt
spoil,verderben
spoken,gesprochen
spokesman,Sprecher
spokesperson,Sprecherin
spokeswoman,Sprecherin
sponsor,Sponsor
sponsor,Sponsor
sponsorship,Sponsoring
spoon,Löffel
sport,Sport
sporting,sportlich
spot,Punkt
spot,Punkt
spotlight,Spotlight
spouse,Ehepartner
spread,Verbreitung
spread,Verbreitung
spring,Feder
spring,Feder
spy,Spionage
spy,Spionage
squad,Mannschaft
square,Platz
square,Platz
squeeze,quetschen
stab,stechen
stability,Stabilität
stabilize,stabilisieren
stable,stabil
stadium,Stadion
staff,Mitarbeiter
stage,Bühne
stage,Bühne
stair,Treppe
stake,Pfahl
stall,Stand
stamp,Briefmarke
stance,Haltung
stand,Stand
stand,Stand
standard,Standard
standard,Standard
standing,stehend
star,Stern
star,Stern
stare,starrt
stark,stark
start,Start
start,Start
starve,hungern
state,Staat
state,Staat
state,Staat
statement,Anweisung
station,Bahnhof
statistic,Statistik
statistical,Statistik
statue,Statue
status,Status
stay,bleiben
stay,bleiben
steadily,laufend
steady,stetig
steal,stehlen.
steam,Dampf
steel,Stahl
steep,steil
steer,lenken
stem,Stamm
stem,Stamm
step,Schritt
step,Schritt
stereotype,Stereotyp
stick,Stick
stick,Stick
sticky,klebrig
stiff,steif
still,immer noch
still,immer noch
stimulate,anregen
stimulus,Anregung
stir,rühren
stock,Aktie
stomach,Magen
stone,Stein
stop,stoppen
stop,stoppen
storage,Lagerung
store,speichern
store,speichern
storm,Sturm
story,Geschichte
straight,gerade
straight,gerade
straightforward,einfach
strain,Stamm
strand,Strang
strange,seltsam
stranger,Fremde
strategic,strategisch
strategy,Strategie
stream,Strom
street,Straße
strength,Stärke
strengthen,stärken
stress,Stress
stress,Stress
stretch,dehnen
stretch,dehnen
strict,Streng
strictly,streng
strike,streiken
strike,streiken
striking,auffällig
string,String
strip,Streifen
strip,Streifen
strive,anstreben.
stroke,Schlaganfall
strong,stark
strongly,stark
structural,Struktur
structure,Struktur
structure,Struktur
struggle,Kampf
struggle,Kampf
student,Studenten
studio,Studio
study,Studie
study,Studie
stuff,Sachen
stuff,Sachen
stumble,stolpern
stun,Betäubung
stunning,atemberaubend
stupid,dumm
style,Stil
subject,Thema
subject,Thema
submission,Einreichung
submit,einreichen
subscriber,Teilnehmer
subscription,Abonnement
subsequent,nachfolgend
subsequently,anschließend
subsidy,Subvention
substance,Stoff
substantial,Wesentlich
substantially,im Wesentlichen
substitute,Ersatz
substitute,Ersatz
substitution,Substitution
subtle,subtil
suburb,Vorort
suburban,Vorort
succeed,Erfolg haben
success,Erfolg
successful,erfolgreich
successfully,erfolgreich
succession,Nachfolge
successive,aufeinanderfolgende
successor,Nachfolger
such,wie
such,wie
suck,saugen
sudden,Plötzlich
suddenly,plötzlich
sue,sue
suffer,leiden
suffering,Leiden
sufficient,ausreichend
sufficiently,ausreichend
sugar,Zucker
suggest,vorschlagen
suggestion,Anregung
suicide,Selbstmord
suit,Anzug
suit,Anzug
suitable,geeignet
suite,Suite
sum,Summe
sum,Summe
summarize,zusammenfassen
summary,Zusammenfassung
summer,Sommer
summit,Gipfel
sun,Sonne
Sunday,Sonntag
super,super
superb,hervorragend
superior,überlegen
supermarket,Supermarkt
supervise,beaufsichtigen
supervision,Überwachung
supervisor,Aufsichtsperson
supplement,Ergänzung
supplement,Ergänzung
supply,Angebot
supply,Angebot
support,Unterstützung
support,Unterstützung
supporter,Unterstützer
supportive,unterstützend
suppose,"angenommen,"
supposedly,Angeblich
suppress,unterdrücken.
supreme,Oberste
sure,sicher
sure,sicher
surely,sicher
surface,Oberfläche
surge,Überspannung
surge,Überspannung
surgeon,Chirurg
surgery,Praxis
surgical,chirurgisch
surplus,Überschuss
surprise,Überraschung
surprise,Überraschung
surprised,überrascht
surprising,überraschend
surrender,Kapitulation
surround,Surround
surrounding,Umgebung
surveillance,Überwachung
survey,Umfrage
survey,Umfrage
survival,Überleben
survive,überleben
survivor,Überlebender
suspect,Verdächtige
suspect,Verdächtige
suspend,aussetzen
suspension,Aufhängung
suspicion,Verdacht
suspicious,Verdächtig
sustain,aufrechterhalten.
sustainable,nachhaltig
swallow,Schwalbe
swear,schwören
sweater,Pullover
sweep,fegen
sweet,süß
sweet,süß
swim,Schwimmen
swim,Schwimmen
swimming,Schwimmen
swing,Schaukel
swing,Schaukel
switch,Schalter
switch,Schalter
sword,Schwert
symbol,Symbol
symbolic,symbolisch
sympathetic,sympathisch
sympathy,Sympathie
symptom,Symptom
syndrome,Syndrom
synthesis,Synthese
system,System
systematic,systematisch
T-shirt,T-shirt
table,Tabelle
tablet,Tablette
tackle,anpacken.
tackle,anpacken.
tactic,Taktik
tactical,taktisch
tag,Tag
tag,Tag
tail,Schwanz
take,Nehmen Sie
tale,Märchen
talent,Talent
talented,talentiert
talk,sprechen
talk,sprechen
tall,groß
tank,Tank
tap,tippen Sie auf
tap,tippen Sie auf
tape,Band
target,Ziel
target,Ziel
task,Aufgabe
taste,Geschmack
taste,Geschmack
tax,Steuer
tax,Steuer
taxi,Taxi
taxpayer,Steuerzahler
tea,Tee
teach,unterrichten
teacher,Lehrer
teaching,Unterricht
team,Team
tear,Träne
tear,Träne
technical,technisch
technique,Technik
technological,Technologie
technology,Technologie
teenage,Teenager
teenager,Teenager
teens,jugendliche
telephone,Telefon
telephone,Telefon
television,Fernsehen
tell,sagen
temperature,Temperatur
temple,Tempel
temporarily,vorübergehend
temporary,vorübergehend
tempt,in Versuchung führen.
ten,zehn
tenant,Mieter
tend,pflegen
tendency,Tendenz
tender,Ausschreibung
tennis,Tennis
tension,Spannung
tent,Zelt
tenure,Amtszeit
term,Begriff
term,Begriff
terminal,Terminal
terminal,Terminal
terminate,beenden Sie
terms,Bedingungen
terrain,Gelände
terrible,schrecklich
terribly,furchtbar
terrific,großartig
terrify,erschrecken
territory,Gebiet
terror,Terror
terrorism,Terrorismus
terrorist,Terrorist
test,Test
test,Test
testify,bezeugen
testimony,Zeugenaussage
testing,Testen
text,Text
text,Text
textbook,Lehrbuch
texture,Textur
than,als
than,als
thank,danke
thankfully,zum Glück
thanks,danke
thanks,danke
that,dass
that,dass
that,dass
that,dass
the,die
theatre,Theater
theatrical,theatralisch
theft,Diebstahl
their,ihre
theirs,ihre
them,sie
theme,Thema
themselves,selbst
then,dann
theology,Theologie
theoretical,theoretisch
theory,Theorie
therapist,Therapeut
therapy,Therapie
there,dort
thereafter,danach
thereby,dabei
therefore,daher
thesis,These
they,sie
thick,dick
thief,Dieb
thin,dünn
thing,Sache
think,denken
thinking,Denken
third,dritte
third,dritte
thirsty,durstig
thirteen,dreizehn
thirty,dreißig
this,diese
this,diese
this,diese
thorough,gründlich
thoroughly,gründlich
though,obwohl
though,obwohl
thought,Gedanken
thought-provoking,Denkanstöße
thoughtful,Nachdenklich
thousand,Tausend
thread,Gewinde
threat,Bedrohung
threaten,bedrohen
three,drei
threshold,Schwellenwert
thrilled,begeistert
thrive,gedeihen
throat,Kehle
through,über
through,über
throughout,auf
throughout,auf
throw,werfen
thumb,Daumen
Thursday,Donnerstag
thus,also
ticket,Ticket
tide,Gezeiten
tidy,saubere
tidy,saubere
tie,Krawatte
tie,Krawatte
tight,dicht
tighten,anziehen.
till,bis
till,bis
timber,Holz
time,Zeit
time,Zeit
timely,rechtzeitige
timing,Zeitmessung
tin,Zinn
tiny,winzige
tip,Tipp
tip,Tipp
tired,müde
tissue,Gewebe
title,Titel
title,Titel
to,zu
to,zu
tobacco,Tabak
today,heute
today,heute
toe,Zehen
together,zusammen
toilet,Toilette
tolerance,Toleranz
tolerate,tolerieren
toll,Maut
tomato,Tomate
tomorrow,morgen
tomorrow,morgen
ton,t
tone,Ton
tongue,Zunge
tonight,heute Abend
tonight,heute Abend
tonne,Tonne
too,zu
tool,Werkzeug
tooth,Zahn
top,top
top,top
top,top
topic,Thema
torture,Folter
torture,Folter
toss,zu werfen.
total,insgesamt
total,insgesamt
total,insgesamt
totally,völlig
touch,berühren.
touch,berühren.
tough,zäh
tour,Tour
tour,Tour
tourism,Tourismus
tourist,Tourist
tournament,Turnier
towards,gegenüber
towel,Handtuch
tower,Turm
town,Stadt
toxic,giftig
toy,Spielzeug
toy,Spielzeug
trace,Spur
trace,Spur
track,Spur
track,Spur
trade,Handel
trade,Handel
trademark,Marke
trading,Handel
tradition,Tradition
traditional,traditionell
traffic,Verkehr
tragedy,Tragödie
tragic,tragisch
trail,Pfad
trail,Pfad
trailer,Anhänger
train,Zug
train,Zug
trainer,Trainer
training,Ausbildung
trait,Eigenschaft
transaction,Transaktion
transcript,Abschrift
transfer,Übertragung
transfer,Übertragung
transform,umwandeln
transformation,Transformation
transit,Transit
transition,Übergang
translate,übersetzen
translation,Übersetzung
transmission,Übertragung
transmit,übertragen.
transparency,Transparenz
transparent,transparent
transport,transportieren
transport,transportieren
transportation,Transport
trap,Falle
trap,Falle
trauma,Trauma
travel,Reisen
travel,Reisen
traveller,Reisende
treasure,Schatz
treat,behandeln
treatment,Behandlung
treaty,Vertrag
tree,Baum
tremendous,.
trend,Trend
trial,Versuch
tribal,Stammesangehörige
tribe,Stamm
tribunal,Tribunal
tribute,Tribut
trick,Trick
trick,Trick
trigger,Auslöser
trigger,Auslöser
trillion,Billionen
trio,trio
trip,Reise
trip,Reise
triumph,Triumph
troop,Truppe
trophy,Trophäe
tropical,tropisch
trouble,Probleme
trouble,Probleme
troubled,beunruhigt
trousers,Hose
truck,Lkw
true,wahr
truly,wirklich
trust,Vertrauen
trust,Vertrauen
trustee,Treuhänder
truth,Wahrheit
try,Versuchen Sie
try,Versuchen Sie
tsunami,tsunami
tube,Rohr
Tuesday,Dienstag
tuition,Schulgeld
tune,abstimmen.
tunnel,Tunnel
turn,drehen.
turn,drehen.
turnout,Weiche
turnover,Umsatz
TV,TV
twelve,zwölf
twenty,zwanzig
twice,zweimal
twin,Zwilling
twin,Zwilling
twist,Drehung
twist,Drehung
two,zwei
type,Typ
type,Typ
typical,typisch
typically,typischerweise
tyre,Reifen
ugly,hässlich
ultimate,ultimativ
ultimately,letztlich
umbrella,Regenschirm
unable,unfähig
unacceptable,inakzeptabel
uncertainty,Unsicherheit
uncle,Onkel
uncomfortable,Unbequem
unconscious,unbewusst
under,unter
under,unter
undergo,unter
undergraduate,Studienanfänger
underground,unterirdisch
underground,unterirdisch
underlying,zugrundeliegende
undermine,untergraben
understand,verstehen.
understanding,Verständnis
undertake,sich verpflichten
underwear,Unterwäsche
undoubtedly,Zweifellos
unemployed,arbeitslos
unemployment,Arbeitslosigkeit
unexpected,unerwartet
unfair,unfair
unfold,aufklappen.
unfortunate,Unglücklicherweise
unfortunately,leider
unhappy,unglücklich
uniform,einheitlich
unify,vereinheitlichen
union,Gewerkschaft
unique,einzigartig
unit,Einheit
unite,vereinen
united,vereinigt
unity,Einheit
universal,universal
universe,Universum
university,Universität
unknown,unbekannt
unless,"es sei denn,"
unlike,im Gegensatz zu
unlikely,Unwahrscheinlich
unnecessary,unnötig
unpleasant,unangenehm
unprecedented,Beispiellos
until,bis
until,bis
unusual,Ungewöhnlich
unveil,Enthüllen Sie
up,auf
up,auf
upcoming,kommende
update,Update
update,Update
upgrade,aktualisieren
upgrade,aktualisieren
uphold,aufrechterhalten.
upon,auf
upper,obere
upset,verärgert
upset,verärgert
upstairs,Obergeschoss
upstairs,Obergeschoss
upwards,nach oben
urban,urban
urge,drängen
urgent,dringend
us,us
usage,Verwendung
use,verwenden.
use,verwenden.
used,gebraucht
used to,"verwendet, um"
useful,nützlich
useless,nutzlos
user,Benutzer
usual,üblich
usually,in der Regel
utility,Dienstprogramm
utilize,nutzen.
utterly,Völlig
vacation,Urlaub
vacuum,Vakuum
vague,vage
valid,gültig
validity,Gültigkeit
valley,Tal
valuable,wertvoll
value,Wert
value,Wert
van,van
vanish,verschwinden
variable,variabel
variable,variabel
variation,Variation
varied,abwechslungsreich
variety,Sorte
various,verschiedene
vary,variieren
vast,.
vegetable,Gemüse
vehicle,Fahrzeug
vein,Venen
venture,Unternehmen
venture,Unternehmen
venue,Veranstaltungsort
verbal,verbal
verdict,Urteil
verify,Überprüfen Sie
verse,Strophe
version,Version
versus,gegen
vertical,vertikal
very,sehr
very,sehr
vessel,Schiff
veteran,Veteran
via,über
viable,lebensfähig
vibrant,lebendige
vice,Vize
vicious,bösartig
victim,Opfer
victory,Sieg
video,Video
view,siehe
view,siehe
viewer,Betrachter
viewpoint,Standpunkt
village,Dorf
villager,Dorfbewohner
violate,verletzen
violation,Verstoß
violence,Gewalt
violent,gewalttätig
virtual,virtuell
virtue,Tugend
virus,Virus
visa,Visum
visible,sichtbar
vision,Vision
visit,besuchen Sie
visit,besuchen Sie
visitor,Besucher
visual,visuell
vital,vital
vitamin,Vitamin
vocal,stimmlich
voice,Stimme
volume,Band
voluntary,freiwillig
volunteer,Freiwillige
volunteer,Freiwillige
vote,Abstimmung
vote,Abstimmung
voting,Abstimmung
vow,Gelübde
vulnerability,Schwachstelle
vulnerable,anfällig
wage,Lohn
wait,warten
wait,warten
waiter,Kellner
wake,wecken
walk,Spaziergang
walk,Spaziergang
wall,Wand
wander,wandern
want,wollen
war,Krieg
ward,Station
warehouse,Lagerhaus
warfare,Kriegsführung
warm,warm
warm,warm
warming,Erwärmung
warn,warnen
warning,Warnung
warrant,Haftbefehl
warrant,Haftbefehl
warrior,Krieger
wash,waschen
wash,waschen
washing,Waschen
waste,Abfall
waste,Abfall
waste,Abfall
watch,Uhr
watch,Uhr
water,Wasser
water,Wasser
wave,Welle
wave,Welle
way,Weg
way,Weg
we,wir
weak,schwach
weaken,schwächen
weakness,Schwäche
wealth,Reichtum
wealthy,wohlhabend
weapon,Waffe
wear,tragen
weather,Wetter
weave,weben
web,Web
website,Website
wedding,Hochzeit
Wednesday,Mittwoch
weed,Unkraut
week,Woche
weekend,Wochenende
weekly,wöchentlich
weigh,wiegen
weight,Gewicht
weird,seltsam
welcome,Willkommen
welcome,Willkommen
welcome,Willkommen
welcome,Willkommen
welfare,Wohlfahrt
well,gut
well,gut
well,gut
well,gut
well-being,Wohlbefinden
west,West
west,West
west,West
western,westlich
wet,nass
what,was
what,was
whatever,was auch immer
whatever,was auch immer
whatever,was auch immer
whatsoever,was auch immer
wheat,Weizen
wheel,Rad
when,wenn
when,wenn
when,wenn
whenever,wenn
where,wobei
where,wobei
whereas,während
whereby,wobei
wherever,wo immer
whether,ob
which,die
which,die
while,während
while,während
whilst,während
whip,Peitsche
whisper,Flüstern
whisper,Flüstern
white,weiß
white,weiß
who,die
whoever,wer auch immer
whole,ganz
whole,ganz
wholly,Vollständig
whom,die
whose,deren
whose,deren
why,warum
wide,breit
widely,weit
widen,Erweitern Sie
widespread,weit verbreitet
widow,Witwe
width,Breite
wife,Frau
wild,wild
wildlife,Wildtiere
will,wird
will,wird
willing,bereit
willingness,Bereitschaft
win,gewinnen
win,gewinnen
wind,Wind
wind,Wind
window,Fenster
wine,Wein
wing,Flügel
winner,Gewinner
winter,Winter
wipe,wischen
wire,Draht
wisdom,Weisheit
wise,weise
wish,Wunsch
wish,Wunsch
wit,mit
with,mit
withdraw,zurückziehen
withdrawal,Rücknahme
within,innerhalb
without,ohne
witness,Zeuge
witness,Zeuge
woman,Frau
wonder,Wunder
wonder,Wunder
wonderful,wunderbar
wood,Holz
wooden,Holz
wool,Wolle
word,Wort
work,Arbeit
work,Arbeit
worker,Arbeiter
workforce,Arbeitskräfte
working,arbeiten
workout,Workout
workplace,Arbeitsplatz
workshop,Werkstatt
world,Welt
worldwide,weltweit
worldwide,weltweit
worm,Wurm
worried,besorgt
worry,Sorge
worry,Sorge
worse,schlechter
worse,schlechter
worse,schlechter
worship,Anbetung
worship,Anbetung
worst,schlechteste
worst,schlechteste
worst,schlechteste
worth,wert
worth,wert
worthwhile,lohnenswert
worthy,würdig
would,würde
wound,Wunde
wound,Wunde
wow,wow
wrap,wickeln
wrist,Handgelenk
write,schreiben.
writer,Schriftsteller
writing,Schreiben
written,geschrieben
wrong,falsch
wrong,falsch
wrong,falsch
yard,Hof
yeah,ja
year,Jahr
yell,schreien
yellow,gelb
yellow,gelb
yes,ja
yesterday,gestern
yesterday,gestern
yet,dennoch
yet,dennoch
yield,Ertrag
yield,Ertrag
you,Sie
young,junge
young,junge
youngster,.
your,Ihr
yours,Ihr
yourself,selbst
youth,Jugend
zero,Null
zone,Zone
conversely,umgekehrt
mediation,Mediation
cherry,Kirsche
testword,Testwort
