English,Spanish
a,a
abandon,abandone
ability,capacidad
able,able
abolish,suprimir
abortion,aborto
about,acerca de
about,acerca de
above,sobre
above,sobre
abroad,en el extranjero
absence,ausencia
absent,ausente
absolute,absoluto
absolutely,absolutamente
absorb,absorber
abstract,abstracto
absurd,absurdo
abundance,abundancia
abuse,abuso
abuse,abuso
academic,académico
academic,académico
academy,academia
accelerate,acelere
accent,acento
accept,acepte
acceptable,aceptable
acceptance,aceptación
access,acceda a
access,acceda a
accessible,accesible
accident,accidente
accidentally,accidentalmente
accommodate,acomodar
accommodation,alojamiento
accompany,acompañe a
accomplish,cumplir
accomplishment,logro
accordance,de acuerdo
according to,según
accordingly,en consecuencia
account,cuenta
account,cuenta
accountability,rendición de cuentas
accountable,responsable
accountant,contable
accounting,contabilidad
accumulate,acumular
accumulation,acumulación
accuracy,precisión
accurate,preciso
accurately,con precisión
accusation,acusación
accuse,acuse
accused,acusado
achieve,visite
achievement,logro
acid,ácido
acid,ácido
acknowledge,acuse recibo
acquire,adquiera
acquisition,adquisición
acre,acre
across,a través de
across,a través de
act,actuar
act,actuar
action,acción
activate,activar
activation,activación
active,activo
activist,activista
activity,actividad
actor,actor
actress,actriz
actual,actual
actually,en realidad
acute,aguda
ad,ad
adapt,adaptar
adaptation,adaptación
add,añada
addiction,adicción
addition,adición
additional,adicional
additionally,además
address,dirección
address,dirección
adequate,adecuada
adequately,adecuadamente
adhere,Adherirse
adjacent,adyacente
adjust,ajustar
adjustment,ajuste
administer,administrar
administration,administración
administrative,administrativo
administrator,administrador
admire,admire
admission,admisión
admit,admita
adolescent,adolescente
adopt,adopte
adoption,adopción
adult,para adultos
adult,para adultos
advance,avance
advance,avance
advance,avance
advanced,avanzado
advantage,ventaja
adventure,aventura
adverse,adverso
advertise,anunciar
advertisement,anuncio
advertising,publicidad
advice,consejo
advise,aconsejar
advocate,defensor
advocate,defensor
aesthetic,estética
affair,asunto
affect,afectar a
affection,afecto
afford,permitirse
affordable,asequible
afraid,miedo
after,después de
after,después de
after,después de
aftermath,secuelas
afternoon,por la tarde
afterwards,después
again,de nuevo
against,contra
age,edad
age,edad
aged,envejecido
agency,agencia
agenda,agenda
agent,agente
aggression,agresión
aggressive,agresivo
ago,hace
agree,de acuerdo
agreement,acuerdo
agricultural,agrícola
agriculture,agricultura
ah,ah
ahead,adelante
aid,ayuda
aid,ayuda
aide,ayudante
AIDS,SIDA
aim,apuntar
aim,apuntar
air,aire
aircraft,avión
airline,aerolínea
airport,aeropuerto
alarm,alarma
alarm,alarma
albeit,aunque
album,álbum
alcohol,alcohol
alcoholic,alcohol
alert,alerta
alert,alerta
alert,alerta
alien,alien
alien,alien
align,alinear
alignment,alineación
alike,igual
alike,igual
alive,vivo
all,todos
all,todos
all,todos
all right,de acuerdo
all right,de acuerdo
all right,de acuerdo
allegation,alegación
allege,allege
allegedly,supuestamente
alliance,alianza
allocate,asignar
allocation,asignación
allow,permitir
allowance,subsidio
ally,ally
almost,casi
alone,solo
alone,solo
along,a lo largo de
along,a lo largo de
alongside,junto a
already,ya
also,también
alter,altera
alternative,alternativa
alternative,alternativa
although,aunque
altogether,en total
aluminium,aluminio
always,siempre
amateur,aficionado
amateur,aficionado
amazed,asombrado
amazing,increíble
ambassador,embajador
ambition,ambición
ambitious,ambicioso
ambulance,ambulancia
amend,modificar
amendment,enmienda
amid,en medio de
among,en
amount,importe
amount,importe
amusing,divertido
analogy,analogía
analyse,analice
analysis,análisis
analyst,analista
ancestor,antepasado
anchor,ancla
ancient,antiguo
and,y
angel,ángel
anger,ira
angle,ángulo
angrily,airadamente
angry,enfadado
animal,animal
animation,animación
ankle,tobillo
anniversary,aniversario
announce,anunciar
announcement,anuncio
annoy,molestar
annoyed,molesto
annoying,molesto
annual,anual
annually,anualmente
anonymous,anónimo
another,otro
another,otro
answer,responder
answer,responder
anticipate,anticipar
anxiety,ansiedad
anxious,ansioso
any,cualquier
any,cualquier
any,cualquier
any more,más
anybody,cualquiera
anyone,cualquiera
anything,cualquier cosa
anyway,de todos modos
anywhere,en cualquier lugar
anywhere,en cualquier lugar
apart,aparte
apartment,apartamento
apologize,pide disculpas
apology,disculpa
app,aplicación
apparatus,aparato
apparent,aparente
apparently,aparentemente
appeal,recurso
appeal,recurso
appealing,atractivo
appear,aparece
appearance,aparición
appetite,apetito
applaud,aplaudir
apple,manzana
applicable,aplicable
applicant,solicitante
application,aplicación
apply,aplicar
appoint,designar
appointment,cita
appreciate,apreciar
appreciation,agradecimiento
approach,enfoque
approach,enfoque
appropriate,apropiado
appropriately,adecuadamente
approval,aprobación
approve,aprobar
approximately,aproximadamente
April,Abril
arbitrary,arbitraria
architect,arquitecto
architectural,arquitectura
architecture,arquitectura
archive,archivo
area,zona
arena,arena
arguably,Podría decirse que
argue,argumente
argument,argumento
arise,surgen
arm,brazo
arm,brazo
armed,armado
arms,brazos
army,ejército
around,en torno a
around,en torno a
arrange,organice
arrangement,acuerdo
array,matriz
arrest,detención
arrest,detención
arrival,llegada
arrive,llegar
arrow,flecha
art,arte
article,artículo
articulate,articule
artificial,artificial
artist,artista
artistic,artístico
artwork,obras de arte
as,como
as,como
as,como
ash,ceniza
ashamed,avergonzado
aside,a un lado
ask,pregunte a
asleep,dormido
aspect,aspecto
aspiration,aspiración
aspire,aspire a
assassination,asesinato
assault,asalto
assault,asalto
assemble,montar
assembly,montaje
assert,afirme
assertion,afirmación
assess,evaluar
assessment,evaluación
asset,activo
assign,asignar
assignment,asignación
assist,asista a
assistance,asistencia
assistant,asistente
assistant,asistente
associate,asociado
associated,asociado
association,asociación
assume,asuma
assumption,supuesto
assurance,garantía
assure,asegúrese
astonishing,asombroso
asylum,asilo
at,en
athlete,atleta
atmosphere,atmósfera
atrocity,atrocidad
attach,adjuntar
attachment,archivo adjunto
attack,ataque
attack,ataque
attain,visite
attempt,intente
attempt,intente
attend,visite
attendance,asistencia
attention,atención
attention,atención
attitude,actitud
attorney,abogado
attract,atraer a
attraction,atracción
attractive,atractivo
attribute,atributo
attribute,atributo
auction,subasta
audience,audiencia
audio,audio
audit,auditoría
August,Agosto
aunt,tía
authentic,auténtico
author,autor
authority,autoridad
authorize,autorice
auto,auto
automatic,automático
automatically,automáticamente
autonomy,autonomía
autumn,otoño
availability,disponibilidad
available,disponible
average,media
average,media
average,media
avoid,evite
await,await
award,premio
award,premio
aware,consciente
awareness,sensibilización
away,fuera
awful,horrible
awkward,incómodo
baby,bebé
back,volver
back,volver
back,volver
back,volver
backdrop,telón de fondo
background,fondo
backing,respaldo
backup,copia de seguridad
backwards,hacia atrás
bacteria,bacterias
bad,mal
badge,insignia
badly,mal
bag,bolsa
bail,fianza
bake,hornear
balance,saldo
balance,saldo
balanced,equilibrado
ball,bola
ballet,ballet
balloon,globo
ballot,papeleta
ban,prohibir
ban,prohibir
banana,plátano
band,banda
bank,banco
banner,banner
bar,bar
bar,bar
bare,desnudo
barely,apenas
bargain,ganga
barrel,barril
barrier,barrera
base,base
base,base
baseball,béisbol
based,basado en
basement,sótano
basic,básico
basically,básicamente
basis,base
basket,cesta
basketball,baloncesto
bass,bajo
bat,murciélago
bat,murciélago
bath,baño
bathroom,cuarto de baño
battery,batería
battle,batalla
battle,batalla
battlefield,campo de batalla
bay,bahía
be,sea
be,sea
beach,playa
beam,haz
bean,judía
bear,oso
bear,oso
beast,bestia
beat,vencer
beat,vencer
beautiful,hermoso
beauty,belleza
because,porque
become,
bed,cama
bedroom,dormitorio
bee,abeja
beef,ternera
beer,cerveza
before,antes de
before,antes de
before,antes de
beg,beg
begin,comience
beginning,Inicio
behalf,nombre
behave,comportarse
behaviour,comportamiento
behind,detrás de
behind,detrás de
being,en
belief,creencia
believe,cree
bell,campana
belong,pertenecer
beloved,amado
below,debajo de
below,debajo de
belt,cinturón
bench,banco
benchmark,referencia
bend,doblar
bend,doblar
beneath,bajo
beneficial,beneficioso
beneficiary,beneficiario
benefit,beneficio
benefit,beneficio
bent,doblado
beside,junto a
besides,además de
besides,además de
best,mejor
best,mejor
best,mejor
bet,apuesta
bet,apuesta
betray,traicionar
better,mejor
better,mejor
better,mejor
between,entre
between,entre
beyond,más allá de
beyond,más allá de
bias,sesgo
bicycle,bicicleta
bid,oferta
bid,oferta
big,gran
bike,bicicleta
bill,bill
bill,bill
billion,mil millones
bin,papelera
bind,vincular
biography,biografía
biological,biológico
biology,biología
bird,pájaro
birth,nacimiento
birthday,cumpleaños
biscuit,galleta
bishop,obispo
bit,bit
bite,morder
bite,morder
bitter,amargo
bizarre,bizarro
black,negro
black,negro
blade,hoja
blame,culpar a
blame,culpar a
blank,en blanco
blank,en blanco
blanket,manta
blast,ráfaga
blast,ráfaga
bleed,sangrar
blend,mezcla
blend,mezcla
bless,bendice
blessing,bendición
blind,ciego
block,bloque
block,bloque
blog,blog
blonde,rubia
blood,sangre
blow,soplar
blow,soplar
blue,azul
blue,azul
board,tablero
board,tablero
boast,presume
boat,barco
body,cuerpo
boil,hervir
bold,negrita
bomb,bomba
bomb,bomba
bombing,bombardeo
bond,bono
bone,hueso
bonus,bonificación
book,Libro
book,Libro
booking,reserva
boom,pluma
boost,impulsar
boost,impulsar
boot,arranque
border,frontera
border,frontera
bored,aburrido
boring,aburrido
born,nacido
borrow,pedir prestado
boss,jefe
both,ambos
both,ambos
bother,molestar
bottle,botella
bottom,fondo
bottom,fondo
bounce,rebote
bound,encuadernado
boundary,límite
bow,arco
bow,arco
bowl,cuenco
box,caja
boy,chico
boyfriend,novio
brain,cerebro
branch,rama
brand,marca
brand,marca
brave,valiente
breach,infracción
breach,infracción
bread,pan
break,romper
break,romper
breakdown,avería
breakfast,desayuno
breakthrough,avance
breast,mama
breath,aliento
breathe,respira
breathing,respiración
breed,raza
breed,raza
brick,ladrillo
bride,novia
bridge,puente
brief,breve
briefly,brevemente
bright,brillante
brilliant,brillante
bring,traiga
broad,amplio
broadband,banda ancha
broadcast,difusión
broadcast,difusión
broadcaster,emisora
broadly,en general
broken,roto
brother,hermano
brown,marrón
brown,marrón
browser,navegador
brush,cepillo
brush,cepillo
brutal,brutal
bubble,burbuja
buck,buck
buddy,amigo
budget,presupuesto
buffer,búfer
bug,error
build,construya
building,edificio
bulk,a granel
bullet,bala
bunch,grupo
burden,carga
bureaucracy,burocracia
burial,entierro
burn,quemar
burn,quemar
burst,ráfaga
bury,enterrar
bus,autobús
bush,bush
business,empresa
businessman,empresario
busy,ocupado
but,pero
but,pero
butter,mantequilla
button,botón
buy,comprar
by,por
by,por
bye,adiós
cabin,cabina
cabinet,armario
cable,cable
cafe,café
cake,tarta
calculate,calcular
calculation,cálculo
call,llame a
call,llame a
calm,calma
calm,calma
calm,calma
camera,cámara
camp,campamento
camp,campamento
campaign,campaña
campaign,campaña
camping,camping
campus,campus
can,puede
can,puede
canal,canal
cancel,cancelar
cancer,cáncer
candidate,candidato
candle,vela
cannot,no puede
canvas,lona
cap,tapa
capability,capacidad
capable,capaz
capacity,capacidad
capital,capital
capital,capital
capitalism,capitalismo
capitalist,capitalista
captain,capitán
capture,captura
capture,captura
car,coche
carbon,carbono
card,tarjeta
care,atención
care,atención
career,carrera
careful,cuidado
carefully,cuidadosamente
careless,descuidado
cargo,carga
carpet,alfombra
carriage,carro
carrot,zanahoria
carry,llevar
cartoon,dibujos animados
carve,tallar
case,caso
cash,efectivo
casino,casino
cast,fundición
cast,fundición
castle,castillo
casual,casual
casualty,siniestros
cat,cat
catalogue,catálogo
catch,captura
catch,captura
category,categoría
cater,cater
cattle,ganado
cause,causa
cause,causa
caution,precaución
cautious,cauteloso
cave,cueva
CD,CD
cease,cesar
ceiling,techo
celebrate,celebre
celebration,celebración
celebrity,celebridad
cell,célula
cemetery,cementerio
cent,cent
central,central
centre,centro
centre,centro
century,siglo
ceremony,ceremonia
certain,cierta
certainly,ciertamente
certainty,certeza
certificate,certificado
chain,cadena
chain,cadena
chair,silla
chair,silla
chairman,presidente
challenge,desafío
challenge,desafío
challenging,desafiando
chamber,cámara
champion,campeón
championship,campeonato
chance,oportunidad
change,cambiar
change,cambiar
channel,canal
chaos,caos
chapter,capítulo
character,carácter
characteristic,característica
characteristic,característica
characterize,caracterizar
charge,carga
charge,carga
charity,caridad
charm,encanto
charming,encantador
chart,gráfico
chart,gráfico
charter,fletamento
chase,chase
chase,chase
chat,chat
chat,chat
cheap,barato
cheap,barato
cheat,tramposo
cheat,tramposo
check,consulte
check,consulte
cheek,mejilla
cheer,animar
cheer,animar
cheerful,alegre
cheese,queso
chef,chef
chemical,química
chemical,química
chemistry,química
chest,pecho
chicken,pollo
chief,jefe
chief,jefe
child,niño
childhood,infancia
chip,chip
chocolate,chocolate
choice,elección
choir,coro
choose,elija
chop,chop
chronic,crónica
chunk,trozo
church,iglesia
cigarette,cigarrillo
cinema,cine
circle,círculo
circle,círculo
circuit,circuito
circulate,circular
circulation,circulación
circumstance,circunstancia
cite,cite
citizen,ciudadano
citizenship,ciudadanía
city,ciudad
civic,cívico
civil,civil
civilian,civil
civilian,civil
civilization,civilización
claim,reclamar
claim,reclamar
clarify,aclare
clarity,claridad
clash,choque
class,clase
classic,clásico
classic,clásico
classical,clásico
classification,clasificación
classify,clasificar
classroom,aula
clause,cláusula
clean,limpiar
clean,limpiar
cleaning,limpieza
clear,borrar
clear,borrar
clearly,claramente
clerk,oficinista
clever,inteligente
click,haga clic en
click,haga clic en
client,cliente
cliff,acantilado
climate,clima
climb,climb
climb,climb
cling,aferrarse
clinic,clínica
clinical,clínica
clip,clip
clock,reloj
close,cerrar
close,cerrar
close,cerrar
close,cerrar
closed,cerrado
closely,estrechamente
closure,cierre
cloth,tela
clothes,ropa
clothing,ropa
cloud,nube
club,club
clue,pista
cluster,grupo
coach,entrenador
coach,entrenador
coal,carbón
coalition,coalición
coast,costa
coastal,costera
coat,abrigo
cocktail,cóctel
code,código
coffee,café
cognitive,cognitivo
coin,moneda
coincide,coincidir
coincidence,coincidencia
cold,frío
cold,frío
collaborate,colabore
collaboration,colaboración
collapse,colapso
collapse,colapso
colleague,colega
collect,recoja
collection,colección
collective,colectivo
collector,colector
college,universidad
collision,colisión
colonial,colonial
colony,colonia
colour,color
coloured,de color
colourful,colorido
column,columna
columnist,columnista
combat,combate
combat,combate
combination,combinación
combine,combinar
come,venga
comedy,comedia
comfort,confort
comfort,confort
comfortable,cómodo
comic,cómic
comic,cómic
command,comando
command,comando
commander,comandante
commence,comience
comment,comentario
comment,comentario
commentary,comentario
commentator,comentarista
commerce,comercio
commercial,comercial
commercial,comercial
commission,comisión
commission,comisión
commissioner,comisario
commit,escriba a
commitment,compromiso
committee,comité
commodity,mercancía
common,común
commonly,comúnmente
communicate,comunicar
communication,comunicación
communist,comunista
community,comunidad
companion,compañero
company,empresa
comparable,comparable
comparative,comparativa
compare,compare
comparison,comparación
compassion,compasión
compel,obligar
compelling,convincente
compensate,compense
compensation,compensación
compete,compita
competence,competencia
competent,competente
competition,concurso
competitive,competitivo
competitor,competidor
compile,compilar
complain,quejarse
complaint,reclamación
complement,complemento
complete,completa
complete,completa
completely,completamente
completion,finalización
complex,complejo
complex,complejo
complexity,complejidad
compliance,conformidad
complicated,complicado
complication,complicación
comply,cumpla
component,componente
compose,componer
composer,compositor
composition,composición
compound,compuesto
comprehensive,completo
comprise,comprende
compromise,compromiso
compromise,compromiso
compulsory,obligatorio
compute,calcula
computer,ordenador
conceal,ocultar
concede,ceda
conceive,concebir
concentrate,concentrado
concentration,concentración
concept,concepto
conception,concepción
concern,preocupación
concern,preocupación
concerned,preocupado
concert,concierto
concession,concesión
conclude,concluya
conclusion,conclusión
concrete,hormigón
concrete,hormigón
condemn,condenar
condition,condición
conduct,diríjase a
conduct,diríjase a
confer,consultar
conference,conferencia
confess,confiesa
confession,confesión
confidence,confianza
confident,confía en
configuration,configuración
confine,confinar
confirm,confirmar
confirmation,confirmación
conflict,conflicto
conflict,conflicto
confront,enfrentarse a
confrontation,confrontación
confuse,confundir
confused,confuso
confusing,confuso
confusion,confusión
congratulate,felicite a
congregation,congregación
congressional,Congreso
connect,conecte
connected,conectado
connection,conexión
conquer,conquistar
conscience,conciencia
conscious,consciente
consciousness,conciencia
consecutive,consecutivo
consensus,consenso
consent,consentimiento
consent,consentimiento
consequence,consecuencia
consequently,en consecuencia
conservation,conservación
conservative,conservador
conservative,conservador
conserve,conserve
consider,considere
considerable,considerable
considerably,considerablemente
consideration,consideración
consist,consistir
consistency,coherencia
consistent,coherente
consistently,sistemáticamente
consolidate,consolidar
conspiracy,conspiración
constant,constante
constantly,constantemente
constituency,circunscripción
constitute,constituyen
constitution,constitución
constitutional,constitucional
constraint,restricción
construct,construir
construction,construcción
consult,consulte
consultant,consultor
consultation,consulta
consume,consumir
consumer,consumidor
consumption,consumo
contact,póngase en contacto con
contact,póngase en contacto con
contain,contienen
container,contenedor
contemplate,contemplar
contemporary,contemporáneo
contempt,desprecio
contend,contender
contender,contendiente
content,contenido
content,contenido
contention,contención
contest,concurso
contest,concurso
context,contexto
continent,continente
continually,continuamente
continue,continuar
continuous,continuo
contract,contrato
contract,contrato
contractor,contratista
contradiction,contradicción
contrary,contrario
contrary,contrario
contrast,contraste
contrast,contraste
contribute,contribuir
contribution,contribución
contributor,colaborador
control,control
control,control
controversial,polémico
controversy,controversia
convenience,comodidad
convenient,cómodo
convention,convención
conventional,convencional
conversation,conversación
conversion,conversión
convert,convertir
convey,transportar
convict,convicto
conviction,condena
convince,convencer
convinced,convencido
convincing,convincente
cook,cocinero
cook,cocinero
cooker,cocina
cooking,cocina
cool,genial
cool,genial
cooperate,colabore
cooperative,cooperativa
coordinate,coordenadas
coordination,coordinación
coordinator,coordinador
cop,policía
cope,cope
copper,cobre
copy,copia
copy,copia
copyright,copyright
core,núcleo
core,núcleo
corner,esquina
corporate,corporativo
corporation,corporación
correct,correcto
correct,correcto
correction,corrección
correctly,correctamente
correlate,correlacionar
correlation,correlación
correspond,corresponden
correspondence,correspondencia
correspondent,corresponsal
corresponding,correspondiente
corridor,pasillo
corrupt,corrupto
corruption,corrupción
cost,coste
cost,coste
costly,costoso
costume,disfraz
cottage,casa rural
cotton,algodón
could,podría
council,consejo
councillor,consejero
counselling,asesoramiento
counsellor,consejero
count,cuente
count,cuente
counter,contador
counter,contador
counterpart,contraparte
countless,innumerables
country,país
countryside,campo
county,condado
coup,golpe de estado
couple,pareja
courage,valor
course,curso
court,tribunal
courtesy,cortesía
cousin,primo
cover,portada
cover,portada
coverage,cobertura
covered,cubierta
cow,vaca
crack,grieta
crack,grieta
craft,artesanía
craft,artesanía
crash,choque
crash,choque
crawl,arrastrarse
crazy,loco
cream,crema
cream,crema
create,crear
creation,creación
creative,creativo
creativity,creatividad
creator,creador
creature,criatura
credibility,credibilidad
credible,creíble
credit,crédito
credit,crédito
creep,arrastrarse
crew,tripulación
crime,delito
criminal,criminal
criminal,criminal
crisis,crisis
criterion,criterio
critic,crítico
critical,crítico
critically,críticamente
criticism,críticas
criticize,critique
critique,crítica
crop,cultivo
cross,cruz
cross,cruz
crowd,multitud
crowded,atestado
crown,corona
crucial,crucial
crude,crudo
cruel,cruel
cruise,crucero
cruise,crucero
crush,aplastar
cry,llorar
cry,llorar
crystal,cristal
cue,cue
cult,culto
cult,culto
cultivate,cultivar
cultural,cultural
culture,cultura
cup,taza
cupboard,armario
cure,cura
cure,cura
curiosity,curiosidad
curious,curioso
curly,rizado
currency,divisa
current,actual
current,actual
currently,actualmente
curriculum,curriculum
curtain,cortina
curve,curva
curve,curva
curved,curva
custody,custodia
custom,personalizado
customer,cliente
cut,corte
cut,corte
cute,bonito
cutting,corte
cycle,ciclo
cycle,ciclo
cynical,cínico
dad,papá
daily,diario
daily,diario
dairy,lácteos
dairy,lácteos
dam,presa
damage,daños
damage,daños
damaging,perjudicial
dance,baile
dance,baile
dancer,bailarina
dancing,bailando
danger,peligro
dangerous,peligroso
dare,atrévete
dark,oscuro
dark,oscuro
darkness,oscuridad
data,datos
database,base de datos
date,fecha
date,fecha
daughter,hija
dawn,amanecer
day,día
dead,muerto
deadline,plazo
deadly,mortal
deal,acuerdo
deal,acuerdo
dealer,distribuidor
dear,estimado
dear,estimado
death,muerte
debate,debate
debate,debate
debris,escombros
debt,deuda
debut,debut
decade,década
December,Diciembre
decent,decente
decide,decida
decision,decisión
decision-making,toma de decisiones
decisive,decisivo
deck,cubierta
declaration,declaración
declare,declara
decline,descenso
decline,descenso
decorate,decorar
decoration,decoración
decrease,disminuir
decrease,disminuir
dedicated,dedicado
dedication,dedicatoria
deed,escritura
deem,considere
deep,profundo
deep,profundo
deeply,profundamente
default,por defecto
defeat,vencer
defeat,vencer
defect,defecto
defence,defensa
defend,defender
defender,defensor
defensive,defensiva
deficiency,deficiencia
deficit,déficit
define,defina
definite,definitivo
definitely,definitivamente
definition,definición
defy,desafía
degree,grado
delay,retraso
delay,retraso
delegate,delegado
delegation,delegación
delete,borrar
deliberate,deliberada
deliberately,deliberadamente
delicate,delicado
delicious,delicioso
delight,deleite
delight,deleite
delighted,encantado
deliver,Entregar
delivery,entrega
demand,demanda
demand,demanda
democracy,democracia
democratic,democrático
demon,demonio
demonstrate,demuestre
demonstration,demostración
denial,denegación
denounce,denuncia
dense,denso
density,densidad
dentist,dentista
deny,denegar
depart,salga de
department,departamento
departure,salida
depend,depende
dependence,dependencia
dependent,dependiente
depict,
deploy,despliegue
deployment,despliegue
deposit,depósito
deposit,depósito
depressed,deprimido
depressing,deprimente
depression,depresión
deprive,privar
depth,profundidad
deputy,adjunto
derive,derivar
descend,descender
descent,descenso
describe,describa
description,descripción
desert,desierto
desert,desierto
deserve,merecen
design,diseño
design,diseño
designate,designar
designer,diseñador
desirable,deseable
desire,deseo
desire,deseo
desk,escritorio
desktop,escritorio
desperate,desesperado
desperately,desesperadamente
despite,a pesar de
destination,destino
destroy,destruir
destruction,destrucción
destructive,destructivo
detail,detalle
detail,detalle
detailed,detallado
detain,detener
detect,detectar
detection,detección
detective,detective
detention,detención
deteriorate,deteriorarse
determination,determinación
determine,determine
determined,determinado
devastate,devastar
develop,desarrollar
development,desarrollo
device,dispositivo
devil,diablo
devise,idear
devote,dedicar
diagnose,diagnosticar
diagnosis,diagnóstico
diagram,diagrama
dialogue,diálogo
diamond,diamante
diary,diario
dictate,dictar
dictator,dictador
dictionary,diccionario
die,morir
diet,dieta
differ,difiera
difference,diferencia
different,diferente
differentiate,diferenciar
differently,de forma diferente
difficult,difícil
difficulty,dificultad
dig,dig
digital,digital
dignity,dignidad
dilemma,dilema
dimension,dimensión
diminish,disminuir
dinner,cena
dip,dip
diplomat,diplomático
diplomatic,diplomático
direct,directo
direct,directo
direct,directo
direction,dirección
directly,directamente
director,director
directory,directorio
dirt,suciedad
dirty,sucio
disability,discapacidad
disabled,desactivado
disadvantage,desventaja
disagree,en desacuerdo
disagreement,desacuerdo
disappear,desaparecer
disappoint,decepcionar
disappointed,decepcionado
disappointing,decepcionante
disappointment,decepción
disaster,catástrofe
disastrous,desastroso
disc,disco
discard,descarte
discharge,descarga
discipline,disciplina
disclose,divulgar
disclosure,divulgación
discount,descuento
discount,descuento
discourage,disuadir
discourse,discurso
discover,descubra
discovery,descubrimiento
discretion,discreción
discrimination,discriminación
discuss,discutir
discussion,debate
disease,enfermedad
dish,plato
dishonest,deshonesto
disk,disco
dislike,no me gusta
dislike,no me gusta
dismiss,desestimar
dismissal,despido
disorder,trastorno
displace,desplazar
display,mostrar
display,mostrar
disposal,eliminación
dispose,disponer
dispute,disputa
dispute,disputa
disrupt,interrumpir
disruption,perturbación
dissolve,disolver
distance,distancia
distant,distante
distinct,distinto
distinction,distinción
distinctive,distintivo
distinguish,distinguir
distort,distorsionar
distract,distraer
distress,socorro
distress,socorro
distribute,distribuya
distribution,distribución
district,distrito
disturb,molestar
disturbing,inquietante
dive,bucear
dive,bucear
diverse,diverso
diversity,diversidad
divert,desviar
divide,dividir
divide,dividir
divine,divino
division,división
divorce,divorcio
divorce,divorcio
divorced,divorciado
do,do
do,do
doctor,doctor
doctrine,doctrina
document,documento
document,documento
documentary,documental
documentation,documentación
dog,perro
dollar,dólar
domain,dominio
domestic,doméstico
dominance,dominio
dominant,dominante
dominate,domina
donate,donar
donation,donación
donor,donante
door,puerta
dose,dosis
dot,punto
double,doble
double,doble
double,doble
double,doble
double,doble
doubt,duda
doubt,duda
down,abajo
down,abajo
download,descargar
download,descargar
downstairs,abajo
downstairs,abajo
downtown,centro de la ciudad
downtown,centro de la ciudad
downtown,centro de la ciudad
downwards,hacia abajo
dozen,docena
dozen,docena
draft,borrador
draft,borrador
drag,arrastre
drain,desagüe
drama,drama
dramatic,dramático
dramatically,dramáticamente
draw,dibujar
drawing,dibujo
dream,sueño
dream,sueño
dress,vestido
dress,vestido
dressed,vestido
drift,deriva
drink,beber
drink,beber
drive,conducir
drive,conducir
driver,conductor
driving,conducir
driving,conducir
drop,drop
drop,drop
drought,sequía
drown,ahóguese
drug,medicamento
drum,tambor
drunk,borracho
dry,seco
dry,seco
dual,doble
dub,dub
due,debido
dull,aburrido
dumb,tonto
dump,volcar
duo,dúo
duration,duración
during,durante
dust,polvo
duty,deber
DVD,DVD
dynamic,dinámico
dynamic,dinámico
each,cada
each,cada
each,cada
eager,ansioso
ear,oído
early,principios de
early,principios de
earn,gane
earnings,ganancias
earth,tierra
earthquake,terremoto
ease,facilidad
ease,facilidad
easily,fácilmente
east,este
east,este
east,este
eastern,este
easy,fácil
eat,come
echo,echo
echo,echo
ecological,ecológico
economic,económico
economics,economía
economist,economista
economy,economía
edge,borde
edit,editar
edition,edición
editor,editor
editorial,editorial
educate,educar
educated,educado
education,educación
educational,educativo
educator,educador
effect,efecto
effective,eficaz
effectively,efectivamente
effectiveness,eficacia
efficiency,eficacia
efficient,eficiente
efficiently,eficientemente
effort,esfuerzo
egg,huevo
ego,ego
eight,ocho
eighteen,dieciocho
eighty,ochenta
either,o bien
either,o bien
either,o bien
elaborate,elabore
elbow,codo
elderly,ancianos
elect,elija
election,elecciones
electoral,electoral
electric,eléctrico
electrical,eléctrico
electricity,electricidad
electronic,electrónico
electronics,electrónica
elegant,elegante
element,elemento
elementary,elemental
elephant,elefante
elevate,elevar
eleven,once
eligible,elegible
eliminate,eliminar
elite,elite
else,si no
elsewhere,en otro lugar
email,correo electrónico
email,correo electrónico
embark,embarque
embarrassed,avergonzado
embarrassing,vergonzoso
embarrassment,vergüenza
embassy,embajada
embed,incrustar
embody,encarnar
embrace,abrazar
emerge,emerger
emergence,emergencia
emergency,emergencia
emission,emisión
emotion,emoción
emotional,emocional
emotionally,emocionalmente
emphasis,énfasis
emphasize,destacar
empire,imperio
empirical,empírico
employ,emplear
employee,empleado
employer,empresario
employment,empleo
empower,potencie
empty,vacío
empty,vacío
enable,active
enact,promulgar
encompass,abarcar
encounter,encuentro
encounter,encuentro
encourage,fomentar
encouragement,ánimo
encouraging,fomentando
end,fin
end,fin
endeavour,esforzarse
ending,finalizando
endless,sin fin
endorse,avalar
endorsement,endoso
endure,soportar
enemy,enemigo
energy,energía
enforce,aplicar
enforcement,aplicación
engage,participar
engaged,comprometido
engagement,compromiso
engaging,Atraer a
engine,motor
engineer,ingeniero
engineering,ingeniería
enhance,mejorar
enjoy,disfrute de
enjoyable,agradable
enormous,enorme
enough,suficiente
enough,suficiente
enough,suficiente
enquire,consulte
enquiry,consulta
enrich,enriquecer
enrol,inscríbase en
ensue,escriba a
ensure,garantizar
enter,entre en
enterprise,empresa
entertain,entretener
entertaining,entretenida
entertainment,entretenimiento
enthusiasm,entusiasmo
enthusiast,entusiasta
enthusiastic,entusiasta
entire,todo
entirely,totalmente
entitle,titular
entity,entidad
entrance,entrada
entrepreneur,emprendedor
entry,entrada
envelope,sobre
environment,medio ambiente
environmental,medio ambiente
epidemic,epidemia
episode,episodio
equal,igual
equal,igual
equal,igual
equality,igualdad
equally,igualmente
equation,ecuación
equip,equipar
equipment,equipo
equivalent,equivalente
equivalent,equivalente
era,era
erect,erecto
error,error
erupt,entrar en erupción
escalate,escalar
escape,escapar
escape,escapar
especially,especialmente
essay,ensayo
essence,esencia
essential,esencial
essentially,esencialmente
establish,establecer
establishment,establecimiento
estate,propiedad
estimate,estimación
estimate,estimación
eternal,eterno
ethic,ética
ethical,ética
ethnic,étnico
euro,euro
evacuate,evacuar
evaluate,evaluar
evaluation,evaluación
even,incluso
even,incluso
evening,noche
event,evento
eventually,finalmente
ever,ever
every,cada
everybody,todo el mundo
everyday,todos los días
everyone,todo el mundo
everything,todo
everywhere,en todas partes
evidence,pruebas
evident,evidente
evil,malvado
evil,malvado
evoke,evocar
evolution,evolución
evolutionary,evolutivo
evolve,evolucionar
exact,exacta
exactly,exactamente
exaggerate,exagerar
exam,examen
examination,examen
examine,examine
example,ejemplo
exceed,superar
excellence,excelencia
excellent,excelente
except,excepto
except,excepto
exception,excepción
exceptional,excepcional
excess,exceso
excess,exceso
excessive,exceso de
exchange,intercambiar
exchange,intercambiar
excited,emocionado
excitement,emoción
exciting,emocionante
exclude,excluir
exclusion,exclusión
exclusive,exclusivo
exclusively,exclusivamente
excuse,disculpe
excuse,disculpe
execute,ejecutar
execution,ejecución
executive,ejecutivo
executive,ejecutivo
exercise,ejercicio
exercise,ejercicio
exert,escriba a
exhibit,exposición
exhibit,exposición
exhibition,exposición
exile,exilio
exist,existe
existence,existencia
exit,salida
exit,salida
exotic,exótico
expand,ampliar
expansion,expansión
expect,espere
expectation,expectativa
expected,esperado
expedition,expedición
expenditure,gastos
expense,gasto
expensive,caro
experience,experiencia
experience,experiencia
experienced,con experiencia
experiment,experimento
experiment,experimento
experimental,experimental
expert,experto
expert,experto
expertise,experiencia
expire,caduca
explain,explique
explanation,explicación
explicit,explícito
explicitly,explícitamente
explode,explota
exploit,exploit
exploitation,explotación
exploration,exploración
explore,explore
explosion,explosión
explosive,explosivo
explosive,explosivo
export,exportar
export,exportar
expose,exponer
exposure,exposición
express,express
expression,expresión
extend,ampliar
extension,extensión
extensive,amplia
extensively,ampliamente
extent,extensión
external,externo
extra,extra
extra,extra
extra,extra
extract,extracto
extract,extracto
extraordinary,extraordinario
extreme,extremo
extreme,extremo
extremely,extremadamente
extremist,extremista
eye,ojo
fabric,tela
fabulous,fabuloso
face,cara
face,cara
facilitate,facilitar
facility,instalación
fact,hecho
faction,facción
factor,factor
factory,fábrica
faculty,profesorado
fade,desvanecerse
fail,falla
failed,fallido
failure,fallo
fair,feria
fairly,bastante
fairness,equidad
faith,fe
fake,falso
fall,otoño
fall,otoño
false,falso
fame,fama
familiar,familiar
family,familia
family,familia
famous,famoso
fan,ventilador
fancy,elegante
fancy,elegante
fantastic,fantástico
fantasy,fantasía
far,lejos
far,lejos
fare,tarifa
farm,granja
farm,granja
farmer,agricultor
farming,agricultura
fascinating,fascinante
fashion,moda
fashionable,de moda
fast,rápido
fast,rápido
fasten,fije
fat,grasa
fat,grasa
fatal,fatal
fate,destino
father,padre
fault,fallo
favour,favor
favour,favor
favourable,favorable
favourite,favorito
favourite,favorito
fear,miedo
fear,miedo
feat,feat
feather,pluma
feature,función
feature,función
February,Febrero
federal,federal
fee,tarifa
feed,alimentar
feed,alimentar
feedback,comentarios
feeding,alimentación
feel,siente
feel,siente
feeling,sensación
fellow,compañero
female,mujer
female,mujer
feminist,feminista
feminist,feminista
fence,valla
festival,festival
fever,fiebre
few,algunos
few,algunos
few,algunos
fibre,fibra
fiction,ficción
field,campo
fierce,feroz
fifteen,quince
fifth,quinto
fifty,cincuenta
fight,lucha
fight,lucha
fighting,luchando contra
figure,figura
figure,figura
file,archivo
file,archivo
fill,rellenar
film,película
film,película
film-maker,cineasta
filter,filtro
filter,filtro
final,final
final,final
finally,finalmente
finance,finanzas
finance,finanzas
financial,financiero
find,encontrar
finding,encontrar
fine,fino
fine,fino
fine,fino
finger,dedo
finish,acabado
finish,acabado
fire,fuego
fire,fuego
firearm,arma de fuego
firefighter,bombero
firework,fuegos artificiales
firm,firme
firm,firme
firmly,firmemente
first,primero
first,primero
first,primero
first,primero
firstly,en primer lugar
fish,pescado
fish,pescado
fishing,pesca
fit,ajuste
fit,ajuste
fit,ajuste
fitness,fitness
five,cinco
fix,fije
fix,fije
fixed,fijo
fixture,accesorio
flag,bandera
flame,llama
flash,flash
flash,flash
flat,plano
flat,plano
flavour,sabor
flaw,defecto
flawed,defectuoso
flee,huir
fleet,flota
flesh,carne
flexibility,flexibilidad
flexible,flexible
flight,vuelo
float,float
flood,inundación
flood,inundación
floor,suelo
flour,harina
flourish,florecer
flow,flujo
flow,flujo
flower,flor
flu,gripe
fluid,fluido
fly,mosca
fly,mosca
flying,volando
flying,volando
focus,enfoque
focus,enfoque
fold,pliegue
fold,pliegue
folding,plegable
folk,folk
folk,folk
follow,siga
following,siguiente
following,siguiente
following,siguiente
fond,cariñoso
food,alimentos
fool,tonto
foot,pie
footage,imágenes
football,fútbol
for,para
forbid,prohibir
force,fuerza
force,fuerza
forecast,previsión
forecast,previsión
foreign,extranjero
foreigner,extranjero
forest,bosque
forever,para siempre
forge,forja
forget,olvida
forgive,perdone
fork,horquilla
form,formulario
form,formulario
formal,formal
format,formato
formation,formación
former,antiguo
formerly,antes
formula,fórmula
formulate,formular
forth,adelante
forthcoming,Próximamente
fortunate,afortunado
fortunately,afortunadamente
fortune,fortuna
forty,cuarenta
forum,foro
forward,adelante
forward,adelante
fossil,fósil
foster,acoger
found,encontrado
foundation,fundación
founder,fundador
four,cuatro
fourteen,catorce
fourth,cuarto
fraction,fracción
fragile,frágil
fragment,fragmento
frame,marco
frame,marco
framework,marco
franchise,franquicia
frankly,francamente
fraud,fraude
free,gratis
free,gratis
free,gratis
freedom,libertad
freely,libremente
freeze,congelar
frequency,frecuencia
frequent,frecuente
frequently,con frecuencia
fresh,fresco
Friday,Viernes
fridge,frigorífico
friend,amigo
friendly,amable
friendship,amistad
frighten,asustar
frightened,asustado
frightening,aterrador
frog,rana
from,de
front,frente
front,frente
frozen,congelado
fruit,fruta
frustrated,frustrado
frustrating,frustrante
frustration,frustración
fry,freír
fuel,combustible
fuel,combustible
fulfil,cumplir
full,completo
full-time,a tiempo completo
full-time,a tiempo completo
fully,totalmente
fun,divertido
fun,divertido
function,función
function,función
functional,funcional
fund,fondo
fund,fondo
fundamental,fundamental
fundamentally,fundamentalmente
funding,financiación
fundraising,recaudación de fondos
funeral,funeral
funny,divertido
fur,piel
furious,furioso
furniture,muebles
further,más
further,más
furthermore,además
future,futuro
future,futuro
gain,ganar
gain,ganar
gallery,galería
gallon,galón
gambling,juego
game,juego
gaming,juegos
gang,pandilla
gap,brecha
garage,garaje
garden,jardín
gas,gas
gate,puerta
gather,recoja
gathering,recopilación
gay,gay
gaze,mirada
gaze,mirada
gear,engranaje
gender,género
gene,gen
general,general
generally,en general
generate,generar
generation,generación
generic,genérico
generous,generoso
genetic,genética
genius,genio
genocide,genocidio
genre,género
gentle,suave
gentleman,caballero
genuine,genuino
genuinely,realmente
geography,geografía
gesture,gesto
get,consiga
ghost,fantasma
giant,gigante
giant,gigante
gift,regalo
gig,giga
girl,chica
girlfriend,novia
give,dé
glad,Me alegro
glance,ojeada
glance,ojeada
glass,vidrio
glimpse,vislumbrar
global,global
globalization,globalización
globe,globo
glorious,glorioso
glory,gloria
glove,guante
go,ir
go,ir
goal,meta
god,dios
gold,oro
gold,oro
golden,dorado
golf,golf
good,bien
good,bien
goodbye,adiós
goodbye,adiós
goodness,bondad
goods,mercancías
gorgeous,precioso
govern,gobierne
governance,gobernanza
government,gobierno
governor,gobernador
grab,agarra
grace,gracia
grade,grado
grade,grado
gradually,gradualmente
graduate,graduado
graduate,graduado
grain,grano
grand,gran
grandfather,abuelo
grandmother,abuela
grandparent,abuelo
grant,subvención
grant,subvención
graphic,gráfico
graphics,gráficos
grasp,agarre
grasp,agarre
grass,hierba
grateful,agradecido
grave,tumba
grave,tumba
gravity,gravedad
great,gran
greatly,muy
green,verde
green,verde
greenhouse,invernadero
greet,saluda a
grey,gris
grey,gris
grid,cuadrícula
grief,duelo
grin,sonreír
grin,sonreír
grind,moler
grip,agarre
grip,agarre
grocery,ultramarinos
gross,bruto
ground,suelo
group,grupo
grow,crecer
growth,crecimiento
guarantee,garantía
guarantee,garantía
guard,guardia
guard,guardia
guerrilla,guerrilla
guess,adivina
guess,adivina
guest,invitado
guidance,orientación
guide,guía
guide,guía
guideline,directriz
guilt,culpa
guilty,culpable
guitar,guitarra
gun,pistola
gut,tripa
guy,guy
gym,gimnasio
habit,hábito
habitat,hábitat
hail,salve
hair,pelo
half,medio
half,medio
half,medio
half,medio
halfway,a medio camino
hall,hall
halt,detener
halt,detener
hand,mano
hand,mano
handful,puñado
handle,asa
handle,asa
handling,manejo de
handy,práctico
hang,colgar
happen,suceder
happily,felizmente
happiness,felicidad
happy,feliz
harassment,acoso
harbour,puerto
hard,duro
hard,duro
hardly,apenas
hardware,hardware
harm,daño
harm,daño
harmful,nocivo
harmony,armonía
harsh,áspero
harvest,cosecha
harvest,cosecha
hat,sombrero
hate,odio
hate,odio
hatred,odio
haunt,acechar
have,tienen
have,tienen
have to,tienen que
hazard,peligro
he,he
head,cabeza
head,cabeza
headache,dolor de cabeza
headline,titular
headquarters,sede
heal,curar
health,salud
healthcare,sanidad
healthy,saludable
hear,oiga
hearing,audición
heart,corazón
heat,calor
heat,calor
heating,calefacción
heaven,cielo
heavily,muy
heavy,pesado
heel,talón
height,altura
heighten,aumentar
helicopter,helicóptero
hell,infierno
hello,hola
hello,hola
helmet,casco
help,ayuda
help,ayuda
helpful,útil
hence,de ahí
her,su
her,su
herb,hierba
here,aquí
heritage,patrimonio
hero,héroe
hers,su
herself,ella misma
hesitate,dude
hey,Hola
hi,hola
hidden,oculto
hide,ocultar
hierarchy,jerarquía
high,alta
high,alta
high,alta
high-profile,alto perfil
highlight,destacar
highlight,destacar
highly,muy
highway,carretera
hilarious,hilarante
hill,colina
him,le
himself,él mismo
hint,pista
hint,pista
hip,cadera
hire,contratar
hire,contratar
his,su
his,su
historian,historiador
historic,histórico
historical,histórico
history,historia
hit,hit
hit,hit
hobby,hobby
hockey,hockey
hold,mantenga
hold,mantenga
hole,agujero
holiday,vacaciones
hollow,hueco
holy,santo
home,Inicio
home,Inicio
home,Inicio
homeland,interior
homeless,personas sin hogar
homework,deberes
honest,honesto
honesty,honradez
honour,honor
honour,honor
hook,gancho
hook,gancho
hope,esperanza
hope,esperanza
hopeful,esperanza
hopefully,ojalá
horizon,horizonte
horn,bocina
horrible,horrible
horror,horror
horse,caballo
hospital,hospital
host,host
host,host
hostage,rehén
hostile,hostil
hostility,hostilidad
hot,caliente
hotel,hotel
hour,hora
house,casa
house,casa
household,hogar
housing,vivienda
how,cómo
however,sin embargo
huge,enorme
human,humano
human,humano
humanitarian,humanitario
humanity,humanidad
humble,humilde
humorous,humorístico
humour,humor
hundred,cien
hunger,hambre
hungry,hambriento
hunt,cazar
hunt,cazar
hunting,caza
hurricane,huracán
hurry,prisa
hurry,prisa
hurt,herido
hurt,herido
hurt,herido
husband,marido
hydrogen,hidrógeno
hypothesis,hipótesis
I,I
ice,hielo
ice cream,helado
icon,icono
ID,ID
idea,idea
ideal,ideal
ideal,ideal
identical,idéntico
identification,identificación
identify,identificar
identity,identidad
ideological,ideológico
ideology,ideología
idiot,idiota
if,si
ignorance,ignorancia
ignore,ignore
ill,ill
illegal,ilegal
illness,enfermedad
illusion,ilusión
illustrate,ilustrar
illustration,ilustración
image,imagen
imagery,imágenes
imaginary,imaginario
imagination,imaginación
imagine,imagine
immediate,inmediato
immediately,inmediatamente
immense,inmenso
immigrant,inmigrante
immigration,inmigración
imminent,inminente
immune,inmune
impact,impacto
impact,impacto
impatient,impaciente
implement,implementar
implementation,aplicación
implication,implicación
imply,implica
import,importar
import,importar
importance,importancia
important,importante
impose,imponer
impossible,imposible
impress,impresionar
impressed,impresionado
impression,impresión
impressive,impresionante
imprison,encarcelar
imprisonment,encarcelamiento
improve,mejorar
improvement,mejora
in,en
in,en
inability,incapacidad
inadequate,inadecuado
inappropriate,inapropiado
incentive,incentivo
inch,pulgada
incidence,incidencia
incident,incidente
inclined,inclinado
include,incluir
included,incluido
including,incluyendo
inclusion,inclusión
income,ingresos
incorporate,incorporar
incorrect,incorrecto
increase,aumentar
increase,aumentar
increasingly,cada vez más
incredible,increíble
incredibly,increíblemente
incur,incurrir
indeed,en efecto
independence,independencia
independent,independiente
index,índice
indicate,indique
indication,indicación
indicator,indicador
indictment,acusación
indigenous,indígena
indirect,indirecta
individual,individual
individual,individual
indoor,interior
indoors,en el interior
induce,inducir
indulge,consiéntase
industrial,industrial
industry,industria
inequality,desigualdad
inevitable,inevitable
inevitably,inevitablemente
infamous,infame
infant,bebé
infect,infectar
infection,infección
infer,infiera
inflation,inflación
inflict,infligir
influence,influencia
influence,influencia
influential,influyente
info,información
inform,informar
informal,informal
information,información
infrastructure,infraestructura
ingredient,ingrediente
inhabitant,habitante
inherent,inherente
inherit,heredar
inhibit,inhibir
initial,inicial
initially,inicialmente
initiate,iniciar
initiative,iniciativa
inject,inyectar
injection,inyección
injure,lesionar
injured,herido
injury,lesión
injustice,injusticia
ink,tinta
inmate,recluso
inner,interior
innocent,inocente
innovation,innovación
innovative,innovador
input,entrada
inquiry,consulta
insect,insecto
insert,insertar
insertion,inserción
inside,en
inside,en
inside,en
inside,en
insider,información privilegiada
insight,visión
insist,insista
inspect,inspeccionar
inspection,inspección
inspector,inspector
inspiration,inspiración
inspire,inspire
install,instale
installation,instalación
instance,instancia
instant,instantánea
instantly,instantáneamente
instead,en su lugar
instinct,instinto
institute,instituto
institution,institución
institutional,institucional
instruct,instruir
instruction,instrucción
instructor,instructor
instrument,instrumento
instrumental,instrumental
insufficient,insuficiente
insult,insulte
insult,insulte
insurance,seguro
intact,intacto
intake,entrada
integral,integral
integrate,integrar
integrated,integrado
integration,integración
integrity,integridad
intellectual,intelectual
intellectual,intelectual
intelligence,inteligencia
intelligent,inteligente
intend,intente
intended,previsto
intense,intenso
intensify,intensificar
intensity,intensidad
intensive,intensivo
intent,intento
intention,intención
interact,interactuar
interaction,interacción
interactive,interactivo
interest,interés
interest,interés
interested,interesados
interesting,interesante
interface,interfaz
interfere,interfiera
interference,interferencias
interim,interino
interior,interior
interior,interior
intermediate,intermedio
internal,interno
international,internacional
internet,internet
interpret,interpretar
interpretation,interpretación
interrupt,interrumpir
interval,intervalo
intervene,intervenir
intervention,intervención
interview,entrevista
interview,entrevista
intimate,íntimo
into,en
intriguing,intrigante
introduce,introduce
introduction,introducción
invade,invadir
invasion,invasión
invent,inventar
invention,invento
invest,invertir
investigate,investigue
investigation,investigación
investigator,investigador
investment,inversión
investor,inversor
invisible,invisible
invitation,invitación
invite,invitar a
invoke,invoque
involve,implican
involved,involucrado
involvement,participación
iron,hierro
iron,hierro
ironic,irónico
ironically,irónicamente
irony,ironía
irrelevant,irrelevante
island,isla
isolate,aislar
isolated,aislado
isolation,aislamiento
issue,tema
issue,tema
IT,TI
it,it
item,artículo
its,su
itself,sí mismo
jacket,chaqueta
jail,cárcel
jail,cárcel
jam,mermelada
January,Enero
jazz,jazz
jeans,vaqueros
jet,jet
jewellery,joyería
job,empleo
join,únase a
joint,conjunta
joint,conjunta
joke,broma
joke,broma
journal,revista
journalism,periodismo
journalist,periodista
journey,viaje
joy,alegría
judge,juez
judge,juez
judgement,sentencia
judicial,judicial
juice,zumo
July,Julio
jump,saltar
jump,saltar
junction,unión
June,Junio
junior,junior
jurisdiction,jurisdicción
jury,jurado
just,sólo
just,sólo
justice,justicia
justification,justificación
justify,justifique
keen,entusiasta
keep,guarda
key,clave
key,clave
key,clave
keyboard,teclado
kick,patada
kick,patada
kid,chico
kidnap,secuestrar
kidney,riñón
kill,matar
killing,matando a
kilometre,kilómetro
kind,amable
kind,amable
king,rey
kingdom,reino
kiss,beso
kiss,beso
kit,kit
kitchen,cocina
knee,rodilla
knife,cuchillo
knock,knock
knock,knock
know,conozca
knowledge,conocimiento
lab,laboratorio
label,etiqueta
label,etiqueta
laboratory,laboratorio
labour,trabajo
lack,falta
lack,falta
lad,muchacho
ladder,escalera
lady,señora
lake,lago
lamp,lámpara
land,terreno
land,terreno
landing,aterrizaje
landlord,propietario
landmark,hito
landscape,paisaje
lane,carril
language,idioma
lap,vuelta
laptop,ordenador portátil
large,grande
large-scale,a gran escala
largely,en gran parte
laser,láser
last,último
last,último
last,último
last,último
late,tarde
late,tarde
lately,últimamente
later,más tarde
later,más tarde
latest,última
latest,última
latter,último
latter,último
laugh,ríete
laugh,ríete
laughter,risas
launch,lanzar
launch,lanzar
law,ley
lawn,césped
lawsuit,demanda
lawyer,abogado
lay,laico
layer,capa
layout,diseño
lazy,perezoso
lead,plomo
lead,plomo
leader,líder
leadership,liderazgo
leading,líder
leaf,hoja
leaflet,folleto
league,liga
leak,fuga
leak,fuga
lean,lean
leap,salto
leap,salto
learn,aprender
learning,aprender
least,menos
least,menos
least,menos
leather,cuero
leave,dejar
leave,dejar
lecture,conferencia
lecture,conferencia
left,izquierda
left,izquierda
left,izquierda
leg,pierna
legacy,legado
legal,legal
legend,leyenda
legendary,legendario
legislation,legislación
legislative,legislativo
legislature,legislatura
legitimate,legítimo
leisure,ocio
lemon,limón
lend,prestar
length,longitud
lengthy,largo
lens,lente
lesbian,lesbiana
less,menos
less,menos
less,menos
lesser,menor
lesson,lección
let,deje
lethal,letal
letter,carta
level,nivel
level,nivel
level,nivel
liable,responsable
liberal,liberal
liberal,liberal
liberation,liberación
liberty,libertad
library,biblioteca
licence,licencia
license,licencia
lie,mentir
lie,mentir
lie,mentir
life,vida
lifelong,para toda la vida
lifestyle,estilo de vida
lifetime,de por vida
lift,ascensor
lift,ascensor
light,luz
light,luz
light,luz
lighting,iluminación
like,como
like,como
like,como
likelihood,probabilidad
likely,probablemente
likewise,asimismo
limb,miembro
limit,límite
limit,límite
limitation,limitación
limited,limitado
line,línea
line,línea
line-up,alineación
linear,lineal
linger,linger
link,enlace
link,enlace
lion,león
lip,labio
liquid,líquido
liquid,líquido
list,lista
list,lista
listen,escuche
listener,oyente
listing,listado
literacy,alfabetización
literally,literalmente
literary,literario
literature,literatura
litre,litro
litter,basura
little,pequeño
little,pequeño
little,pequeño
little,pequeño
live,en directo
live,en directo
live,en directo
lively,animado
liver,hígado
living,vivir
living,vivir
load,carga
load,carga
loan,préstamo
lobby,vestíbulo
lobby,vestíbulo
local,local
local,local
locate,localice
located,situado
location,ubicación
lock,cierre
lock,cierre
log,registro
log,registro
logic,lógica
logical,lógico
logo,logotipo
lonely,solitario
long,largo
long,largo
long-standing,desde hace mucho tiempo
long-term,a largo plazo
long-term,a largo plazo
long-time,desde hace mucho tiempo
look,mira
look,mira
loom,telar
loop,bucle
loose,suelto
lord,lord
lorry,camión
lose,perder
loss,pérdida
lost,perdido
lot,lote
lot,lote
lot,lote
lottery,lotería
loud,fuerte
loud,fuerte
loudly,en voz alta
love,amor
love,amor
lovely,precioso
low,bajo
low,bajo
low,bajo
lower,inferior
loyal,leal
loyalty,lealtad
luck,suerte
lucky,suerte
lunch,almuerzo
lung,pulmón
luxury,lujo
luxury,lujo
lyric,lírica
machine,máquina
machinery,maquinaria
mad,loco
magazine,revista
magic,magia
magic,magia
magical,mágico
magistrate,magistrado
magnetic,magnético
magnificent,magnífico
magnitude,magnitud
mail,correo
mail,correo
main,principal
mainland,continente
mainly,principalmente
mainstream,corriente principal
mainstream,corriente principal
maintain,mantener
maintenance,mantenimiento
major,mayor
major,mayor
majority,mayoría
make,escriba a
make,escriba a
make-up,maquillaje
making,en
male,masculino
male,masculino
mall,centro comercial
man,hombre
manage,gestionar
management,gestión
manager,director
mandate,mandato
mandatory,obligatorio
manifest,manifestar
manipulate,manipule
manipulation,manipulación
manner,manera
manufacture,fabricación
manufacturing,fabricación
manuscript,manuscrito
many,muchos
many,muchos
map,mapa
map,mapa
marathon,maratón
March,Marzo
march,marzo
march,marzo
margin,margen
marginal,marginal
marine,marina
mark,marca
mark,marca
marker,marcador
market,mercado
market,mercado
marketing,marketing
marketplace,mercado
marriage,matrimonio
married,casado
marry,casarse
martial,marcial
mask,máscara
mass,masa
mass,masa
massacre,masacre
massive,masivo
master,maestro
master,maestro
match,match
match,match
matching,a juego
mate,mate
mate,mate
material,material
material,material
mathematical,matemáticas
mathematics,matemáticas
maths,matemáticas
matter,materia
matter,materia
mature,madura
mature,madura
maximize,maximizar
maximum,máximo
maximum,máximo
May,Mayo
may,mayo
maybe,tal vez
mayor,alcalde
me,me
meal,comida
mean,media
meaning,Significado
meaningful,significativo
means,significa
meantime,mientras tanto
meanwhile,mientras tanto
measure,medir
measure,medir
measurement,medición
meat,carne
mechanic,mecánico
mechanical,mecánico
mechanism,mecanismo
medal,medalla
media,medios de comunicación
medical,médico
medication,medicación
medicine,medicina
medieval,medieval
meditation,meditación
medium,medio
medium,medio
meet,conozca
meeting,reunión
melody,melodía
melt,fundir
member,miembro
membership,afiliación
memo,memo
memoir,memorias
memorable,memorable
memorial,memorial
memory,memoria
mental,mental
mention,mencione
mention,mencione
mentor,mentor
menu,menú
merchant,comerciante
mercy,misericordia
mere,mero
merely,simplemente
merge,fusionar
merger,fusión
merit,mérito
mess,lío
message,mensaje
metal,metal
metaphor,metáfora
method,método
methodology,metodología
metre,metro
middle,medio
middle,medio
midnight,medianoche
midst,entre
might,puede
migration,migración
mild,suave
mile,milla
militant,militante
militant,militante
military,militar
military,militar
militia,milicia
milk,leche
mill,molino
million,millones
mind,mente
mind,mente
mine,mina
mine,mina
miner,minero
mineral,mineral
minimal,mínimo
minimize,minimizar
minimum,mínimo
minimum,mínimo
mining,minería
minister,ministro
ministry,ministerio
minor,menor
minority,minoría
minute,minuto
minute,minuto
miracle,milagro
mirror,espejo
miserable,miserable
misery,miseria
misleading,engañosa
miss,miss
missile,misil
missing,falta
mission,misión
mistake,error
mistake,error
mix,mezcla
mix,mezcla
mixed,mixto
mixture,mezcla
mob,mafia
mobile,móvil
mobile,móvil
mobility,movilidad
mobilize,movilizar
mode,modo
model,modelo
model,modelo
moderate,moderado
modern,moderno
modest,modesto
modification,modificación
modify,modificar
moment,momento
momentum,impulso
Monday,Lunes
money,dinero
monitor,monitor
monitor,monitor
monk,monje
monkey,mono
monopoly,monopolio
monster,monstruo
month,mes
monthly,mensualmente
monument,monumento
mood,humor
moon,luna
moral,moral
moral,moral
morality,moralidad
more,más
more,más
more,más
moreover,además
morning,mañana
mortgage,hipoteca
mosque,mezquita
most,más
most,más
most,más
mostly,sobre todo
mother,madre
motion,movimiento
motivate,motivar
motivation,motivación
motive,motivo
motor,motor
motor,motor
motorcycle,motocicleta
motorist,motorista
mount,monte
mountain,montaña
mouse,ratón
mouth,boca
move,mover
move,mover
movement,movimiento
movie,película
moving,en movimiento
much,mucho
much,mucho
much,mucho
mud,barro
multiple,varios
multiply,multiplicar
mum,mamá
municipal,municipal
murder,asesinato
murder,asesinato
muscle,músculo
museum,museo
music,música
musical,musical
musical,musical
musician,músico
must,debe
mutual,mutua
my,mi
myself,yo mismo
mysterious,misterioso
mystery,misterio
myth,mito
nail,uñas
naked,desnudo
name,nombre
name,nombre
namely,a saber
narrative,narrativa
narrative,narrativa
narrow,estrecho
narrow,estrecho
nasty,desagradable
nation,nación
national,nacional
national,nacional
nationwide,en todo el país
native,nativo
native,nativo
natural,natural
naturally,naturalmente
nature,naturaleza
naval,naval
navigation,navegación
near,cerca de
near,cerca de
near,cerca de
nearby,cerca de
nearby,cerca de
nearly,casi
neat,aseado
necessarily,necesariamente
necessary,necesario
necessity,necesidad
neck,cuello
need,necesita
need,necesita
need,necesita
needle,aguja
negative,negativo
negative,negativo
neglect,negligencia
neglect,negligencia
negotiate,negociar
negotiation,negociación
neighbour,vecino
neighbourhood,barrio
neighbouring,vecino
neither,ni
neither,ni
neither,ni
nerve,nervio
nervous,nervioso
nest,nido
net,red
net,red
network,red
neutral,neutro
never,nunca
nevertheless,sin embargo
new,nuevo
newly,recién
news,noticias
newsletter,boletín
newspaper,periódico
next,siguiente
next,siguiente
next,siguiente
next to,junto a
nice,bonito
niche,nicho
night,noche
nightmare,pesadilla
nine,nueve
nineteen,diecinueve
ninety,noventa
no,no
no,no
no one,nadie
noble,noble
nobody,nadie
nod,asiente
noise,ruido
noisy,ruidoso
nominate,nomine a
nomination,nominación
nominee,candidato
non-profit,sin ánimo de lucro
none,ninguno
nonetheless,no obstante
nonsense,tonterías
noon,mediodía
nor,ni
nor,ni
norm,norma
normal,normal
normal,normal
normally,normalmente
north,norte
north,norte
north,norte
northern,norte
nose,nariz
not,no
notable,notable
notably,en particular
note,nota
note,nota
notebook,cuaderno
nothing,nada
notice,aviso
notice,aviso
notify,notificar a
notion,noción
notorious,notorio
novel,novela
novel,novela
novelist,novelista
November,Noviembre
now,ahora
now,ahora
nowadays,en la actualidad
nowhere,en ninguna parte
nuclear,nuclear
number,número
number,número
numerous,numerosos
nurse,enfermera
nursery,guardería
nursing,enfermería
nut,tuerca
nutrition,nutrición
o'clock,en punto
obesity,obesidad
obey,obedezca a
object,objeto
object,objeto
objection,objeción
objective,objetivo
objective,objetivo
obligation,obligación
oblige,obligar
observation,observación
observe,observe
observer,observador
obsess,obsesionar
obsession,obsesión
obstacle,obstáculo
obtain,obtener
obvious,obvio
obviously,obviamente
occasion,ocasión
occasional,ocasionalmente
occasionally,ocasionalmente
occupation,ocupación
occupy,ocupa
occur,ocurren
occurrence,incidencia
ocean,océano
October,Octubre
odd,extraño
odds,probabilidades
of,de
off,fuera de
off,fuera de
offence,delito
offend,ofender
offender,delincuente
offensive,ofensiva
offer,oferta
offer,oferta
offering,que ofrece
office,oficina
officer,oficial
official,oficial
official,oficial
offspring,descendencia
often,a menudo
oh,oh
oil,aceite
OK,OK
OK,OK
OK,OK
old,antiguo
old-fashioned,a la antigua
on,en
on,en
once,una vez
once,una vez
one,un
one,un
one,un
ongoing,En curso
onion,cebolla
online,en línea
online,en línea
only,sólo
only,sólo
onto,en
open,abra
open,abra
opening,apertura
openly,abiertamente
opera,ópera
operate,operar
operation,operación
operational,operativo
operator,operador
opinion,opinión
opponent,oponente
opportunity,oportunidad
oppose,oponerse a
opposed,se opuso a
opposite,frente a
opposite,frente a
opposite,frente a
opposite,frente a
opposition,oposición
opt,op
optical,óptico
optimism,optimismo
optimistic,optimista
option,opción
or,o
oral,oral
orange,naranja
orange,naranja
orchestra,orquesta
order,pedir
order,pedir
ordinary,ordinario
organ,órgano
organic,orgánico
organization,organización
organizational,organización
organize,organizar
organized,organizado
organizer,organizador
orientation,orientación
origin,origen
original,original
original,original
originally,originalmente
originate,originar
other,otros
other,otros
otherwise,de lo contrario
ought,debe
our,nuestra
ours,nuestro
ourselves,nosotros mismos
out,fuera
out,fuera
outbreak,brote
outcome,resultado
outdoor,exterior
outdoors,al aire libre
outer,exterior
outfit,atuendo
outing,excursión
outlet,salida
outline,esquema
outline,esquema
outlook,outlook
output,salida
outrage,indignación
outrage,indignación
outside,fuera de
outside,fuera de
outside,fuera de
outside,fuera de
outsider,forastero
outstanding,destacado
oven,horno
over,en
over,en
overall,en general
overall,en general
overcome,superar
overlook,pasar por alto
overly,demasiado
overnight,durante la noche
overseas,en el extranjero
overseas,en el extranjero
oversee,supervisar
overturn,volcar
overwhelm,abrumar
overwhelming,abrumadora
owe,debe
own,propio
own,propio
own,propio
owner,propietario
ownership,propiedad
oxygen,oxígeno
pace,paso
pace,paso
pack,envase
pack,envase
package,paquete
package,paquete
packet,paquete
pad,almohadilla
page,página
pain,dolor
painful,doloroso
paint,pintura
paint,pintura
painter,pintor
painting,pintura
pair,par
palace,palacio
pale,pálido
palm,palma
pan,pan
panel,panel
panic,pánico
pants,pantalones
paper,papel
parade,desfile
paragraph,párrafo
parallel,en paralelo
parallel,en paralelo
parameter,parámetro
parent,padre
parental,padres
parish,parroquia
park,parque
park,parque
parking,aparcamiento
parliament,parlamento
parliamentary,parlamentario
part,pieza
part-time,a tiempo parcial
partial,parcial
partially,parcialmente
participant,participante
participate,participar
participation,participación
particular,particular
particularly,especialmente
partly,parcialmente
partner,socio
partnership,asociación
party,fiesta
pass,pase
pass,pase
passage,paso
passenger,pasajero
passing,pasando por
passion,pasión
passionate,apasionado
passive,pasivo
passport,pasaporte
password,contraseña
past,pasado
past,pasado
past,pasado
past,pasado
pastor,pastor
patch,parche
patent,patente
path,ruta
pathway,vía
patience,paciencia
patient,paciente
patient,paciente
patrol,patrulla
patrol,patrulla
patron,patrón
pattern,patrón
pause,pausa
pause,pausa
pay,pagar
pay,pagar
payment,pago
peace,paz
peaceful,tranquilo
peak,pico
peasant,campesino
peculiar,peculiar
peer,peer
pen,bolígrafo
penalty,sanción
pencil,lápiz
penny,penny
pension,pensión
people,gente
pepper,pimienta
per,por
per cent,por ciento
per cent,por ciento
per cent,por ciento
perceive,percibir
percentage,porcentaje
perception,percepción
perfect,perfecto
perfectly,perfectamente
perform,realizar
performance,rendimiento
perhaps,quizás
period,periodo
permanent,permanente
permanently,permanentemente
permission,permiso
permit,permiso
permit,permiso
persist,persistir
persistent,persistente
person,persona
personal,personal
personality,personalidad
personally,personalmente
personnel,personal
perspective,perspectiva
persuade,persuadir
pet,mascota
petition,petición
petrol,gasolina
phase,fase
phenomenon,fenómeno
philosopher,filósofo
philosophical,filosófico
philosophy,filosofía
phone,teléfono
phone,teléfono
photo,foto
photograph,fotografía
photograph,fotografía
photographer,fotógrafo
photography,fotografía
phrase,frase
physical,físico
physician,médico
physics,física
piano,piano
pick,elija
pick,elija
picture,foto
picture,foto
piece,pieza
pig,cerdo
pile,pila
pile,pila
pill,píldora
pilot,piloto
pin,pin
pin,pin
pink,rosa
pink,rosa
pioneer,pionero
pioneer,pionero
pipe,tubo
pipeline,tubería
pirate,pirata
pit,foso
pitch,paso
pity,lástima
place,lugar
place,lugar
placement,colocación
plain,llano
plan,plan
plan,plan
plane,avión
planet,planeta
planning,planificación
plant,planta
plant,planta
plastic,plástico
plastic,plástico
plate,placa
platform,plataforma
play,jugar
play,jugar
player,jugador
plea,ruego
plead,escriba a
pleasant,agradable
please,por favor
please,por favor
pleased,complacido
pleasure,placer
pledge,compromiso
pledge,compromiso
plenty,abundante
plot,parcela
plot,parcela
plug,enchufe
plug,enchufe
plunge,zambullida
plus,y
plus,y
plus,y
plus,y
pocket,bolsillo
poem,poema
poet,poeta
poetry,poesía
point,punto
point,punto
pointed,puntiagudo
poison,veneno
poison,veneno
poisonous,venenoso
pole,poste
police,policía
policeman,policía
policy,política
polite,cortés
political,política
politician,político
politics,política
poll,encuesta
pollution,contaminación
pond,estanque
pool,piscina
poor,pobre
pop,pop
pop,pop
pop,pop
popular,popular
popularity,popularidad
population,población
port,puerto
portfolio,cartera
portion,porción
portrait,retrato
portray,retratar
pose,posar
position,posición
position,posición
positive,positivo
positive,positivo
possess,poseer
possession,posesión
possibility,posibilidad
possible,posible
possibly,posiblemente
post,Correo electrónico:
post,Correo electrónico:
post-war,posguerra
poster,cartel
postpone,posponer
pot,olla
potato,patata
potential,potencial
potential,potencial
potentially,potencialmente
pound,libra
pour,pour
poverty,pobreza
powder,polvo
power,potencia
power,potencia
powerful,potente
practical,práctico
practice,práctica
practise,practicar
practitioner,profesional
praise,alabanza
praise,alabanza
pray,reza
prayer,oración
preach,predica
precede,precede a
precedent,precedente
precious,precioso
precise,preciso
precisely,precisamente
precision,precisión
predator,depredador
predecessor,predecesor
predict,predecir
predictable,previsible
prediction,predicción
predominantly,predominantemente
prefer,prefiera
preference,preferencia
pregnancy,embarazo
pregnant,embarazada
prejudice,prejuicios
preliminary,preliminar
premier,premier
premise,local
premium,premium
preparation,preparación
prepare,prepare
prepared,preparado
prescribe,prescribir
prescription,prescripción
presence,presencia
present,presente
present,presente
present,presente
presentation,presentación
presently,actualmente
preservation,conservación
preserve,conservar
preside,preside
presidency,presidencia
president,presidente
presidential,presidencial
press,pulse
press,pulse
pressure,presión
prestigious,prestigioso
presumably,presumiblemente
presume,presume
pretend,fingir
pretty,bonito
pretty,bonito
prevail,prevalecer
prevalence,prevalencia
prevent,prevenir
prevention,prevención
previous,anterior
previously,anteriormente
prey,presa
price,precio
price,precio
pride,orgullo
priest,sacerdote
primarily,principalmente
primary,principal
prime,prime
prince,príncipe
princess,princesa
principal,principal
principal,principal
principle,principio
print,imprimir
print,imprimir
printer,impresora
printing,impresión
prior,anterior
priority,prioridad
prison,prisión
prisoner,preso
privacy,privacidad
private,privado
privatization,privatización
privilege,privilegio
prize,premio
probability,probabilidad
probable,probable
probably,probablemente
probe,sonda
probe,sonda
problem,problema
problematic,problemático
procedure,procedimiento
proceed,proceda
proceeding,proceder
proceeds,ingresos
process,proceso
process,proceso
processing,procesamiento
processor,procesador
proclaim,proclama
produce,producir
produce,producir
producer,productor
product,producto
production,producción
productive,productivo
productivity,productividad
profession,profesión
professional,profesional
professional,profesional
professor,profesor
profile,perfil
profit,beneficio
profitable,rentable
profound,profundo
program,programa
program,programa
programme,programa
programming,programación
progress,progreso
progress,progreso
progressive,progresiva
prohibit,prohibir
project,proyecto
project,proyecto
projection,proyección
prominent,destacado
promise,promesa
promise,promesa
promising,prometedor
promote,promover
promotion,promoción
prompt,consulte
pronounce,pronuncia
pronounced,se pronuncia
proof,prueba
propaganda,propaganda
proper,correcto
properly,correctamente
property,propiedad
proportion,proporción
proposal,propuesta
propose,proponga
proposition,proposición
prosecute,perseguir
prosecution,fiscalía
prosecutor,fiscal
prospect,prospecto
prospective,posible
prosperity,prosperidad
protect,proteger
protection,protección
protective,protector
protein,proteína
protest,protesta
protest,protesta
protester,manifestante
protocol,protocolo
proud,orgulloso
prove,pruebe
provide,proporcionar
province,provincia
provincial,provincial
provision,provisión
provoke,provocar
psychiatric,psiquiátrico
psychological,psicológico
psychologist,psicólogo
psychology,psicología
pub,pub
public,público
public,público
publication,publicación
publicity,publicidad
publish,publicar
publishing,publicación
pull,tire de
pull,tire de
pulse,pulso
pump,bomba
pump,bomba
punch,punzón
punch,punzón
punish,castigar
punishment,castigo
punk,punk
pupil,alumno
purchase,comprar
purchase,comprar
pure,puro
purely,puramente
purple,morado
purple,morado
purpose,propósito
pursue,perseguir
pursuit,persecución
push,pulse
push,pulse
put,poner
puzzle,rompecabezas
qualification,cualificación
qualified,cualificado
qualify,calificar
quality,calidad
quantity,cantidad
quarter,trimestre
queen,reina
query,consulta
quest,búsqueda
question,pregunta
question,pregunta
questionnaire,cuestionario
queue,cola
queue,cola
quick,rápido
quickly,rápidamente
quiet,tranquilo
quietly,en silencio
quit,abandone
quite,muy
quota,cuota
quotation,presupuesto
quote,cita
quote,cita
race,carrera
race,carrera
racial,racial
racing,carreras
racism,racismo
racist,racista
racist,racista
radar,radar
radiation,radiación
radical,radical
radio,radio
rage,rabia
raid,raid
raid,raid
rail,carril
railway,ferrocarril
rain,lluvia
rain,lluvia
raise,subir
rally,rally
rally,rally
random,al azar
range,gama
range,gama
rank,rango
rank,rango
ranking,clasificación
rape,violación
rape,violación
rapid,rápido
rapidly,rápidamente
rare,raro
rarely,raramente
rat,rata
rate,tarifa
rate,tarifa
rather,más bien
rating,valoración
ratio,relación
rational,racional
raw,en bruto
ray,rayo
reach,llegar a
reach,llegar a
react,reaccionar
reaction,reacción
read,leer
reader,lector
readily,fácilmente
reading,lectura
ready,listo
real,real
realistic,realista
reality,realidad
realization,realización
realize,realizar
really,realmente
realm,reino
rear,trasera
rear,trasera
reason,motivo
reasonable,razonable
reasonably,razonablemente
reasoning,razonamiento
reassure,tranquilizar
rebel,rebelde
rebellion,rebelión
rebuild,reconstruir
recall,retirada
receipt,recibo
receive,reciba
receiver,receptor
recent,reciente
recently,recientemente
reception,recepción
recession,recesión
recipe,receta
recipient,destinatario
reckon,cuenta
recognition,reconocimiento
recognize,reconocer
recommend,recomiende
recommendation,recomendación
reconstruction,reconstrucción
record,registrar
record,registrar
recording,grabación
recount,recuento
recover,recuperar
recovery,recuperación
recruit,contratar
recruit,contratar
recruitment,contratación
recycle,reciclar
red,rojo
red,rojo
reduce,reducir
reduction,reducción
refer,consulte
referee,árbitro
reference,referencia
referendum,referéndum
reflect,reflejar
reflection,reflexión
reform,reforma
reform,reforma
refuge,refugio
refugee,refugiado
refusal,denegación
refuse,basura
regain,recupere
regard,respecto
regard,respecto
regardless,independientemente
regime,régimen
region,región
regional,regional
register,regístrese en
register,regístrese en
registration,inscripción
regret,pesar
regret,pesar
regular,regular
regularly,regularmente
regulate,regular
regulation,reglamento
regulator,regulador
regulatory,normativa
rehabilitation,rehabilitación
reign,reinado
reign,reinado
reinforce,refuerce
reject,rechace
rejection,rechazo
relate,relacionar
related,relacionado
relation,relación
relationship,relación
relative,relativa
relative,relativa
relatively,relativamente
relax,relajarse
relaxed,relajado
relaxing,relajante
release,liberar
release,liberar
relevance,pertinencia
relevant,relevante
reliability,fiabilidad
reliable,fiable
relief,ayuda
relieve,aliviar
relieved,relevado
religion,religión
religious,religioso
reluctant,reticente
rely,rely
remain,permanezca en
remainder,resto
remains,sigue siendo
remark,comentario
remark,comentario
remarkable,notable
remarkably,notablemente
remedy,remedio
remember,recuerde
remind,recuerde
reminder,recordatorio
remote,remoto
removal,mudanza
remove,eliminar
render,render
renew,renovar
renowned,renombrado
rent,alquilar
rent,alquilar
rental,alquiler
repair,reparar
repair,reparar
repeat,repita
repeat,repita
repeated,repetido
replace,sustituir
replacement,sustitución
reply,respuesta
reply,respuesta
report,informe
report,informe
reportedly,supuestamente
reporter,reportero
reporting,información
represent,representar
representation,representación
representative,representante
representative,representante
reproduce,reproducir
reproduction,reproducción
republic,república
reputation,reputación
request,solicitar
request,solicitar
require,requiere
requirement,requisito
rescue,rescate
rescue,rescate
research,investigación
research,investigación
researcher,investigador
resemble,se parecen a
reservation,reserva
reserve,reserva
reserve,reserva
reside,reside
residence,residencia
resident,residente
resident,residente
residential,residencial
residue,residuo
resign,dimita
resignation,dimisión
resist,resiste
resistance,resistencia
resolution,resolución
resolve,resolver
resort,resort
resource,recurso
respect,respeto
respect,respeto
respective,respectiva
respectively,respectivamente
respond,responder
response,respuesta
responsibility,responsabilidad
responsible,responsable
rest,resto
rest,resto
restaurant,restaurante
restoration,restauración
restore,restaurar
restraint,sujeción
restrict,restringir
restriction,restricción
result,resultado
result,resultado
resume,curriculum vitae
retail,venta al por menor
retain,conservar
retire,jubilarse
retired,jubilado
retirement,jubilación
retreat,retiro
retreat,retiro
retrieve,recuperar
return,devolver
return,devolver
reveal,revelar
revelation,revelación
revenge,venganza
revenue,ingresos
reverse,invertir
reverse,invertir
reverse,invertir
review,revise
review,revise
revise,revisar
revision,revisión
revival,renacimiento
revive,revivir
revolution,revolución
revolutionary,revolucionario
reward,recompensa
reward,recompensa
rhetoric,retórica
rhythm,ritmo
rice,arroz
rich,rico
rid,elimine
ride,paseo
ride,paseo
ridiculous,ridículo
rifle,rifle
right,derecha
right,derecha
right,derecha
ring,anillo
ring,anillo
riot,disturbios
rip,rip
rise,subir
rise,subir
risk,riesgo
risk,riesgo
risky,arriesgado
ritual,ritual
rival,rival
rival,rival
river,río
road,carretera
rob,rob
robbery,robo
robot,robot
robust,robusto
rock,roca
rock,roca
rocket,cohete
rod,varilla
role,papel
roll,rollo
roll,rollo
romance,romance
romantic,romántico
roof,tejado
room,habitación
root,raíz
rope,cuerda
rose,rosa
rotate,girar
rotation,rotación
rough,áspero
roughly,aproximadamente
round,redondo
round,redondo
round,redondo
round,redondo
route,ruta
routine,rutina
routine,rutina
row,fila
royal,real
rub,frotar
rubber,goma
rubber,goma
rubbish,basura
rude,grosero
rugby,rugby
ruin,ruina
ruin,ruina
rule,regla
rule,regla
ruling,gobernante
rumour,rumor
run,ejecute
run,ejecute
runner,corredor
running,corriendo
rural,rural
rush,prisa
rush,prisa
sack,saco
sacred,sagrado
sacrifice,sacrificio
sacrifice,sacrificio
sad,triste
sadly,tristemente
safe,seguro
safety,seguridad
sail,navegar
sail,navegar
sailing,navegar
sailor,marinero
saint,santa
sake,sake
salad,ensalada
salary,salario
sale,venta
salt,sal
same,mismo
same,mismo
same,mismo
sample,muestra
sample,muestra
sanction,sanción
sand,arena
sandwich,sándwich
satellite,satélite
satisfaction,satisfacción
satisfied,satisfecho
satisfy,satisfacer
Saturday,Sábado
sauce,salsa
save,guardar
saving,ahorro
say,diga
say,diga
scale,escala
scan,escanear
scandal,escándalo
scare,asustar
scare,asustar
scared,asustado
scary,da miedo
scattered,dispersos
scenario,escenario
scene,escena
sceptical,escéptico
schedule,horario
schedule,horario
scheme,esquema
scholar,becario
scholarship,beca
school,escuela
science,ciencia
scientific,científico
scientist,científico
scope,alcance
score,puntuación
score,puntuación
scratch,rayar
scratch,rayar
scream,grita
scream,grita
screen,pantalla
screen,pantalla
screening,cribado
screw,tornillo
screw,tornillo
script,script
scrutiny,escrutinio
sculpture,escultura
sea,mar
seal,precinto
seal,precinto
search,busque en
search,busque en
season,temporada
seat,asiento
seat,asiento
second,segundo
second,segundo
second,segundo
second,segundo
secondary,secundario
secondly,en segundo lugar
secret,secreto
secret,secreto
secretary,secretario
section,sección
sector,sector
secular,secular
secure,seguro
secure,seguro
security,seguridad
see,véase
seed,semilla
seek,busque
seeker,buscador
seem,parece
seemingly,aparentemente
segment,segmento
seize,aprovechar
seldom,rara vez
select,seleccione
selection,selección
selective,selectiva
self,auto
sell,vender
seminar,seminario
senator,senador
send,enviar
senior,senior
sensation,sensación
sense,sentido
sense,sentido
sensible,sensato
sensitive,sensible
sensitivity,sensibilidad
sentence,frase
sentence,frase
sentiment,sentimiento
separate,separar
separate,separar
separation,separación
September,Septiembre
sequence,secuencia
serial,serie
series,serie
serious,serio
seriously,en serio
servant,servidor
serve,servir
service,servicio
session,sesión
set,configure
set,configure
set-up,configuración
setting,ajuste
settle,resolver
settlement,liquidación
settler,colono
seven,siete
seventeen,diecisiete
seventy,setenta
several,varios
several,varios
severe,grave
severely,severamente
sex,sexo
sexual,sexual
sexuality,sexualidad
sexy,sexy
shade,sombra
shadow,sombra
shake,agitar
shake,agitar
shall,deberá
shallow,poco profundo
shame,vergüenza
shape,forma
shape,forma
shaped,en forma de
share,compartir
share,compartir
shareholder,accionista
sharp,agudo
shatter,destrozar
she,ella
shed,cobertizo
sheep,ovejas
sheer,pura
sheet,hoja
shelf,estante
shell,concha
shelter,refugio
shelter,refugio
shift,turno
shift,turno
shine,brillo
shiny,brillante
ship,barco
ship,barco
shipping,envío
shirt,camisa
shock,choque
shock,choque
shocked,conmocionado
shocking,impactante
shoe,zapato
shoot,dispara
shoot,dispara
shooting,disparando
shop,tienda
shop,tienda
shopping,ir de compras
shore,orilla
short,corto
short-term,a corto plazo
shortage,escasez
shortly,en breve
shot,disparo
should,debe
shoulder,hombro
shout,grita
shout,grita
show,Mostrar
show,Mostrar
shower,ducha
shrink,retractil
shrug,encogerse de hombros
shut,cierre
shut,cierre
shy,tímido
sibling,hermano
sick,enfermo
side,lateral
sigh,suspiro
sigh,suspiro
sight,ver
sign,firmar
sign,firmar
signal,señal
signal,señal
signature,firma
significance,significado
significant,significativo
significantly,significativamente
silence,silencio
silent,silencioso
silk,seda
silly,tonto
silver,plata
silver,plata
similar,similar
similarity,similitud
similarly,de forma similar
simple,simple
simply,simplemente
simulate,simular
simulation,simulación
simultaneously,simultáneamente
sin,sin
since,desde
since,desde
since,desde
sincere,sincero
sing,cantar
singer,cantante
singing,cantando
single,solo
single,solo
sink,fregadero
sir,Señor
sister,hermana
sit,sit
site,sitio
situated,situado
situation,situación
six,seis
sixteen,dieciséis
sixty,sesenta
size,talla
sketch,boceto
ski,esquiar
ski,esquiar
ski,esquiar
skiing,Esquí
skill,habilidad
skilled,experto
skin,piel
skip,omitir
skirt,falda
skull,calavera
sky,cielo
slam,slam
slap,bofetada
slash,barra
slave,esclavo
slavery,esclavitud
sleep,dormir
sleep,dormir
slice,corte
slice,corte
slide,diapositiva
slide,diapositiva
slight,ligero
slightly,ligeramente
slip,resbalón
slogan,eslogan
slope,pendiente
slope,pendiente
slot,ranura
slow,lento
slow,lento
slowly,lentamente
small,pequeño
smart,inteligente
smartphone,smartphone
smash,smash
smell,oler
smell,oler
smile,sonríe
smile,sonríe
smoke,humo
smoke,humo
smoking,fumar
smooth,suave
snake,serpiente
snap,snap
snow,nieve
snow,nieve
so,así que
so,así que
so-called,llamada
soak,remojar
soap,jabón
soar,volar
soccer,fútbol
social,social
socialist,socialista
society,sociedad
sock,calcetín
soft,suave
software,software
soil,suelo
solar,solar
soldier,soldado
sole,solo
solely,únicamente
solicitor,procurador
solid,sólido
solid,sólido
solidarity,solidaridad
solo,solo
solo,solo
solution,solución
solve,resolver
some,algunos
some,algunos
somebody,alguien
somehow,de alguna manera
someone,alguien
something,algo
sometime,alguna vez
sometimes,a veces
somewhat,algo
somewhere,en algún lugar
somewhere,en algún lugar
son,hijo
song,canción
soon,pronto
sophisticated,sofisticado
sorry,lo siento
sorry,lo siento
sort,ordenar
sort,ordenar
soul,alma
sound,sonido
sound,sonido
sound,sonido
soup,sopa
source,fuente
south,sur
south,sur
south,sur
southern,sur
sovereignty,soberanía
space,espacio
spam,spam
span,span
span,span
spare,repuesto
spare,repuesto
spark,chispa
speak,hable
speaker,altavoz
special,especial
specialist,especialista
specialist,especialista
specialize,especialícese
specialized,especializado
species,especies
specific,específico
specifically,concretamente
specification,especificación
specify,especifique
specimen,muestra
spectacle,gafas
spectacular,espectacular
spectator,espectador
spectrum,espectro
speculate,especular
speculation,especulación
speech,discurso
speed,velocidad
speed,velocidad
spell,hechizo
spell,hechizo
spelling,ortografía
spend,gastar
spending,gasto
sphere,esfera
spice,especias
spicy,picante
spider,araña
spill,vertido
spin,gire
spin,gire
spine,columna vertebral
spirit,espíritu
spiritual,espiritual
spite,rencor
split,dividir
split,dividir
spoil,echar a perder
spoken,hablado
spokesman,portavoz
spokesperson,portavoz
spokeswoman,portavoz
sponsor,patrocinar
sponsor,patrocinar
sponsorship,patrocinio
spoon,cuchara
sport,deporte
sporting,deportivo
spot,spot
spot,spot
spotlight,centro de atención
spouse,cónyuge
spread,difundir
spread,difundir
spring,primavera
spring,primavera
spy,espía
spy,espía
squad,escuadrón
square,cuadrado
square,cuadrado
squeeze,exprimir
stab,apuñalar
stability,estabilidad
stabilize,estabilizar
stable,estable
stadium,estadio
staff,personal
stage,escenario
stage,escenario
stair,escalera
stake,estaca
stall,puesto
stamp,sello
stance,postura
stand,stand
stand,stand
standard,estándar
standard,estándar
standing,de pie
star,estrella
star,estrella
stare,mire fijamente
stark,stark
start,iniciar
start,iniciar
starve,pasar hambre
state,estado
state,estado
state,estado
statement,declaración
station,estación
statistic,estadística
statistical,estadística
statue,estatua
status,estado
stay,permanezca en
stay,permanezca en
steadily,de forma constante
steady,constante
steal,robar
steam,vapor
steel,acero
steep,escarpado
steer,steer
stem,tallo
stem,tallo
step,paso
step,paso
stereotype,estereotipo
stick,palo
stick,palo
sticky,pegajoso
stiff,rígido
still,todavía
still,todavía
stimulate,estimular
stimulus,estímulo
stir,revuelva
stock,stock
stomach,estómago
stone,piedra
stop,stop
stop,stop
storage,almacenamiento
store,tienda
store,tienda
storm,tormenta
story,historia
straight,recto
straight,recto
straightforward,sencillo
strain,cepa
strand,hilo
strange,extraño
stranger,extraño
strategic,estratégico
strategy,estrategia
stream,flujo
street,calle
strength,fuerza
strengthen,reforzar
stress,estrés
stress,estrés
stretch,estire
stretch,estire
strict,estricto
strictly,estrictamente
strike,huelga
strike,huelga
striking,llamativo
string,cadena
strip,tira
strip,tira
strive,esforzarse
stroke,accidente cerebrovascular
strong,fuerte
strongly,fuertemente
structural,estructural
structure,estructura
structure,estructura
struggle,lucha
struggle,lucha
student,estudiante
studio,estudio
study,estudiar
study,estudiar
stuff,cosas
stuff,cosas
stumble,tropezar
stun,aturdir
stunning,impresionante
stupid,estúpido
style,estilo
subject,tema
subject,tema
submission,presentación
submit,enviar
subscriber,abonado
subscription,suscripción
subsequent,posterior
subsequently,posteriormente
subsidy,subvención
substance,sustancia
substantial,importante
substantially,sustancialmente
substitute,sustituto
substitute,sustituto
substitution,sustitución
subtle,sutil
suburb,suburbio
suburban,suburbios
succeed,triunfar
success,éxito
successful,éxito
successfully,con éxito
succession,sucesión
successive,sucesivos
successor,sucesor
such,tal
such,tal
suck,chupa
sudden,de repente
suddenly,de repente
sue,sue
suffer,sufre
suffering,sufriendo
sufficient,suficiente
sufficiently,suficientemente
sugar,azúcar
suggest,sugiera
suggestion,sugerencia
suicide,suicidio
suit,traje
suit,traje
suitable,adecuado
suite,suite
sum,suma
sum,suma
summarize,resumir
summary,resumen
summer,verano
summit,cumbre
sun,sol
Sunday,Domingo
super,super
superb,magnífico
superior,superior
supermarket,supermercado
supervise,supervisar
supervision,supervisión
supervisor,supervisor
supplement,suplemento
supplement,suplemento
supply,suministro
supply,suministro
support,soporte
support,soporte
supporter,simpatizante
supportive,de apoyo
suppose,supongamos que
supposedly,supuestamente
suppress,suprimir
supreme,supremo
sure,seguro
sure,seguro
surely,seguramente
surface,superficie
surge,sobretensión
surge,sobretensión
surgeon,cirujano
surgery,cirugía
surgical,quirúrgico
surplus,excedentes
surprise,sorpresa
surprise,sorpresa
surprised,sorprendido
surprising,sorprendente
surrender,entrega
surround,envolvente
surrounding,en torno a
surveillance,vigilancia
survey,encuesta
survey,encuesta
survival,supervivencia
survive,sobrevivir
survivor,superviviente
suspect,sospechoso
suspect,sospechoso
suspend,suspender
suspension,suspensión
suspicion,sospecha
suspicious,sospechoso
sustain,Sostenga
sustainable,sostenible
swallow,tragar
swear,jura
sweater,jersey
sweep,barrer
sweet,dulce
sweet,dulce
swim,nadar
swim,nadar
swimming,natación
swing,columpio
swing,columpio
switch,interruptor
switch,interruptor
sword,espada
symbol,símbolo
symbolic,simbólico
sympathetic,simpático
sympathy,simpatía
symptom,síntoma
syndrome,síndrome
synthesis,síntesis
system,sistema
systematic,sistemática
T-shirt,Camiseta
table,tabla
tablet,tableta
tackle,tackle
tackle,tackle
tactic,táctica
tactical,táctico
tag,etiqueta
tag,etiqueta
tail,cola
take,toma
tale,cuento
talent,talento
talented,talento
talk,hable
talk,hable
tall,alto
tank,depósito
tap,pulse
tap,pulse
tape,cinta
target,objetivo
target,objetivo
task,tarea
taste,pruebe
taste,pruebe
tax,fiscal
tax,fiscal
taxi,taxi
taxpayer,contribuyente
tea,té
teach,enseñar
teacher,profesor
teaching,enseñanza
team,equipo
tear,lágrima
tear,lágrima
technical,técnico
technique,técnica
technological,tecnológico
technology,tecnología
teenage,adolescente
teenager,adolescente
teens,adolescentes
telephone,teléfono
telephone,teléfono
television,televisión
tell,dile a
temperature,temperatura
temple,templo
temporarily,temporalmente
temporary,temporal
tempt,tienta
ten,diez
tenant,arrendatario
tend,tender
tendency,tendencia
tender,licitación
tennis,tenis
tension,tensión
tent,tienda
tenure,tenencia
term,plazo
term,plazo
terminal,terminal
terminal,terminal
terminate,terminar
terms,términos
terrain,terreno
terrible,terrible
terribly,terriblemente
terrific,estupendo
terrify,aterrorizar
territory,territorio
terror,terror
terrorism,terrorismo
terrorist,terrorista
test,prueba
test,prueba
testify,testificar
testimony,testimonio
testing,pruebas
text,texto
text,texto
textbook,libro de texto
texture,textura
than,que
than,que
thank,gracias
thankfully,afortunadamente
thanks,gracias
thanks,gracias
that,que
that,que
that,que
that,que
the,el
theatre,teatro
theatrical,teatral
theft,robo
their,su
theirs,su
them,ellos
theme,tema
themselves,ellos mismos
then,entonces
theology,teología
theoretical,teórico
theory,teoría
therapist,terapeuta
therapy,terapia
there,allí
thereafter,a partir de entonces
thereby,así
therefore,por lo tanto
thesis,tesis
they,ellos
thick,gruesa
thief,ladrón
thin,fino
thing,cosa
think,piense en
thinking,pensando
third,tercera
third,tercera
thirsty,sediento
thirteen,trece
thirty,treinta
this,este
this,este
this,este
thorough,minucioso
thoroughly,a fondo
though,aunque
though,aunque
thought,pensamiento
thought-provoking,que invita a la reflexión
thoughtful,atento
thousand,mil
thread,hilo
threat,amenaza
threaten,amenazar
three,tres
threshold,umbral
thrilled,emocionado
thrive,prosperar
throat,garganta
through,a través de
through,a través de
throughout,en todo
throughout,en todo
throw,tirar
thumb,pulgar
Thursday,Jueves
thus,así
ticket,billete
tide,marea
tidy,ordenado
tidy,ordenado
tie,corbata
tie,corbata
tight,apretado
tighten,apriete
till,hasta
till,hasta
timber,madera
time,tiempo
time,tiempo
timely,a tiempo
timing,cronometraje
tin,estaño
tiny,pequeño
tip,consejo
tip,consejo
tired,cansado
tissue,tejido
title,título
title,título
to,a
to,a
tobacco,tabaco
today,hoy
today,hoy
toe,dedo del pie
together,juntos
toilet,aseo
tolerance,tolerancia
tolerate,tolere
toll,peaje
tomato,tomate
tomorrow,mañana
tomorrow,mañana
ton,ton
tone,tono
tongue,lengua
tonight,esta noche
tonight,esta noche
tonne,tonelada
too,demasiado
tool,herramienta
tooth,diente
top,top
top,top
top,top
topic,tema
torture,tortura
torture,tortura
toss,echa
total,total
total,total
total,total
totally,totalmente
touch,toque
touch,toque
tough,duro
tour,visita
tour,visita
tourism,turismo
tourist,turista
tournament,torneo
towards,hacia
towel,toalla
tower,torre
town,ciudad
toxic,tóxico
toy,juguete
toy,juguete
trace,rastrear
trace,rastrear
track,pista
track,pista
trade,comercio
trade,comercio
trademark,marca registrada
trading,comercio
tradition,tradición
traditional,tradicional
traffic,tráfico
tragedy,tragedia
tragic,trágico
trail,sendero
trail,sendero
trailer,remolque
train,tren
train,tren
trainer,formador
training,formación
trait,rasgo
transaction,transacción
transcript,transcripción
transfer,transferencia
transfer,transferencia
transform,transformar
transformation,transformación
transit,tránsito
transition,transición
translate,traducir
translation,traducción
transmission,transmisión
transmit,transmita
transparency,transparencia
transparent,transparente
transport,transporte
transport,transporte
transportation,transporte
trap,trampa
trap,trampa
trauma,trauma
travel,viaje
travel,viaje
traveller,viajero
treasure,tesoro
treat,tratar
treatment,tratamiento
treaty,tratado
tree,árbol
tremendous,tremendo
trend,tendencia
trial,ensayo
tribal,tribal
tribe,tribu
tribunal,tribunal
tribute,homenaje
trick,truco
trick,truco
trigger,desencadenar
trigger,desencadenar
trillion,trillón
trio,trío
trip,viaje
trip,viaje
triumph,triunfo
troop,tropa
trophy,trofeo
tropical,tropical
trouble,problema
trouble,problema
troubled,con problemas
trousers,pantalones
truck,camión
true,verdadero
truly,verdaderamente
trust,confíe en
trust,confíe en
trustee,administrador
truth,verdad
try,pruebe
try,pruebe
tsunami,tsunami
tube,tubo
Tuesday,Martes
tuition,matrícula
tune,sintonizar
tunnel,túnel
turn,gire a
turn,gire a
turnout,desvío
turnover,facturación
TV,TV
twelve,doce
twenty,veinte
twice,dos veces
twin,gemelo
twin,gemelo
twist,giro
twist,giro
two,dos
type,tipo
type,tipo
typical,típico
typically,normalmente
tyre,neumático
ugly,feo
ultimate,lo último en
ultimately,en última instancia
umbrella,paraguas
unable,incapaz
unacceptable,inaceptable
uncertainty,incertidumbre
uncle,tío
uncomfortable,incómodo
unconscious,inconsciente
under,en
under,en
undergo,visite
undergraduate,licenciatura
underground,subterráneo
underground,subterráneo
underlying,subyacente
undermine,socavar
understand,comprender
understanding,comprender
undertake,emprender
underwear,ropa interior
undoubtedly,sin duda
unemployed,desempleado
unemployment,desempleo
unexpected,inesperado
unfair,injusto
unfold,desplegar
unfortunate,desafortunado
unfortunately,por desgracia
unhappy,infeliz
uniform,uniforme
unify,unificar
union,unión
unique,único
unit,unidad
unite,unir
united,unidos
unity,unidad
universal,universal
universe,universo
university,universidad
unknown,desconocido
unless,a menos que
unlike,a diferencia de
unlikely,improbable
unnecessary,innecesario
unpleasant,desagradable
unprecedented,sin precedentes
until,hasta
until,hasta
unusual,inusual
unveil,desvelar
up,arriba
up,arriba
upcoming,Próximamente
update,actualización
update,actualización
upgrade,actualizar
upgrade,actualizar
uphold,defender
upon,en
upper,superior
upset,disgustado
upset,disgustado
upstairs,arriba
upstairs,arriba
upwards,hacia arriba
urban,urbano
urge,urge
urgent,urgente
us,us
usage,uso
use,utilice
use,utilice
used,usado
used to,utilizado para
useful,útil
useless,inútil
user,usuario
usual,habitual
usually,normalmente
utility,utilidad
utilize,utilice
utterly,totalmente
vacation,vacaciones
vacuum,vacío
vague,vago
valid,válido
validity,validez
valley,valle
valuable,valioso
value,valor
value,valor
van,van
vanish,desaparecer
variable,variable
variable,variable
variation,variación
varied,variada
variety,variedad
various,varios
vary,variar
vast,vasto
vegetable,verduras
vehicle,vehículo
vein,vena
venture,empresa
venture,empresa
venue,lugar de celebración
verbal,verbal
verdict,veredicto
verify,verifique
verse,verso
version,versión
versus,frente a
vertical,vertical
very,muy
very,muy
vessel,recipiente
veteran,veterano
via,vía
viable,viable
vibrant,vibrante
vice,vice
vicious,vicioso
victim,víctima
victory,victoria
video,vídeo
view,ver
view,ver
viewer,Visor
viewpoint,mirador
village,pueblo
villager,aldeano
violate,violar
violation,violación
violence,violencia
violent,violento
virtual,virtual
virtue,virtud
virus,virus
visa,visado
visible,visible
vision,visión
visit,visite
visit,visite
visitor,visitante
visual,visual
vital,vital
vitamin,vitamina
vocal,vocal
voice,voz
volume,volumen
voluntary,voluntario
volunteer,voluntario
volunteer,voluntario
vote,vote
vote,vote
voting,votación
vow,voto
vulnerability,vulnerabilidad
vulnerable,vulnerable
wage,salario
wait,espere
wait,espere
waiter,camarero
wake,despertar
walk,caminar
walk,caminar
wall,pared
wander,wander
want,desea
war,guerra
ward,sala
warehouse,almacén
warfare,guerra
warm,caliente
warm,caliente
warming,calentamiento
warn,avise a
warning,advertencia
warrant,warrant
warrant,warrant
warrior,guerrero
wash,lavar
wash,lavar
washing,lavar
waste,residuos
waste,residuos
waste,residuos
watch,ver
watch,ver
water,agua
water,agua
wave,onda
wave,onda
way,camino
way,camino
we,nosotros
weak,débil
weaken,debilitar
weakness,debilidad
wealth,riqueza
wealthy,ricos
weapon,arma
wear,desgaste
weather,tiempo
weave,tejer
web,web
website,sitio web
wedding,boda
Wednesday,Miércoles
weed,malas hierbas
week,semana
weekend,fin de semana
weekly,semanal
weigh,pesa
weight,peso
weird,extraño
welcome,bienvenido
welcome,bienvenido
welcome,bienvenido
welcome,bienvenido
welfare,bienestar
well,bien
well,bien
well,bien
well,bien
well-being,bienestar
west,oeste
west,oeste
west,oeste
western,occidental
wet,húmedo
what,qué
what,qué
whatever,lo que sea
whatever,lo que sea
whatever,lo que sea
whatsoever,lo que sea
wheat,trigo
wheel,rueda
when,cuando
when,cuando
when,cuando
whenever,siempre que
where,donde
where,donde
whereas,mientras que
whereby,mediante
wherever,donde
whether,si
which,que
which,que
while,mientras que
while,mientras que
whilst,mientras que
whip,látigo
whisper,susurro
whisper,susurro
white,blanco
white,blanco
who,que
whoever,quienquiera que
whole,todo
whole,todo
wholly,totalmente
whom,que
whose,cuyo
whose,cuyo
why,por qué
wide,ancho
widely,ampliamente
widen,ampliar
widespread,generalizada
widow,viuda
width,anchura
wife,esposa
wild,salvaje
wildlife,fauna
will,se
will,se
willing,dispuesto
willingness,voluntad
win,gane
win,gane
wind,viento
wind,viento
window,ventana
wine,vino
wing,ala
winner,ganador
winter,invierno
wipe,limpie
wire,cable
wisdom,sabiduría
wise,sabio
wish,desear
wish,desear
wit,con
with,con
withdraw,retirar
withdrawal,retirada
within,en
without,sin
witness,testigo
witness,testigo
woman,mujer
wonder,maravilla
wonder,maravilla
wonderful,maravilloso
wood,madera
wooden,de madera
wool,lana
word,palabra
work,trabajo
work,trabajo
worker,trabajador
workforce,mano de obra
working,trabajando
workout,entrenamiento
workplace,lugar de trabajo
workshop,taller
world,mundo
worldwide,en todo el mundo
worldwide,en todo el mundo
worm,gusano
worried,preocupado
worry,preocupación
worry,preocupación
worse,peor
worse,peor
worse,peor
worship,culto
worship,culto
worst,peor
worst,peor
worst,peor
worth,vale
worth,vale
worthwhile,merece la pena
worthy,digno
would,sería
wound,herida
wound,herida
wow,wow
wrap,envolver
wrist,muñeca
write,escriba a
writer,escritor
writing,escribir
written,escrito
wrong,equivocado
wrong,equivocado
wrong,equivocado
yard,patio
yeah,sí
year,año
yell,grita
yellow,amarillo
yellow,amarillo
yes,sí
yesterday,ayer
yesterday,ayer
yet,pero
yet,pero
yield,rendimiento
yield,rendimiento
you,usted
young,joven
young,joven
youngster,joven
your,su
yours,Atentamente
yourself,usted mismo
youth,jóvenes
zero,cero
zone,zona
conversely,en cambio
mediation,mediación
cherry,cereza
testword,palabra de prueba
