word,synonyms
a,one|some|any
abandon,leave|desert|quit
ability,talent|skill|capacity
able,capable|skilled|talented
abolish,cancel|remove|erase
abortion,termination|miscarriage|termination
about,regarding|concerning|pertaining
above,over|higher
abroad,overseas|foreign|international
absence,lack|absent|missing
absent,missing|absentee|away
absolute,complete|total|utter
absolutely,definitely|completely|totally
absorb,soak|drink
abstract,general|theoretical|generalized
absurd,ridiculous|silly|foolish
abundance,plenty|wealth|profusion
abuse,mistreat|exploit|maltreat
academic,scholarly|educational|intellectual
academy,school|institute|university
accelerate,speed|increase|boost
accent,tone|stress|emphasis
accept,agree|allow|endorse
acceptable,tolerable|satisfactory|adequate
acceptance,agreement|approval|endorsement
access,entry|entryway|approach
accessible,available|reachable|usable
accident,mistake|incident|crash
accidentally,unintentionally|mistakenly|by
accommodate,adjust|fit|suit
accommodation,
accompany,join|follow|attend
accomplish,
accomplishment,
accordance,agreement|conformity|compliance
according to,
accordingly,hence|therefore|thus
account,
accountability,
accountable,responsible|answerable|liable
accountant,
accounting,
accumulate,gather|collect|assemble
accumulation,
accuracy,
accurate,exact|precise|correct
accurately,
accusation,
accuse,blame|charge|fault
accused,
achieve,attain|reach|accomplish
achievement,
acid,sour|sharp|acidic
acknowledge,
acquire,
acquisition,purchase|acquiring|getting
acre,
across,
act,deed|action|move
action,
activate,start|initiate|launch
activation,
active,energetic|lively|dynamic
activist,
activity,
actor,performer|player|artist
actress,
actual,real|true
actually,
acute,
ad,add|append|join
adapt,
adaptation,adjustment|change|modification
add,
addiction,
addition,increase|sum|total
additional,
additionally,
address,location|place|spot
adequate,
adequately,sufficiently|enough|properly
adhere,
adjacent,nearby|next|close
adjust,
adjustment,change|adjust|modification
administer,
administration,management|government|control
administrative,
administrator,manager|supervisor|boss
admire,
admission,entry|access|acceptance
admit,
adolescent,teen|youth|youngster
adopt,
adoption,taking|acceptance|acquisition
adult,
advance,progress|improve|boost
advanced,
advantage,benefit|disadvantage|edge
adventure,
adverse,bad|harmful|unfavorable
advertise,
advertisement,commercial|notice|announcement
advertising,
advice,tip|suggestion|guidance
advise,
advocate,supporter|backer|champion
aesthetic,
affair,
affect,influence|touch|move
affection,
afford,
affordable,cheap|inexpensive|reasonable
afraid,
after,later|next|then
aftermath,
afternoon,
afterwards,later|next|then
again,once|repeatedly|anew
against,opposite|contrary
age,years|period|stage
aged,old|mature|senior
agency,firm|office|company
agenda,schedule|plan|program
agent,representative|broker|intermediary
aggression,anger|hostility|violence
aggressive,hostile|mean|angry
ago,before|earlier|previously
agree,accept|approve|concur
agreement,deal|pact|contract
agricultural,farming|rural|farmland
agriculture,farming|farming|farming
ah,oh|um|hmm
ahead,forward|infront|before
aid,help|support|assistance
aide,assistant|helper|supporter
aids,helps|assists|supports
aim,target|goal|intend
air,breath|wind|atmosphere
aircraft,plane|airship|helicopter
airline,carrier|company|transporter
airport,terminal|station|hub
alarm,warning|signal|alert
albeit,although|despite|nevertheless
album,record|collection|book
alcohol,drink|liquor|spirits
alcoholic,addicted|drunkard|intoxicated
alert,warn|notify|signal
alien,extraterrestrial|stranger|outsider
align,adjust|match|fit
alignment,arrangement|position|placement
alike,similar|same|identical
alive,living|breathing|vital
all,every|each|whole
all right,okay|fine|alright
allegation,claim|accusation|charge
allege,claim|assert|state
allegedly,reportedly|claimed|stated
alliance,partnership|coalition|union
allocate,assign|distribute|assign
allocation,distribution|assignment|assignment
allow,permit|accept|let
allowance,permission|grant|quota
ally,friend|partner|assistant
almost,nearly|practically|virtually
alone,lonely|solitary|isolated
along,together|with|beside
alongside,beside|near|adjacent
already,yet|still
also,too|as|likewise
alter,change|modify|amend
alternative,other|different|secondary
although,despite|nevertheless|however
altogether,entirely|completely|totally
aluminium,metal|silver|copper
always,constantly|forever|ever
amateur,hobbyist|enthusiast|novice
amazed,surprised|stunned|astounded
amazing,great|awesome|incredible
ambassador,representative|diplomat|envoy
ambition,aspiration|drive|desire
ambitious,determined|driven|motivated
ambulance,emergency|vehicle|carriage
amend,change|alter|modify
amendment,change|revision|alteration
amid,among|between|during
among,between|in|with
amount,quantity|sum|total
amusing,funny|entertaining|humorous
analogy,comparison|example|similarity
analyse,examine|study|investigate
analysis,study|examination|evaluation
analyst,expert|researcher|specialist
ancestor,parent|forebear|predecessor
anchor,hook|moor|fasten
ancient,old|historic|vintage
and,also|too|with
angel,messenger|mortal|messenger
anger,fury|rage|ire
angle,corner|slope|edge
angrily,irritably|fiercely
angry,furious|irritated|enraged
animal,creature|beast|pet
animation,cartoon|movie|film
ankle,joint|wrist|knee
anniversary,birthday|wedding|milestone
announce,declare|reveal|tell
announcement,declaration|statement|message
annoy,irritate|bother|nuisance
annoyed,irritated|frustrated|angry
annoying,irksome|frustrating|bothersome
annual,yearly|regular|periodic
annually,yearly|regularly|monthly
anonymous,secret|hidden|private
another,different|additional|extra
answer,reply|solution|response
anticipate,expect|predict|foresee
anxiety,worry|fear|nervousness
anxious,worried|nervous|frightened
any,some|anyone|every
any more,ever|still|again
anybody,someone|anyone|person
anyone,someone|anybody|person
anything,something|everything
anyway,nevertheless|anywise|all
anywhere,everywhere|nowhere|somewhere
apart,separate|distinct|isolated
apartment,flat|room|suite
apologize,regret|excuse|sorry
apology,regret|excuse|sorry
app,program|software|tool
apparatus,machine|device|equipment
apparent,obvious|visible|clear
apparently,obviously|clearly|evidently
appeal,request|plea|petition
appealing,attractive|pleasing|charming
appear,show|look|seem
appearance,look|aspect|view
appetite,hunger|craving|desire
applaud,cheer|clap|hail
apple,pear|banana|orange
applicable,relevant|useful|valid
applicant,candidate|seeker|suitor
application,request|petition|demand
apply,use|put|try
appoint,name|choose|select
appointment,meeting|session|visit
appreciate,value|respect|like
appreciation,gratitude|respect|admiration
approach,method|way|means
appropriate,suitable|relevant|proper
appropriately,properly|suitably|correctly
approval,agreement|acceptance|endorsement
approve,accept|agree|endorse
approximately,roughly|about|nearly
april,spring|summer|autumn
arbitrary,random|unfair|unjust
architect,designer|builder|engineer
architectural,design|structural|technical
architecture,design|layout|structure
archive,store|collection|repository
area,space|zone|region
arena,stadium|ring|field
arguably,possibly|maybe|presumably
argue,disagree|discuss|debate
argument,dispute|debate|quarrel
arise,rise|appear|wake
arm,hand|leg|limb
armed,equipped|fitted|prepared
arms,limbs|weapons|hands
army,troops|forces|soldiers
around,about|near|close
arrange,organize|order|plan
arrangement,plan|setup|organization
array,list|collection|series
arrest,detain|stop|catch
arrival,coming|landing
arrive,come|reach|get
arrow,dart|shaft|bolt
art,craft|skill|design
article,piece|item|report
articulate,express|explain|describe
artificial,fake|synthetic
artist,painter|creator|designer
artistic,creative|imaginative|beautiful
artwork,picture|work|piece
as,like|similar|same
ash,dust|powder|residue
ashamed,embarrassed|ashen|guilty
aside,apart|separate
ask,inquire|question|query
asleep,sleeping|drowsy|dozing
aspect,side|view|facet
aspiration,dream|ambition|goal
aspire,aim|strive|hope
assassination,murder|killing|slaughter
assault,attack|beat|strike
assemble,gather|collect|put
assembly,meeting|gathering|session
assert,claim|state|declare
assertion,claim|statement|declaration
assess,evaluate|judge|appraise
assessment,evaluation|test|judgment
asset,property|resource|good
assign,give|hand|name
assignment,task|job|project
assist,help|aid|support
assistance,help|aid|support
assistant,helper|aid
associate,partner|assistant|colleague
associated,linked|related|connected
association,link|group|connection
assume,suppose|think|believe
assumption,guess|presumption|belief
assurance,certainty|confidence|guarantee
assure,ensure|guarantee|promise
astonishing,amazing|surprising|remarkable
asylum,refuge|sanctuary|shelter
at,in|on|by
athlete,sportsman|player|jock
atmosphere,air|environment|surroundings
atrocity,cruelty|brutality|barbarity
attach,stick|join|connect
attachment,link|connection|tie
attack,assault|raid|strike
attain,reach|achieve|obtain
attempt,try|effort|shot
attend,be|come|join
attendance,presence|participation
attention,focus|concentration|notice
attitude,stance|posture|manner
attorney,lawyer|counselor|advocate
attract,draw|lure|appeal
attraction,draw|magnet|allure
attractive,beautiful|pretty|appealing
attribute,property|quality|feature
auction,sale|bid|bargain
audience,crowd|spectators|viewers
audio,sound|music|voice
audit,examine|check|review
august,grand|impressive|magnificent
aunt,sister|mother|relative
authentic,genuine|real|true
author,writer|creator|composer
authority,power|control|influence
authorize,allow|permit|approve
auto,car|vehicle|motor
automatic,self|instant
automatically,instantly|quickly
autonomy,freedom|independence|control
autumn,fall|harvest|winter
availability,accessibility|readiness|supply
available,free|open|accessible
average,normal|median|midpoint
avoid,shun|steer|sidestep
await,wait|expect|hope
award,prize|honor|recognition
aware,conscious|mindful|alert
awareness,understanding|knowledge|consciousness
away,off|gone|distant
awful,bad|terrible|horrible
awkward,clumsy|uncomfortable|embarrassing
baby,infant|toddler|child
back,rear|behind|rearward
backdrop,background|setting|scene
background,context|scene|setting
backing,support|help|aid
backup,copy|duplicate|redundant
backwards,backward|reverse|backwardly
bacteria,germs|bugs|microbes
bad,worse|poor|awful
badge,symbol|label|patch
badly,poorly|wrongly|incorrectly
bag,sack|pack|case
bail,release|freedom|liberty
bake,cook|roast|heat
balance,equilibrium|stability|harmony
balanced,stable|even|level
ball,sphere|globe|orb
ballet,dance|performance|theater
balloon,helium|inflated|globe
ballot,vote|election|poll
ban,prohibit|forbid|bar
banana,fruit|peel|yellow
band,group|team|ensemble
bank,shore|slope|slope
banner,flag|sign|panel
bar,pub|saloon|tavern
bare,naked|exposed|open
barely,scarcely|hardly|just
bargain,deal|discount|offer
barrel,cask|drum|container
barrier,obstacle|block|hindrance
base,ground|root|foundation
baseball,cricket|diamond|ballgame
based,grounded|founded|established
basement,cellar|underground|subfloor
basic,simple|fundamental|primary
basically,generally|mainly|essentially
basis,ground|reason|cause
basket,container|container|receptacle
basketball,ballgame|hoops|court
bass,drum|guitar|string
bat,club|paddle|slugger
bath,shower|tub|bathtub
bathroom,toilet|loo|restroom
battery,cell|pack|accumulator
battle,fight|struggle|war
battlefield,warfield|battle|field
bay,cove|inlet|harbor
be,exist|live|stay
beach,shore|coast|seaside
beam,pillar|column|post
bean,legume|pea|lentil
bear,animal|beast|monster
beast,monster|creature|animal
beat,hit|win|victory
beautiful,lovely|pretty|attractive
beauty,loveliness|attractiveness|goodlooks
because,since|as|for
become,turn|change|grow
bed,cot|couch|sofa
bedroom,chamber|room|bed
bee,fly|insect|bug
beef,meat|lamb
beer,ale|brew|lager
before,earlier|prior|previous
beg,ask|request|petition
begin,start|initiate
beginning,start|begin|opening
behalf,favor|interest
behave,act|conduct|manner
behaviour,behavior|conduct|manner
behind,back|rear|after
being,existence|person|individual
belief,faith|trust|conviction
believe,trust|think|accept
bell,chime|ring|knell
belong,fit|suit|match
beloved,cherished|loved|dear
below,under|down|beneath
belt,strap|girdle|sash
bench,seat|stool|table
benchmark,standard|model|example
bend,curve|twist|turn
beneath,under|below|down
beneficial,helpful|useful|advantageous
beneficiary,recipient|benefactor|winner
benefit,advantage|gain|profit
bent,crooked|twisted|curved
beside,near|next|adjacent
besides,also|too|additionally
best,finest|greatest|superior
bet,wager|gamble|risk
betray,deceive|betrayal|cheat
better,improved|superior|finer
between,among|in|around
beyond,past|over
bias,prejudice|partiality|preference
bicycle,cycle|bike|pedal
bid,offer|quote|proposal
big,large|huge|enormous
bike,cycle|motorcycle|scooter
bill,invoice|note|account
billion,million|thousand|large
bin,container|basket|trash
bind,tie|fasten|secure
biography,life|story|history
biological,natural|organic|living
biology,science|nature|study
bird,fowl|chicken|falcon
birth,delivery|arrival|coming
birthday,anniversary|celebration|party
biscuit,cookie|cracker|cake
bishop,clergyman|prelate|pastor
bit,chunk|piece|part
bite,chew|gnaw|nibble
bitter,harsh|acid|sour
bizarre,strange|weird|odd
black,dark|night|shadowy
blade,edge|knife|edge
blame,fault|accuse|criticize
blank,empty|void|vacant
blanket,cover|shawl
blast,explosion|bang|crash
bleed,seep|ooze
blend,mix|merge|combine
bless,praise|honor|thank
blessing,favor|gift|benefit
blind,dumb|deaf|dark
block,chunk|section|segment
blog,article|post|entry
blonde,fair|golden|light
blood,redness|liquid|juice
blow,puff|breathe|exhale
blue,green|purple|navy
board,panel|table|committee
boast,brag|gloat
boat,ship|vessel|raft
body,form|shape|figure
boil,bubble|simmer|roil
bold,brash|daring|fearless
bomb,explosion|blast|blast
bombing,attack|raid|assault
bond,tie|link|connection
bone,marrow|skeleton|rib
bonus,reward|extra|addition
book,volume|text|paperback
booking,reservation|appointment|engagement
boom,crash|bang|blast
boost,increase|improve|enhance
boot,shoe|footwear|lug
border,edge|margin|limit
bored,dull|tired|uninterested
boring,dull|uninteresting|tedious
born,created|made|produced
borrow,lend|take|steal
boss,chief|manager|supervisor
both,either|too|also
bother,trouble|nuisance|hassle
bottle,container|flask|vial
bottom,base|lower|foot
bounce,jump|leap|spring
bound,limited|fixed|restricted
boundary,edge|limit|border
bow,knot|ribbon|ribbon
bowl,dish|plate|cup
box,crate|chest|case
boy,lad|kid|youth
boyfriend,partner|lover
brain,mind|head|cerebrum
branch,division|offshoot|appendage
brand,label|mark|name
brave,courageous|bold|daring
breach,break|violation|rupture
bread,loaf|cake|pastry
break,split|shatter|crack
breakdown,collapse|failure|crash
breakfast,morning|lunch|dinner
breakthrough,advance|progress|gain
breast,chest|bosom|torso
breath,puff|gasp|sigh
breathe,inhale|exhale
breathing,respiring|panting|gasping
breed,strain|kind|type
brick,block|stone|tile
bride,groom|spouse|partner
bridge,span|link|connection
brief,short|concise
briefly,shortly|temporarily|momentarily
bright,light|clear|sharp
brilliant,excellent|superb|outstanding
bring,fetch|carry|take
broad,wide|large|wide
broadband,fast|quick
broadcast,transmit|announce|relay
broadcaster,announcer|reporter|spokesperson
broadly,widely|generally|extensively
broken,damaged|shattered|fractured
brother,sister|male
brown,tan|beige|tawny
browser,navigator|explorer|viewer
brush,broom|comb|sweep
brutal,harsh|cruel|tough
bubble,blister|foam|froth
buck,male|deer|stallion
buddy,friend|pal|mate
budget,expense|plan|finance
buffer,cushion|shield|barrier
bug,insect|blemish|flaw
build,construct|create|make
building,structure|house|edifice
bulk,mass|quantity|amount
bullet,slug|projectile|pellet
bunch,group|clump|cluster
burden,weight|load|strain
bureaucracy,redtape|officialdom
burial,funeral|tomb|grave
burn,scorch|sear|damage
burst,explode|outburst|rupture
bury,hide|cover|enclose
bus,coach|minibus|van
bush,shrub|thicket|hedge
business,trade|industry|commerce
businessman,entrepreneur|executive|tycoon
busy,occupied|active|engaged
but,however|nevertheless|still
butter,margarine|spread|oil
button,knob|switch|toggle
buy,purchase|acquire|obtain
by,with|through|via
bye,farewell|leave|depart
cabin,hut|shed|bungalow
cabinet,cupboard|closet|wardrobe
cable,wire|string|rope
cafe,restaurant|bistro|diner
cake,pastry|tart|biscuit
calculate,compute|figure|estimate
calculation,computation|math|figure
call,phone|ring|alert
calm,peaceful|quiet|serene
camera,photograph|lens|snapshot
camp,site|base|shelter
campaign,effort|drive|push
camping,hiking|outdoors|trekking
campus,grounds|grounds|site
can,may|must|will
canal,waterway|channel|tunnel
cancel,stop|halt|end
cancer,disease|illness|sickness
candidate,applicant|runner|entrant
candle,lamp|torch|light
cannot,fail
canvas,painting|fabric|material
cap,hat|cover|lid
capability,ability|talent|skill
capable,able|skilled|competent
capacity,size|amount|extent
capital,city|center|main
capitalism,market|commerce
capitalist,businessman|entrepreneur|tycoon
captain,leader|commander|officer
capture,seize|catch|grab
car,vehicle|auto|motor
carbon,coal|graphite|diamond
card,ticket|document|voucher
care,concern|attention|worry
career,job|profession
careful,cautious|mindful|vigilant
carefully,slowly|gently|precisely
careless,thoughtless|reckless|negligent
cargo,goods|freight|load
carpet,rug|mat|flooring
carriage,vehicle|cart|wagon
carrot,beet|parsnip|turnip
carry,bear|hold|lift
cartoon,animation|comics|drawing
carve,cut|hew|chop
case,instance|example|situation
cash,money|funds|pay
casino,gamble|gaming|venue
cast,throw|act|role
castle,fortress|mansion|palace
casual,relaxed|informal|easy
casualty,victim|injury|harm
cat,kitten|pet|animal
catalogue,list|directory|inventory
catch,grab|get|snatch
category,type|class|kind
cater,serve|feed|supply
cattle,livestock|beasts|animals
cause,reason|effect|result
caution,warning|alert|cautionary
cautious,careful|wary|guarded
cave,hole|den|pit
cd,disc|album|tape
cease,stop|halt|end
ceiling,roof|top|height
celebrate,honor|commemorate|cheer
celebration,party|festival|commemoration
celebrity,star|famous|icon
cell,room|unit|space
cemetery,graveyard|burial|tomb
cent,penny|dime|nickel
central,main|key|chief
centre,middle|center|heart
century,era|period|decade
ceremony,ritual|service
certain,sure|definite|exact
certainly,definitely|surely|certain
certainty,confidence|assurance
certificate,document|proof|award
chain,link|ring|string
chair,seat|stool|bench
chairman,president|leader|director
challenge,test|trial|obstacle
challenging,difficult|tough|hard
chamber,room|hall|cabin
champion,winner|hero|winner
championship,title|cup|trophy
chance,luck|opportunity|probability
change,alter|modify|shift
channel,stream|path|route
chaos,confusion|disorder|turmoil
chapter,section|part|article
character,person|trait|feature
characteristic,feature|trait|quality
characterize,describe|define|explain
charge,bill|cost|fee
charity,kindness|generosity|altruism
charm,spell|magic|attract
charming,attractive|pleasant|delightful
chart,map|graph|diagram
charter,contract|agreement|treaty
chase,pursue|follow|hunt
chat,talk|converse|discuss
cheap,inexpensive|affordable
cheat,deceive|trick|lie
check,verify|inspect|examine
cheek,face|side|jaw
cheer,hurray|happiness|smile
cheerful,happy|jolly|bright
cheese,dairy|milk|butter
chef,cook|cookery|master
chemical,toxic|poisonous|harmful
chemistry,science|physics|compound
chest,box|trunk|case
chicken,fowl|bird|poultry
chief,head|leader|boss
child,kid|youngster|minor
childhood,youth|boyhood|girlhood
chip,crisp|flake|piece
chocolate,cocoa|candy|sweet
choice,option|decision|pick
choir,singers|group|chorus
choose,pick|select|opt
chop,cut|slice|hack
chronic,persistent|ongoing
chunk,piece|section|portion
church,temple|sanctuary|meetinghouse
cigarette,cigar|pipe|smoke
cinema,movies|theater|movies
circle,ring|round|oval
circuit,route|path|loop
circulate,spread|move|flow
circulation,flow|movement|exchange
circumstance,situation|event|incident
cite,quote|mention|refer
citizen,person|resident|member
citizenship,nationality|residency
city,town|village|metropolis
civic,public|community|social
civil,municipal|public|social
civilian,nonmilitary|civvy|layman
civilization,society|culture|community
claim,assert|demand|state
clarify,explain|clear|define
clarity,clearness|precision|distinctness
clash,conflict|collision|disagreement
class,type|kind|category
classic,traditional|timeless|standard
classical,traditional|ancient|timeless
classification,categorization|typing|sorting
classify,categorize|sort|group
classroom,schoolroom|lecture|hall
clause,sentence|phrase|article
clean,pure|fresh|spotless
cleaning,washing|sweeping
clear,plain|simple|obvious
clearly,obviously|evidently|plainly
clerk,assistant|employee|worker
clever,smart|intelligent|quick
click,tap|press|push
client,customer|user|patron
cliff,slope|ledge|edge
climate,weather|temperature|atmosphere
climb,ascend|rise|ascend
cling,stick|hold|grip
clinic,hospital|office|center
clinical,medical|professional|practical
clip,snip|cut|snatch
clock,watch|timer|meter
close,near|tight|firm
closed,shut|locked|sealed
closely,tightly|nearly
closure,end|finish|completion
cloth,fabric|material|stuff
clothes,garments|attire|dress
clothing,garments|dress|attire
cloud,fog|mist|smog
club,group|team|gang
clue,hint|tip|lead
cluster,group|bundle|collection
coach,trainer|driver|mentor
coal,charcoal|peat|lignite
coalition,alliance|partnership|union
coast,shore|beach|edge
coastal,seaside|beachy|oceanic
coat,jacket|cloak|cape
cocktail,drink|mix|beverage
code,script|program|formula
coffee,tea|beverage|brew
cognitive,mental|intelligent|aware
coin,dime|penny|money
coincide,happen|match|agree
coincidence,chance|accident|happenstance
cold,chilly|frosty|freezing
collaborate,cooperate|work|team
collaboration,cooperation|teamwork|partnership
collapse,fall|crash|fail
colleague,assistant|partner|associate
collect,gather|assemble|accumulate
collection,gathering|set|batch
collective,shared|group|common
collector,gatherer|hoarder|accumulator
college,university|school|institute
collision,crash|impact|bump
colonial,foreign|settler|imperial
colony,settlement|outpost|settlement
colour,hue|shade|tone
coloured,colored|tinted|hued
colourful,vibrant|bright|vivid
column,pillar|beam|post
columnist,journalist|writer|reporter
combat,fight|battle|clash
combination,mix|blend|mixture
combine,unite|merge|join
come,arrive|get
comedy,humor|funny|joke
comfort,ease|relief|solace
comfortable,cozy|easy|relaxed
comic,funny|humorous|amusing
command,order|instruction|direction
commander,leader|captain|boss
commence,start|begin|initiate
comment,remark|note|remark
commentary,analysis|explanation|review
commentator,announcer|reporter|analyst
commerce,trade|business|industry
commercial,business|advertising|professional
commission,fee|charge|payment
commissioner,officer|official|representative
commit,agree|confirm|pledge
commitment,promise|pledge|dedication
committee,panel|board|group
commodity,good|article|product
common,usual|ordinary|general
commonly,usually|often|frequently
communicate,talk|explain|share
communication,talk|message|contact
communist,socialist|leftist|radical
community,society|group|neighborhood
companion,friend|partner|associate
company,firm|business|corporation
comparable,similar|alike|equivalent
comparative,better|greater|superior
compare,contrast|match
comparison,contrast|difference|similarity
compassion,kindness|empathy|sympathy
compel,force|obligate|require
compelling,interesting|attractive|appealing
compensate,pay|reward|reimburse
compensation,reimbursement|reward|payment
compete,rival|contest
competence,ability|skill|proficiency
competent,capable|skilled|qualified
competition,contest|rivalry|tournament
competitive,aggressive|rival|challenging
competitor,rival|opponent|challenger
compile,assemble|build|construct
complain,gripe|moan|whine
complaint,grievance|objection
complement,match|partner|addition
complete,full|perfect|whole
completely,fully|totally|entirely
completion,finish|end
complex,complicated|difficult|hard
complexity,difficulty|hardness|complication
compliance,obedience|conformity|cooperation
complicated,difficult|complex|tough
complication,difficulty|problem|issue
comply,obey|follow|conform
component,part|element|section
compose,create|write|make
composer,musician|author|creator
composition,mix|blend|combination
compound,complex|mixed|combined
comprehensive,thorough|complete|full
comprise,include|contain|encompass
compromise,sacrifice|concession|agreement
compulsory,obligatory|required|necessary
compute,calculate|figure|work
computer,machine|calculator|device
conceal,hide|cover|mask
concede,admit|yield|accept
conceive,understand|imagine|picture
concentrate,focus|intensify|strengthen
concentration,focus|attention|intensity
concept,idea|notion|thought
conception,idea|thought|plan
concern,worry|problem|issue
concerned,worried|anxious|careful
concert,performance|show|gig
concession,yield|surrender|givein
conclude,decide|finish|end
conclusion,result|outcome|end
concrete,solid|real|actual
condemn,criticize|disapprove|reject
condition,state|status|situation
conduct,lead|manage|handle
confer,discuss|talk|meet
conference,meeting|gathering|forum
confess,admit|reveal|acknowledge
confession,admission|acknowledgment|apology
confidence,trust|faith|belief
confident,sure|certain|brave
configuration,setup|settings|arrangement
confine,limit|restrict|restrain
confirm,agree|approve|verify
confirmation,agreement|approval|acceptance
conflict,dispute|argument|problem
confront,face|meet|encounter
confrontation,clash|conflict|argument
confuse,mixup|baffle|perplex
confused,mixed|muddled|disoriented
confusing,muddled|mixed|unclear
confusion,chaos|disorder|muddle
congratulate,commend|praise|hail
congregation,group|assembly|crowd
congressional,governmental|official|legislative
connect,link|join|unite
connected,linked|joined|attached
connection,link|relation|tie
conquer,defeat|overcome|win
conscience,guilt|morals|scruples
conscious,aware|mindful|alert
consciousness,awareness|mind|perception
consecutive,successive|continuous|straight
consensus,agreement|understanding|accord
consent,agreement|permission|approval
consequence,result|outcome|effect
consequently,therefore|thus|hence
conservation,protection|preservation|safeguard
conservative,traditional|cautious|moderate
conserve,save|protect|preserve
consider,think|examine|evaluate
considerable,large|significant|substantial
considerably,significantly|noticeably|markedly
consideration,thought|attention|regard
consist,make|compose|form
consistency,uniformity|regularity|steadiness
consistent,regular|steady|constant
consistently,regularly|steadily|usually
consolidate,unify|merge|combine
conspiracy,plot|scheme|plotting
constant,steady|fixed|unchanging
constantly,always|regularly|often
constituency,district|area|region
constitute,form|make|create
constitution,law|rules|regulations
constitutional,official|legal|normal
constraint,limit|restriction|barrier
construct,build|create|make
construction,building|repair|erection
consult,advise|discuss|talk
consultant,adviser|expert|specialist
consultation,meeting|talk|discussion
consume,eat|use|devour
consumer,buyer|customer|user
consumption,use|waste|expense
contact,meet|touch|reach
contain,hold|keep|have
container,box|vessel|crate
contemplate,think|consider|reflect
contemporary,modern|current|present
contempt,disdain|scorn|disgust
contend,argue|dispute|claim
contender,candidate|challenger|rival
content,material|information|matter
contention,dispute|argument|conflict
contest,competition|tournament
context,situation|background|setting
continent,landmass|region|area
continually,always|constantly|regularly
continue,keep|go|carry
continuous,constant|ongoing
contract,agreement|deal|pact
contractor,builder|worker|laborer
contradiction,conflict|disagreement|inconsistency
contrary,opposite|reverse|against
contrast,difference|opposite|disparity
contribute,help|assist|participate
contribution,help|share|input
contributor,donor|helper|assistant
control,regulate|manage|govern
controversial,disputed|debated|contentious
controversy,dispute|debate|argument
convenience,ease|facility|comfort
convenient,easy|handy|simple
convention,agreement|standard|custom
conventional,usual|normal|standard
conversation,talk|discussion|chat
conversion,change|alteration|transformation
convert,change|transform|alter
convey,transfer|carry|move
convict,prisoner|felon|offender
conviction,belief|certainty|confidence
convince,persuade|prove|show
convinced,certain|sure|confident
convincing,persuasive|strong
cook,prepare|bake|roast
cooker,stove|oven|range
cooking,preparing|baking|boiling
cool,great|awesome|fantastic
cooperate,collaborate|assist|help
cooperative,collaborative|mutual|joint
coordinate,align|match|correspond
coordination,organization|arrangement|planning
coordinator,organizer|manager|director
cop,policeman|officer|guard
cope,manage|handle|bear
copper,brass|bronze|metal
copy,duplicate|replica|imitation
copyright,property|right|ownership
core,center|heart|middle
corner,edge|end|side
corporate,business|official|professional
corporation,company|firm|business
correct,right|accurate|true
correction,change|fix|adjust
correctly,rightly|properly|accurately
correlate,link|connect|match
correlation,link|relation|connection
correspond,match|agree|coincide
correspondence,letters|communication|exchange
correspondent,reporter|journalist|writer
corresponding,matching|related|associated
corridor,hallway|passage|aisle
corrupt,rotten|bad|deceitful
corruption,bribery|graft|scandal
cost,price|charge|expense
costly,expensive|pricey|high
costume,dress|outfit|attire
cottage,house|hut|bungalow
cotton,linen|flax|wool
could,might|may|can
council,board|committee|panel
councillor,official|representative|member
counselling,advice|help|therapy
counsellor,adviser|counselor|adviser
count,number|total|amount
counter,opponent|rival|foe
counterpart,alternative|equal|match
countless,innumerable|endless|boundless
country,nation|land|state
countryside,rural|country|hinterland
county,district|parish|borough
coup,overthrow|takeover|seizure
couple,pair|duo|twosome
courage,bravery|boldness|strength
course,route|program|lesson
court,hall|tribunal|bench
courtesy,politeness|manners|respect
cousin,relative|nephew|sister
cover,shield|protect|hide
coverage,range|scope|extent
covered,hidden|shielded|protected
cow,ox|beef|heifer
crack,break|split|fracture
craft,skill|trade|art
crash,bump|collision|smash
crawl,creep|slither|inch
crazy,mad|wild|insane
cream,butter|milk|fat
create,make|build|construct
creation,making|building|production
creative,imaginative|original|innovative
creativity,imagination|originality|innovation
creator,maker|author|producer
creature,animal|being|monster
credibility,trust|reputation|believability
credible,believable|trustworthy|reliable
credit,trust|reputation|faith
creep,sneak|slip|crawl
crew,team|gang|group
crime,offense|misdeed|wrongdoing
criminal,offender|lawbreaker|felon
crisis,emergency|problem|disaster
criterion,standard|measure|benchmark
critic,reviewer|judge|assessor
critical,serious|important|vital
critically,severely|seriously|badly
criticism,disapproval|rejection|objection
criticize,attack|blame|scold
critique,review|analysis|evaluation
crop,harvest|yield|reap
cross,intersection|overlap|meet
crowd,mob|throng|group
crowded,packed|busy|full
crown,head|cap|jewel
crucial,essential|vital|important
crude,coarse|raw|unrefined
cruel,harsh|brutal|heartless
cruise,sail|travel|journey
crush,love|hate|smash
cry,weep|sob|wail
crystal,rock|gem|stone
cue,signal|hint|prompt
cult,sect|faction|group
cultivate,grow|tend|nurture
cultural,social|traditional|customary
culture,society|customs|tradition
cup,mug|glass|bowl
cupboard,cabinet|closet|wardrobe
cure,heal|treat|fix
curiosity,interest|inquisitiveness
curious,inquisitive|interested|intrigued
curly,wavy|twisted|kinky
currency,money|cash|coins
current,recent|present|new
currently,now|presently|at
curriculum,program|schedule|plan
curtain,drapes|blinds|shutters
curve,bend|arc|swell
curved,bent|crooked|twisted
custody,care|guard|control
custom,usual|normal|standard
customer,buyer|client|patron
cut,slice|chop|trim
cute,adorable|sweet|charming
cutting,sharp|keen|precise
cycle,rotation|round|repetition
cynical,skeptical|pessimistic|disbelieving
dad,father|papa|pa
daily,regular
dairy,milk|cheese|cream
dam,barrier|obstacle|hindrance
damage,harm|injure|hurt
damaging,harmful|hurtful|harm
dance,move|twirl|sway
dancer,performer|prancer|twirler
dancing,moving|swaying|twirling
danger,hazard|risk|peril
dangerous,hazardous|perilous|risky
dare,risk|venture|challenge
dark,black|shadowy|gloomy
darkness,shadow|night
data,information|facts|details
database,files|records|archive
date,time|age|era
daughter,girl|child
dawn,morning|daybreak|sunrise
day,morning|time|period
dead,lifeless|still|deceased
deadline,limit|term|expiry
deadly,fatal|lethal|poisonous
deal,agreement|arrangement|contract
dealer,seller|trader|vendor
dear,loved|beloved|precious
death,end|passing|demise
debate,argue|discuss|disagree
debris,rubble|wreckage|remains
debt,liability|obligation|dues
debut,start|begin|launch
decade,period|era|span
december,winter|cold|frost
decent,good|fair|respectable
decide,choose|select|pick
decision,choice|judgment|option
decision-making,choosing|selecting|choosing
decisive,crucial|important|key
deck,floor|platform|board
declaration,statement|announcement|assertion
declare,announce|state|say
decline,fall|drop|decrease
decorate,adorn|beautify|embellish
decoration,ornament|furnishing|adornment
decrease,reduce|lower|lessen
dedicated,loyal|committed|devoted
dedication,commitment|loyalty|devotion
deed,act|feat|action
deem,think|consider|judge
deep,thick|strong|intense
deeply,strongly|intensely|really
default,standard|normal|usual
defeat,lose|beat|lose
defect,flaw|fault|blemish
defence,defense|protection|guard
defend,protect|shield|guard
defender,protector|guard|savior
defensive,protective|cautious|guarded
deficiency,shortage|lack|insufficiency
deficit,shortage|shortfall|deficiency
define,explain|describe|interpret
definite,clear|certain|exact
definitely,certainly|surely|absolutely
definition,meaning|explanation|description
defy,disobey|challenge|reject
degree,level|extent|amount
delay,holdup|postpone|halt
delegate,represent|proxy|agent
delegation,team|committee|group
delete,erase|remove|cancel
deliberate,intentional|planned|thoughtful
deliberately,intentionally|on|purposely
delicate,fragile|dainty|sensitive
delicious,tasty|yummy|savory
delight,pleasure|joy|happiness
delighted,pleased|happy|thrilled
deliver,send|bring|give
delivery,shipment|transport|dispatch
demand,require|ask|request
democracy,republic|liberty|freedom
democratic,fair|equal|popular
demon,devil|monster|evil
demonstrate,show|prove|display
demonstration,example|show|display
denial,refusal|rejection|dismissal
denounce,condemn|criticize|rebuke
dense,thick|compact|packed
density,thickness|compactness|heaviness
dentist,doctor|surgeon|specialist
deny,refuse|reject|disagree
depart,leave|go|exit
department,office|section|division
departure,exit|leave
depend,rely|trust|count
dependence,reliance|addiction|reliant
dependent,reliant|helpless
depict,show|paint|describe
deploy,release|introduce|launch
deployment,launch|release|implementation
deposit,payment|contribution|laying
depressed,sad|unhappy|down
depressing,sad|gloomy
depression,sadness|despair|gloom
deprive,deny|refuse|withhold
depth,profoundness|intensity|hollowness
deputy,assistant|representative|substitute
derive,get|obtain|acquire
descend,go|fall|drop
descent,downfall|decline|plunge
describe,explain|tell|say
description,account|explanation|summary
desert,wasteland|barren|arid
deserve,earn|merit|warrant
design,plan|layout|scheme
designate,appoint|choose|select
designer,artist|stylist|creator
desirable,attractive|appealing|pleasant
desire,wish|need|want
desk,table|workbench|bench
desktop,computer|table|workstation
desperate,hopeless|despondent|frantic
desperately,hopelessly|frantically
despite,in|regardless|nevertheless
destination,target|goal|endpoint
destroy,ruin|demolish|wreck
destruction,ruin|damage|chaos
destructive,harmful|damaging|hurtful
detail,part|aspect|feature
detailed,precise|exact|thorough
detain,hold|keep|restrain
detect,notice|find|spot
detection,identification|sensing|finding
detective,investigator|sleuth
detention,punishment|penalty|lockdown
deteriorate,worsen|decline
determination,resolution|decision|firmness
determine,decide|find|decide
determined,firm|strong|resolute
devastate,destroy|ruin|demolish
develop,improve|grow|expand
development,growth|progress|improvement
device,machine|tool|appliance
devil,demon|monster|beast
devise,plan|scheme|idea
devote,dedicate|commit|pledge
diagnose,detect|find|identify
diagnosis,test|exam|analysis
diagram,picture|chart|map
dialogue,conversation|talk|discussion
diamond,gem|jewel|precious
diary,journal|log|record
dictate,order|tell|say
dictator,ruler|tyrant|leader
dictionary,lexicon|encyclopedia|thesaurus
die,pass|expire|cease
diet,food|meal|nourishment
differ,vary|diverge|contrast
difference,contrast|divergence|disparity
different,various|distinct|unique
differentiate,distinguish|separate|contrast
differently,separately|otherwise|distinctly
difficult,hard|tough|challenging
difficulty,hardness|problem|trouble
dig,excavate|burrow|mine
digital,electronic|modern|virtual
dignity,respect|honor|pride
dilemma,problem|choice|conundrum
dimension,size|extent|scope
diminish,reduce|lessen|decrease
dinner,meal|supper|lunch
dip,dunk|dipper|plunge
diplomat,ambassador|representative|envoy
diplomatic,polite|skilled
direct,straight|open|clear
direction,way|route|path
directly,straight|immediately|personally
director,chief|head|boss
directory,list|catalog|index
dirt,mud|grime|filth
dirty,filthy|grimy|soiled
disability,handicap|impairment|limitation
disabled,handicapped|impeded|hampered
disadvantage,drawback|disadvant|hindrance
disagree,dispute|dissent|oppose
disagreement,dispute|argument|difference
disappear,vanish|lose|fading
disappoint,letdown|fail
disappointed,sad|unhappy|disheartened
disappointing,unpleasant|unsatisfying
disappointment,sadness|frustration
disaster,catastrophe|calamity|tragedy
disastrous,catastrophic|devastating|terrible
disc,platter|record|saucer
discard,reject|throwaway|abandon
discharge,release|dismiss|leave
discipline,control|order|regulation
disclose,reveal|show|tell
disclosure,revelation|exposure|reveal
discount,reduction|sale|reduction
discourage,deter|dissuade|hinder
discourse,conversation|speech|talk
discover,find|learn|notice
discovery,find|reveal|uncover
discretion,judgment|choice|decision
discrimination,bias|prejudice|favoritism
discuss,talk|debate|argue
discussion,talk|debate|argument
disease,illness|sickness|ailment
dish,plate|meal|course
dishonest,unfair|false|deceitful
disk,plate|platter|record
dislike,hate|loathe|detest
dismiss,reject|refuse|turn
dismissal,dismiss|firing|termination
disorder,chaos|confusion|mess
displace,replace|shift|move
display,show|exhibit|present
disposal,removal|destruction|elimination
dispose,get|throw|discard
dispute,argument|conflict|difference
disrupt,interrupt|disturb|interrupt
disruption,disturbance|chaos|upset
dissolve,melt|dissipate|break
distance,length|space|gap
distant,far|remote|dull
distinct,separate|different|unique
distinction,difference|separation|contrast
distinctive,unique|special|distinct
distinguish,tell|differentiate|separate
distort,twist|bend|skew
distract,interrupt|disrupt
distress,pain|trouble|agony
distribute,share|spread|give
distribution,spread|sharing|dispersion
district,area|region|sector
disturb,bother|interrupt|trouble
disturbing,alarming|unsettling|troubling
dive,plunge|splash
diverse,varied|different|mixed
diversity,variety|difference|range
divert,turn|shift|redirect
divide,split|share|separate
divine,heavenly|supernatural|miraculous
division,split|separation|partition
divorce,separation|split|breakup
divorced,separated|single|widowed
do,make|perform|carry
doctor,physician|medic|healer
doctrine,teaching|principle|belief
document,paper|record|file
documentary,film|movie|video
documentation,manual|guide|instructions
dog,pet|animal|hound
dollar,money|cash|currency
domain,realm|field|area
domestic,household|home|private
dominance,supremacy|control|power
dominant,strong|main|leading
dominate,control|overpower|supreme
donate,give|contribute|help
donation,gift|contribution|charity
donor,giver|contributor|benefactor
door,entrance|opening|entranceway
dose,amount|measure|portion
dot,point|spot|mark
double,twice|duplicate|extra
doubt,uncertainty|question|skepticism
down,low|downward|lower
download,fetch|obtain|get
downstairs,below|down|lower
downtown,city|centre|town
downwards,down|lower|below
dozen,twelve|batch|group
draft,outline|sketch|plan
drag,pull|haul|draw
drain,leak|seep|outlet
drama,tragedy|melodrama|spectacle
dramatic,exciting|sensational
dramatically,suddenly|extremely
draw,sketch|paint|trace
drawing,sketch|picture|art
dream,vision|imagination|fantasy
dress,gown|outfit|garb
dressed,clothed|attired|wearing
drift,slip|slide|wander
drink,beverage|liquid|sip
drive,ride|steer|pilot
driver,operator|pilot|chauffeur
driving,operating|steering|moving
drop,fall|sink|fallen
drought,dryness|scarcity|shortage
drown,sink|choke
drug,medicine|poison|substance
drum,beat|pulsate|thud
drunk,intoxicated|tipsy|inebriated
dry,arid|parch
dual,double|two|twofold
dub,copy|version|reproduction
due,owed|pending|overdue
dull,boring|uninteresting|stupid
dumb,stupid|foolish|silly
dump,trash|rubbish|waste
duo,pair|twosome|couple
duration,length|period|time
during,while|in|through
dust,powder|fluff|grit
duty,obligation|responsibility|task
dvd,disc|video|film
dynamic,active|changing|moving
each,every|separate
eager,keen|enthusiastic|anxious
ear,lobe|auditory|hearing
early,soon|quick|prompt
earn,gain|acquire|get
earnings,income|profits|revenue
earth,ground|soil|land
earthquake,shaking|tremor|quake
ease,comfort|relax
easily,simply|quickly|smoothly
east,orient|eastern
eastern,east|oriental|northeast
easy,simple|light|smooth
eat,consume|devour|gulp
echo,repeat|copy|replay
ecological,environmental|natural|green
economic,financial|practical|profitable
economics,finance|money|trade
economist,expert|analyst|specialist
economy,market|trade|finance
edge,border|brink|margin
edit,change|modify|alter
edition,version|issue|release
editor,writer|publisher|compiler
editorial,article|review|comment
educate,teach|train|instruct
educated,informed|learned|intelligent
education,learning|teaching|training
educational,informative|useful|helpful
educator,teacher|instructor|professor
effect,impact|result|outcome
effective,efficient|productive|successful
effectively,efficiently|successfully
effectiveness,efficiency|productivity
efficiency,effectiveness|productivity|speed
efficient,effective|productive|skilled
efficiently,effectively|smartly|well
effort,attempt|strive
egg,yolk|ovum|crumb
ego,pride|self|vanity
eight,nine|seven|six
eighteen,nineteen|twenty
eighty,eight|octuple
either,or|too|also
elaborate,explain|describe|detail
elbow,joint|knee|wrist
elderly,old|aged|senior
elect,choose|select|pick
election,vote|poll|choice
electoral,political|voting|polling
electric,powerful|energetic|live
electrical,electric|powerful|energetic
electricity,power|energy|current
electronic,digital|modern|automatic
electronics,devices|machines|equipment
elegant,refined|sophisticated|polished
element,component|part|section
elementary,simple|basic|primary
elephant,beast|mammoth|pachyderm
elevate,raise|boost|lift
eleven,twelve|ten|dozen
eligible,qualified|suitable|fit
eliminate,remove|delete|discard
elite,select|superior|premium
else,otherwise|elsewhere|additionally
elsewhere,abroad|overseas
email,letter|message|note
embark,start|begin|set
embarrassed,ashamed|humiliated|mortified
embarrassing,awkward|cringeworthy|humiliating
embarrassment,shame|humiliation|mortification
embassy,legation|legation|legation
embed,insert|place|put
embody,represent|show|display
embrace,accept|welcome|welcome
emerge,appear|surface|come
emergence,appearance|development|growth
emergency,crisis|urgency|panic
emission,release|output|discharge
emotion,feeling|sentiment|mood
emotional,feeling|sentimental|touching
emotionally,mentally|psychologically
emphasis,stress|importance|priority
emphasize,stress|highlight|accent
empire,kingdom|reign|dominion
empirical,practical|experimental|testable
employ,use|hire|engage
employee,worker|staff|personnel
employer,boss|company|owner
employment,job|work|occupation
empower,enable|strengthen|boost
empty,vacant|bare|void
enable,allow|permit|facilitate
enact,carry|implement|execute
encompass,include|cover|contain
encounter,meet|find|meet
encourage,support|boost|motivate
encouragement,support|help|motivation
encouraging,supportive|helpful|motivating
end,finish|stop|terminate
endeavour,try|attempt|effort
ending,finish|closure|conclusion
endless,infinite|limitless|boundless
endorse,support|approve|back
endorsement,support|approval|recommend
endure,tolerate|suffer|bear
enemy,foe|rival|adversary
energy,power|force|strength
enforce,impose|enact|obey
enforcement,implementation|compliance|regulation
engage,involve|participate|join
engaged,busy|occupied|committed
engagement,commitment|promise|agreement
engaging,interesting|fascinating|captivating
engine,motor|machine|mechanism
engineer,technician|builder|craftsman
engineering,design|construction|building
enhance,improve|boost|increase
enjoy,like|appreciate|relax
enjoyable,pleasant|fun|amusing
enormous,huge|massive|gigantic
enough,sufficient|adequate|ample
enquire,ask|inquire|question
enquiry,inquiry|question|query
enrich,improve|enhance|augment
enrol,register|join|sign
ensue,result|outcome|consequence
ensure,guarantee|assure|confirm
enter,go|come|join
enterprise,business|company|firm
entertain,amuse|enjoy|delight
entertaining,fun|amusing|interesting
entertainment,amusement|fun|leisure
enthusiasm,excitement|passion|eagerness
enthusiast,fan|lover|supporter
enthusiastic,excited|passionate|eager
entire,whole|total|complete
entirely,completely|totally|fully
entitle,allow|enable|permit
entity,thing|being|object
entrance,entry|door|gateway
entrepreneur,businessman|owner|founder
entry,record|log
envelope,cover|wrapper|package
environment,surroundings|setting|conditions
environmental,natural|ecological|green
epidemic,outbreak|pandemic|outburst
episode,segment|installment|part
equal,same|identical
equality,fairness|justice|parity
equally,alike|similarly|uniformly
equation,formula|problem|question
equip,fit|ready|prepare
equipment,gear|tools|apparatus
equivalent,equal|similar|identical
era,period|age|time
erect,upright|standing|straight
error,mistake|fault|misstep
erupt,burst|explode|outbreak
escalate,increase|worsen|heighten
escape,flee|run|break
especially,particularly|mainly
essay,article|paper|piece
essence,nature|spirit|heart
essential,vital|crucial|necessary
essentially,basically|mainly|primarily
establish,set|create|found
establishment,business|organization|company
estate,property|house|land
estimate,guess|guesswork|approximate
eternal,permanent|endless|everlasting
ethic,moral|right|proper
ethical,moral|right|just
ethnic,racial|cultural|national
euro,dollar|currency|pound
evacuate,leave|flee|remove
evaluate,assess|judge|assess
evaluation,assessment|judgment|review
even,odd|uneven|equal
evening,night|even|twilight
event,happening|incident|occurrence
eventually,finally|ultimately
ever,always|never|forever
every,all|each|any
everybody,everyone|all
everyday,usual|normal|common
everyone,all|everybody
everything,all|anything
everywhere,anywhere|everyplace|all
evidence,proof|testimony
evident,clear|obvious|visible
evil,bad|wicked|cruel
evoke,stir|prompt|trigger
evolution,change|growth|development
evolutionary,natural|progressive|developmental
evolve,change|develop|grow
exact,precise|accurate
exactly,precisely|accurately|correctly
exaggerate,embellish|overstate|stretch
exam,test|quiz|assessment
examination,test|exam|evaluation
examine,study|investigate|look
example,illustration|instance|sample
exceed,surpass|outdo|beat
excellence,quality|superiority|perfection
excellent,superb|outstanding|great
except,excluding|excluding|leaving
exception,error|mistake|fault
exceptional,outstanding|remarkable|extraordinary
excess,surplus|overabundance|surplus
excessive,extreme|overboard
exchange,trade|swap|barter
excited,thrilled|eager|enthusiastic
excitement,thrill|enthusiasm|eagerness
exciting,thrilling|fascinating|interesting
exclude,omit|leave|dismiss
exclusion,omission|bar
exclusive,private|special|select
exclusively,only|solely|alone
excuse,apology|justification|reason
execute,carry|follow|do
execution,carrying|completion|fulfillment
executive,manager|director|leader
exercise,physical|training|workout
exert,apply|strain|push
exhibit,show|display|present
exhibition,show|display
exile,banish|outcast|expel
exist,live|be|stay
existence,being|life|presence
exit,leave|depart|quit
exotic,rare|foreign|strange
expand,grow|increase|enlarge
expansion,growth|increase|enlargement
expect,anticipate|predict|believe
expectation,anticipation|hope|assumption
expected,planned|predicted|anticipated
expedition,journey|mission|venture
expenditure,cost|expense|spending
expense,cost|charge|fee
expensive,costly|pricey|luxurious
experience,event|incident|episode
experienced,skilled|seasoned|versed
experiment,test|trial|study
experimental,test|trial|novel
expert,specialist|professional|skilled
expertise,skill|ability|knowledge
expire,end|lapse|terminate
explain,describe|tell
explanation,description|reason|account
explicit,clear|open|direct
explicitly,clearly|openly|directly
explode,burst|blowup
exploit,use|abuse|misuse
exploitation,abuse|misuse|manipulation
exploration,discovery|investigation|search
explore,investigate|discover|search
explosion,blast|bang|outburst
explosive,powerful|violent|dynamite
export,send|ship
expose,reveal|disclose|show
exposure,risk|danger|hazard
express,fast|quick|swift
expression,statement|phrase|term
extend,expand|increase|enlarge
extension,addition|expansion|increase
extensive,wide|large
extensively,widely|thoroughly
extent,scope|range|size
external,outside|outer
extra,additional|more|further
extract,pull|remove|take
extraordinary,amazing|remarkable|exceptional
extreme,severe|intense
extremely,very|highly
extremist,radical|extreme|fanatic
eye,gaze|sight|view
fabric,cloth|material|stuff
fabulous,great|amazing|super
face,countenance|visage|features
facilitate,help|aid|assist
facility,amenity|equipment|setup
fact,truth|reality|truth
faction,group|party|clique
factor,element|aspect|component
factory,plant|mill|workshop
faculty,staff|department|team
fade,wane|dim|weaken
fail,lose|mistake|blunder
failed,mistake|error
failure,mistake|blunder|error
fair,just|equal|square
fairly,reasonably|somewhat|moderately
fairness,justice|equality|balance
faith,trust|belief|confidence
fake,false|phony|pretend
fall,drop|decline|plummet
false,wrong|mistaken|incorrect
fame,glory|renown|popularity
familiar,known|usual|common
family,kin|relatives|parents
famous,famed|renowned
fan,blower|ventilator|breeze
fancy,smart|stylish|luxurious
fantastic,great|amazing|super
fantasy,imagination|dream|illusion
far,distant|remote
fare,cost|price|charge
farm,field|estate|ranch
farmer,cultivator|gardener
farming,agriculture|cultivating|growing
fascinating,interesting|captivating
fashion,style|trend|look
fashionable,stylish|trendy|chic
fast,quick|swift|rapid
fasten,secure|tighten|lock
fat,plump|obese|overweight
fatal,deadly|lethal|severe
fate,destiny|luck|chance
father,dad|parent|guardian
fault,blame|mistake|error
favour,support|help|assistance
favourable,favorable|helpful|useful
favourite,favorite|loved|beloved
fear,dread|anxiety|terror
feat,feature|aspect|part
feather,plume|down|quill
feature,aspect|attribute|trait
february,march|winter|month
federal,national|central|governmental
fee,cost|charge|price
feed,nourish|supply|provide
feedback,response|reaction|comment
feeding,nourishing|sustaining
feel,sense|notice|perceive
feeling,sensation|emotion|sentiment
fellow,mate|buddy|comrade
female,woman|girl|lady
feminist,feminine|liberal|egalitarian
fence,barrier|hedge|railing
festival,celebration|party|fair
fever,illness|infection|sickness
few,little|small|scant
fibre,string|thread|fiber
fiction,story|novel|fantasy
field,ground|area|plot
fierce,wild|brutal|ferocious
fifteen,thirteen|fourteen
fifth,last|next|sixth
fifty,half|dozen|score
fight,battle|struggle|clash
fighting,battling|struggling|clashing
figure,shape|form|image
file,document|record|paper
fill,complete|pack
film,movie|picture|cinema
film-maker,director|cinematographer|producer
filter,screen|block|blocker
final,last|ultimate
finally,atlast|eventually|lastly
finance,money|banking|accounting
financial,monetary|economic|money
find,discover|locate|spot
finding,discovery|search|location
fine,good|nice|excellent
finger,digit|toe|thumb
finish,complete|end|stop
fire,flame|blaze|heat
firearm,gun|weapon|pistol
firefighter,bravest|rescuer|hero
firework,explosion|display|burst
firm,solid|stable|strong
firmly,stably|steadily|solidly
first,initial|primary|primary
firstly,initially|primarily|mainly
fish,seafood|fishes|sea
fishing,angling|angling|angling
fit,healthy|suitable|tight
fitness,health|shape|condition
five,
fix,repair|mend|patch
fixed,firm|stable|secure
fixture,equipment|fitting|installation
flag,banner|symbol|sign
flame,fire|blaze|spark
flash,glow|spark|burst
flat,level|plain|apartment
flavour,taste|flavor|savor
flaw,fault|blemish|defect
flawed,defective|imperfect|faulty
flee,run|escape
fleet,armada|squad|regiment
flesh,meat|fleshly|body
flexibility,adaptability|mobility|versatility
flexible,adaptable|versatile|pliable
flight,journey|travel|trip
float,drift|hover|swim
flood,deluge|inundation|overflow
floor,ground|level|surface
flour,meal|powder|dough
flourish,thrive|prosper|grow
flow,stream|current|movement
flower,bloom|plant|blossom
flu,cold|fever|influenza
fluid,liquid|smooth|slippery
fly,soar|hover|float
flying,soaring|gliding|floating
focus,attention|priority|emphasis
fold,crease|bend|crease
folding,bending|creasing|creasing
folk,people|nation|community
follow,adhere|obey|comply
following,next|after|behind
fond,sweet|kind|affectionate
food,nourishment|cuisine|meals
fool,idiot|simpleton|moron
foot,leg|ankle
footage,film|clips|shots
football,soccer|rugby
for,on|in|with
forbid,prohibit|ban|stop
force,pressure|strength|power
forecast,prediction|estimate
foreign,alien|strange|outsider
foreigner,stranger|outsider|alien
forest,woods|trees|woodsland
forever,always|eternally|permanently
forge,make|create|shape
forget,misplace|lose|overlook
forgive,pardon|forget|excuse
fork,spoon|knife|tine
form,shape|figure|outline
formal,official|proper|polite
format,style|layout|shape
formation,creation|development|growth
former,past|previous|old
formerly,previously|earlier|before
formula,equation|rule|method
formulate,plan|develop|create
forth,forward|ahead|onward
forthcoming,upcoming|coming|near
fortunate,lucky|favourable
fortunately,luckily|happily|luckily
fortune,luck|wealth|prosperity
forty,fourty|forties|fortyish
forum,discussion|debate|meeting
forward,ahead|onwards|forth
fossil,remains|relic|remnant
foster,encourage|support|help
found,discovered|located|seen
foundation,base|ground|basis
founder,creator|initiator|starter
four,fourth|quadruple
fourteen,four|thirteen|fifteen
fourth,last|final
fraction,part|segment|portion
fragile,delicate|weak|brittle
fragment,piece|snippet|sliver
frame,border|outline|enclosure
framework,structure|system|basis
franchise,business|chain|license
frankly,honestly|sincerely|truthfully
fraud,deceit|scam|cheat
free,liberated|loose|open
freedom,liberty|rights|autonomy
freely,voluntarily|spontaneously|unrestrictedly
freeze,chill|cool|ice
frequency,rate|speed|pace
frequent,often|regular|common
frequently,often|regularly|usually
fresh,new|recent|cool
friday,saturday|weekend|day
fridge,refrigerator|chiller|freezer
friend,mate|buddy|pal
friendly,kind|nice|gentle
friendship,friend|buddy|pal
frighten,scare|fright|startle
frightened,scared|afraid|terrified
frightening,scary|terrifying|alarming
frog,toad|tadpole|newt
from,out|away|off
front,fore|leading|main
frozen,icy|chilled|frosty
fruit,produce|vegetable|crop
frustrated,angry|fed|irritated
frustrating,annoying|irksome|infuriating
frustration,anger|exasperation|disappointment
fry,cook|roast|grill
fuel,gas|power|energy
fulfil,fulfill|complete|satisfy
full,complete|entire|whole
full-time,permanent|regular|constant
fully,completely|entirely|totally
fun,amusement|entertainment|enjoyment
function,task|job|role
functional,useful|effective|practical
fund,money|resource|capital
fundamental,basic|essential|primary
fundamentally,essentially|basically|mainly
funding,money|support|finance
fundraising,collecting|gathering|raising
funeral,service|obituary|ceremony
funny,amusing|comical|humorous
fur,hair|coat|hairy
furious,angry|enraged|irate
furniture,fittings|furnishings|fixtures
further,more|farther|additional
furthermore,additionally|moreover|also
future,coming|upcoming|next
gain,profit|advantage|benefit
gallery,museum|exhibition|display
gallon,barrel|jug|container
gambling,betting|wagering|gaming
game,play|fun|amusement
gaming,playing|entertainment|fun
gang,mob|crew|group
gap,space|hole|crack
garage,shed|barn|outbuilding
garden,yard|park|plot
gas,fuel|air|vapour
gate,door|entrance|entranceway
gather,collect|assemble|meet
gathering,meeting|assembly|collection
gay,homosexual|queer|bisexual
gaze,stare|glance|look
gear,equipment|gadget|machine
gender,sex|sexuality|identity
gene,trait|character|feature
general,common|overall|universal
generally,usually|often|normally
generate,produce|create|make
generation,era|period|age
generic,common|general|standard
generous,kind|magnanimous|charitable
genetic,hereditary|inherited|natural
genius,brilliant|clever|talented
genocide,massacre|slaughter|murder
genre,category|style|type
gentle,kind|soft|mild
gentleman,man|gent|chap
genuine,authentic|real|true
genuinely,honestly|sincerely|truly
geography,map|place|location
gesture,signal|movement|action
get,obtain|acquire|fetch
ghost,specter|apparition|phantom
giant,huge|enormous|massive
gift,present|offer|present
gig,job|task|assignment
girl,child|maid|lass
girlfriend,partner|girl|lover
give,offer|provide|share
glad,happy|pleased|cheerful
glance,look|glimpse|peek
glass,bottle|vase|container
glimpse,view|sight|peek
global,worldwide|universal|international
globalization,internationalization|global|worldwide
globe,world|earth|sphere
glorious,great|splendid|magnificent
glory,honor|praise|fame
glove,mitt|gantlet|mitten
go,move|walk|run
goal,target|objective|aim
god,deity|divine|almighty
gold,wealth|treasure|riches
golden,valuable|precious|costly
golf,sports|game|pastime
good,nice|great|excellent
goodbye,farewell|bye|adieu
goodness,kindness|niceness|good
goods,merchandise|commodities|products
gorgeous,beautiful|stunning|attractive
govern,control|manage|lead
governance,management|control|leadership
government,administration|authority|regime
governor,leader|official|ruler
grab,catch|seize|snatch
grace,kindness|mercy|favor
grade,mark|level|rating
gradually,slowly|steadily|slightly
graduate,student|alumni|scholar
grain,seed|particle|crumb
grand,large|great|big
grandfather,father|dad|grandad
grandmother,mother|aunt|nana
grandparent,parent|ancestor|elder
grant,allow|give|bestow
graphic,visual|picture|image
graphics,art|design|pictures
grasp,catch|hold|seize
grass,hay|herb|weed
grateful,thankful|appreciative|pleased
grave,serious|sad|severe
gravity,weight|pull|force
great,good|excellent|super
greatly,extremely|significantly|considerably
green,olive|lime
greenhouse,conservatory|glasshouse|sunhouse
greet,welcome|meet|salute
grey,gray|black|dark
grid,matrix|network|lattice
grief,pain|sorrow|sadness
grin,smile|beam|giggle
grind,rub|mash|crush
grip,hold|clutch|grasp
grocery,market|store|shop
gross,coarse|crude|vulgar
ground,earth|soil|base
group,team|crew|gang
grow,increase|expand|develop
growth,increase|expansion|development
guarantee,assurance|promise|pledge
guard,watch|protect|defend
guerrilla,insurgent|rebel|militant
guess,predict|estimate|think
guest,visitor|stranger|customer
guidance,advice|direction|help
guide,leader|helper|mentor
guideline,rule|standard|norm
guilt,shame|regret|remorse
guilty,responsible|ashamed|blameworthy
guitar,strings|instrument|lute
gun,firearm|pistol|weapon
gut,stomach|belly|intestine
guy,man|fellow|chap
gym,gymnasium|fitness|studio
habit,custom|routine|practice
habitat,environment|home|place
hail,rain|storm|shower
hair,locks|mane|strands
half,mid|middle|part
halfway,midpoint|middle|centre
hall,room|lobby|corridor
halt,stop|pause|cease
hand,fist|palm|grip
handful,batch|lot|portion
handle,grip|manage|control
handling,management|control|care
handy,useful|helpful|convenient
hang,suspend|dangle|cling
happen,occur|take
happily,cheerfully|joyfully|merrily
happiness,joy|cheer|bliss
happy,cheerful|joyful|glad
harassment,bullying|teasing|torment
harbour,port|shore|dock
hard,difficult|tough|rough
hardly,scarcely|barely|slightly
hardware,equipment|machinery|tools
harm,damage|injure|hurt
harmful,dangerous|hazardous
harmony,unity|balance|concord
harsh,severe|tough
harvest,gathering|reaping|collecting
hat,cap|bonnet|headgear
hate,loathe|detest|abhor
hatred,anger|hate|loathing
haunt,frighten|scare|spook
have,hold|keep|possess
have to,must|need|should
hazard,risk|danger|peril
he,him|it
head,brain|top|front
headache,pain|ache|throb
headline,title|heading
headquarters,office|base|center
heal,cure|fix|mend
health,wellness|fitness|wellbeing
healthcare,medicine|treatment|care
healthy,well|fit|sound
hear,listen|perceive
hearing,listening|speech|audition
heart,soul|spirit|core
heat,warmth|fire|hot
heating,warming|hotting
heaven,sky|paradise|bliss
heavily,thickly|deeply|strongly
heavy,weighty|thick|solid
heel,back|base|bottom
height,tallness|size|length
heighten,increase|raise|elevate
helicopter,plane|chopper|copter
hell,purgatory|inferno|damnation
hello,hi|greeting|welcome
helmet,cap|headgear|mask
help,aid|assist|support
helpful,useful|helping|useful
hence,therefore|thus|so
her,she|hers
herb,plant|leaf|green
here,now|this|near
heritage,tradition|legacy|history
hero,champion|brave|legend
hers,herself|her|its
herself,hers|she
hesitate,delay|pause|doubt
hey,hi|hello|greetings
hi,hello|hey|greetings
hidden,secret|concealed|private
hide,conceal|cover|secret
hierarchy,structure|chain|order
high,tall|great|excellent
high-profile,famous|prominent|notable
highlight,emphasize|accent|stress
highly,very|extremely|greatly
highway,road|freeway|motorway
hilarious,funny|amusing|comical
hill,mound|slope|rise
him,he|himself|it
himself,him|herself|themselves
hint,tip|clue|suggestion
hip,joint|thigh|rump
hire,rent|lease|engage
his,its|their
historian,scholar|researcher|expert
historic,old|famous|important
historical,past|old|classic
history,past|record|story
hit,strike|smack|bash
hobby,pastime|interest|leisure
hockey,ice|stick|field
hold,keep|grasp|clutch
hole,pit|crater|dent
holiday,vacation|break|leave
hollow,empty|vacant|void
holy,sacred|pure|moral
home,house|abode|dwelling
homeland,country|nation|home
homeless,poor|migrant|stray
homework,assignment|task|study
honest,truthful|sincere|genuine
honesty,truth|sincerity|integrity
honour,respect|pride|dignity
hook,catch|claw|latch
hope,faith|trust|optimism
hopeful,optimistic|positive|cheerful
hopefully,optimistically|positively
horizon,skyline|edge|border
horn,antler|peak|corner
horrible,awful|terrible|bad
horror,fear|terror|scare
horse,steed|mare|pony
hospital,clinic|infirmary|sanitarium
host,guest|server|provider
hostage,prisoner|captive|detainee
hostile,aggressive|angry|mean
hostility,anger|aggression|hate
hot,warm|heated|scorching
hotel,inn|motel|resort
hour,time|minute|period
house,home|building|dwelling
household,family|home|family
housing,accommodation|lodging|shelter
how,what|which|why
however,nevertheless|still|anyway
huge,enormous|massive|giant
human,person|mortal|being
humanitarian,charitable|altruistic|generous
humanity,humankind|people|mankind
humble,modest|moderate|meek
humorous,funny|amusing|comical
humour,fun|amusement|joke
hundred,dozen|score|lot
hunger,thirst|craving|appetite
hungry,starving|famished|ravenous
hunt,chase|pursue|track
hunting,chasing|pursuing|tracking
hurricane,storm|cyclone|typhoon
hurry,rush|haste|speed
hurt,pain|injure|damage
husband,partner|spouse|mate
hydrogen,gas|fuel|element
hypothesis,guess|theory|idea
i,me|myself
ice,frost|frozen|glacier
ice cream,sorbet|frozen|dessert
icon,image|picture|symbol
id,name|label|tag
idea,thought|concept|scheme
ideal,perfect|best
identical,same|exact|alike
identification,proof|name|label
identify,recognize|know|discover
identity,personality|character|self
ideological,political|idealist|extremist
ideology,philosophy|doctrine|beliefs
idiot,fool|simpleton|moron
if,when|unless|provided
ignorance,stupidity|obliviousness
ignore,disregard|overlook|dismiss
ill,sick|unwell|sore
illegal,unlawful|prohibited|forbidden
illness,sickness|disease|ailment
illusion,deception|trick|delusion
illustrate,explain|describe|depict
illustration,picture|image|drawing
image,picture|photo|picture
imagery,pictures|images|scenes
imaginary,fantastic|dreamy|fictional
imagination,fantasy|vision|dream
imagine,picture|envision|picture
immediate,instant|quick|prompt
immediately,quickly|soon|instantly
immense,huge|enormous|massive
immigrant,migrant|settler|refugee
immigration,migration|arrival|settlement
imminent,near|close|upcoming
immune,resistant|protected|safe
impact,effect|influence|result
impatient,irritable|frustrated|eager
implement,execute|carry|enforce
implementation,execution|practice|application
implication,meaning|consequence|result
imply,suggest|hint|mean
import,bring|fetch|obtain
importance,priority|value|significance
important,key|crucial|vital
impose,enforce|impart|force
impossible,unreal|unlikely|impractical
impress,influence|imprint|affect
impressed,amazed|surprised
impression,effect|impact|imprint
impressive,remarkable|amazing
imprison,jail|lockup|detain
imprisonment,jail|detention|captivity
improve,enhance|better|boost
improvement,betterment|enhancement|upgrade
in,inside|within|among
inability,weakness|failure|deficiency
inadequate,insufficient|incomplete|poor
inappropriate,improper|inadequate|unsuitable
incentive,reward|motivation|encouragement
inch,foot|hand|finger
incidence,rate|frequency|occurrence
incident,happening|event|accident
inclined,biased|partial|leaning
include,contain|involve|encompass
included,added|featured
including,likewise|also|too
inclusion,acceptance|welcome|integration
income,earnings|wages|salary
incorporate,include|merge|combine
incorrect,wrong|mistaken|false
increase,boost|rise|grow
increasingly,more|frequently|often
incredible,amazing|fantastic|awesome
incredibly,amazingly|extremely|remarkably
incur,get|contract|acquire
indeed,certainly|really|actually
independence,freedom|autonomy|liberty
independent,free|autonomous
index,pointer|key|reference
indicate,show|signal|point
indication,hint|sign|signal
indicator,signal|sign|marker
indictment,charge|accusation|blame
indigenous,native|aboriginal|local
indirect,roundabout|oblique|secondary
individual,person|personnel|single
indoor,home|house|interior
indoors,inside|in|home
induce,cause|bring|create
indulge,treat|enjoy|savor
industrial,mechanical|factory|manufacturing
industry,business|manufacturing|trade
inequality,unevenness|disparity|difference
inevitable,certain|fated|destined
inevitably,certainly|definitely|necessarily
infamous,notorious|famous
infant,baby|child|toddler
infect,contaminate|pollute|spread
infection,disease|illness|sickness
infer,deduce|guess|imagine
inflation,rise|increase|devaluation
inflict,hurt|cause|impose
influence,power|control|impact
influential,powerful|important|influencing
info,data|facts|details
inform,tell|notify|advise
informal,casual|friendly|relaxed
information,data|news|facts
infrastructure,system|network|foundation
ingredient,component|part|element
inhabitant,resident|dweller|settler
inherent,natural|inborn
inherit,receive|obtain|get
inhibit,stop|block|halt
initial,first|primary|beginning
initially,firstly|previously
initiate,start|begin|launch
initiative,project|plan|effort
inject,introduce|insert|put
injection,shot|dose|infusion
injure,hurt|damage|harm
injured,hurt|damaged
injury,harm|damage|hurt
injustice,unfairness|wrongdoing|inequality
ink,dye|paint|tint
inmate,prisoner|jailbird|convict
inner,innermost|central
innocent,pure|harmless|guiltless
innovation,improvement|change|progress
innovative,new|creative|original
input,data|information|feedback
inquiry,question|investigation|enquiry
insect,bug|invertebrate
insert,put|place|add
insertion,addition|insert|placement
inside,within|in
insider,informant|associate|colleague
insight,understanding|knowledge|perception
insist,demand|require|assert
inspect,check|examine|look
inspection,check|examination|review
inspector,investigator|examiner|checker
inspiration,motivation|idea|spark
inspire,motivate|encourage|stimulate
install,put|place|set
installation,setup|fitting
instance,case|example|situation
instant,quick|fast|swift
instantly,quickly|fast|swift
instead,further|more|else
instinct,hunch|gut
institute,school|college|academy
institution,organization|establishment|facility
institutional,official|formal|organized
instruct,teach|train|guide
instruction,direction|guidance|advice
instructor,teacher|trainer|coach
instrument,tool|device|equipment
instrumental,useful|helpful|practical
insufficient,inadequate|short|little
insult,slur|jibe|snub
insurance,coverage|protection|guarantee
intact,whole|complete|untouched
intake,ingestion|consumption|uptake
integral,essential|crucial|vital
integrate,unite|merge|join
integrated,combined|unified|merged
integration,combination|merging|unification
integrity,honesty|sincerity|trustworthiness
intellectual,smart|intelligent|clever
intelligence,smartness|wisdom|cleverness
intelligent,smart|clever
intend,mean|plan|aim
intended,planned|meant|aimed
intense,strong|powerful|severe
intensify,increase|strengthen|boost
intensity,strength|force|power
intensive,strong|intense|severe
intent,aim|purpose|goal
intention,plan|aim|purpose
interact,meet|talk|engage
interaction,communication|contact|exchange
interactive,engaging|involved
interest,attention|concern|curiosity
interested,curious|concerned|involved
interesting,fascinating|amusing|engaging
interface,surface|boundary|link
interfere,meddle|interrupt|hinder
interference,hindrance|obstacle|obstruction
interim,temporary|temporary|acting
interior,inside|inward|inner
intermediate,middle|average|mid
internal,private|inner|hidden
international,global|worldwide|universal
internet,network|web|system
interpret,explain|translate|understand
interpretation,meaning|explanation|translation
interrupt,stop|halt|pause
interval,gap|space|break
intervene,interrupt|interfere|meddle
intervention,action|help|interference
interview,talk|question|meeting
intimate,close|private|personal
into,in|inside|within
intriguing,fascinating|interesting|captivating
introduce,mention|show|present
introduction,start|beginning|launch
invade,attack|occupy|infiltrate
invasion,attack|raid|assault
invent,create|make|design
invention,creation|discovery|innovation
invest,spend|put|commit
investigate,examine|probe|look
investigation,probe|inquiry|enquiry
investigator,detective|researcher|examiner
investment,purchase|buyout|acquisition
investor,backer|financier|capitalist
invisible,secret|hidden
invitation,offer|request|bid
invite,ask|request|bid
invoke,call|use|apply
involve,include|participate
involved,participated|engaged|connected
involvement,participation|influence
iron,steel|metal|copper
ironic,funny|amusing|sarcastic
ironically,funny|surprising|odd
irony,sarcasm|hypocrisy|contradiction
irrelevant,unrelated|irrational|meaningless
island,shore|coast|reef
isolate,separate|single|alone
isolated,alone|separate|single
isolation,loneliness|solitude|separation
issue,problem|matter|concern
it,this|that|something
item,thing|object|article
its,hers|their
itself,it|self|same
jacket,coat|vest|blazer
jail,prison|penitentiary|lockup
jam,preserve|marmalade|spread
january,month|winter
jazz,swing|blues|music
jeans,trousers|pants|denims
jet,plane|aircraft|helicopter
jewellery,jewels|ornaments|trinkets
job,work|task|duty
join,unite|connect|link
joint,union|link|connection
joke,prank|humor|funny
journal,diary|log|record
journalism,reporting|writing|coverage
journalist,reporter|writer|correspondent
journey,trip|adventure|travel
joy,happiness|cheer|delight
judge,arbitrator|referee|arbiter
judgement,decision|verdict|opinion
judicial,legal|courtly|official
juice,liquid|drink|nectar
july,summer|month|august
jump,leap|bound|spring
junction,intersection|crossing|meeting
june,summer|month|season
junior,younger|smaller|lesser
jurisdiction,authority|power|control
jury,panel|panelists|members
just,fair|right|proper
justice,fairness|equality|righteousness
justification,reason|excuse|cause
justify,explain|defend|support
keen,sharp|eager|enthusiastic
keep,hold|save|retain
key,button|lock|switch
keyboard,typewriter|computer|console
never,rarely|seldom|hardly
thunder,storm|clap|crash
conversely,opposite|contrary|otherwise
price,cost|charge|fee
price,cost|rate|fee
